NA21142_FOCAD1	4351,4390,4351,3976,3983,4360
NA20858_FOCAD1	4392,3974,4373,4369,4336,4396,4370
NA21114_FOCAD1	4340,4371,4369,3972,4349,4381,4355,3985,4371,4384,4346,4359,4352,3990,3992,4360
NA20813_FOCAD1	4355,4292,4363,4354,3991,3987,4350,4312,3995
NA21102_FOCAD1	4340,4335,3909,4226,3988,3955,4355,3913,3983,4398,3998,4002,3989,4397,4364,3990,3992
NA20810_FOCAD1	4341,4370,4320,4008,2324,3253,3979,4375,3980,3695,4369,3976
NA20846_FOCAD1	4391,4358,4371,3953,4578,3954,3975,4262
NA20822_FOCAD1	3983,3991,3984,3668,3979,3985,4014,3977,4013,3984,4003
NA20847_FOCAD1	4280
NA20820_FOCAD1	3991,4373
NA20852_FOCAD1	3948,3978,3965,4007,3968,3945,3918,3982,3987,3971,3987
NA20853_FOCAD1	3980,3975,3973,4013,3994,3989,3981,3980,3984,3987
NA21127_FOCAD1	3978,4015,3995,3995,3988,3995
NA21126_FOCAD1	3990,4375,4368,4197,3981,4397,4002,3996
NA21120_FOCAD1	3919,3995,3603,3984,3964,3964,3851,3997,3997,3986,3971
NA21118_FOCAD1	3944,3981,3984,3999,3037,3998,4009,3903,3995,3976,3992,4332,4378,4366,3980
NA21117_FOCAD1	4154,4233,4283,4360,4213,4353,4386,4049,4262
NA21103_FOCAD1	3959,3932,4016,3995,3932,3977,3860,3990,3988,3996,3933,3966,3950,3929
NA21124_FOCAD1	3783,4374,3807,-14663,3783,4377,4382
NA21110_FOCAD1	3975,3815,3959,3893,3946,3979,3841,3969
NA21111_FOCAD1	3991,3964,3694,3993
NA21113_FOCAD1	4356,4394,4366,4363,4423,4368,4367,4279,3969,4338,3973,3992,4073,3925,4339,4007
NA20801_FOCAD1	3994,3960,3968,4023,3961,4291,3972,3977,3990,3975,3997,3949
NA20505_FOCAD1	4312,4581,4385,4570,4514,4372,4315,4352,4345,4153
NA20795_FOCAD1	4003,3967,3981,3960,3981,3927
NA20805_FOCAD1	3980,4365,3351,3932,3978,3985,4383,4373,4340,3999,4330,4388
NA20534_FOCAD1	4161,3937,4194
NA20532_FOCAD1	4002,3988,3979,4000,3936,3959,3973,3988
NA20536_FOCAD1	4380,4342,3983,3941,3968,3916,3512,4342,4339
NA20757_FOCAD1	4357,4352,4198,3713,4306,3932,3970,4368,3980
NA20538_FOCAD1	4332,4275,3988,3990,4366,3981,3572,4360,4330,4377,4332
NA20539_FOCAD1	4010,3462,3963,3990,3904,4560,4507,4554,4511,3981,4551,4606,4006,4560
NA20540_FOCAD1	4358,3846,4412,4362,4355
NA20787_FOCAD1	3956,3929,4003,3988,3992,3978
NA20769_FOCAD1	3912,3964,3988,3938,3983,3978,3951,3985,3985,3951,3951
NA20778_FOCAD1	4226,4060,3972,4356
NA20775_FOCAD1	3985,3964,3957,3967
NA20588_FOCAD1	3985,3993,3949,3986,3956,3999,3914,3615,3986,4002,3974,3990
NA20585_FOCAD1	4380,4360,4362,4394
NA20753_FOCAD1	3969,3994,3957,3973,3989,3981,3975,4008,3988,3968,3992,4008,3989,3984,3927
NA20587_FOCAD1	3984,3973,3869,3979,3981,4000,4001,3974,3995,3920,4536,4013
NA20762_FOCAD1	3975,3847,3978
NA20764_FOCAD1	3993,3997,3816,3903,3952,3973,3970,3947,4005,3844,3919,3296
NA19909_FOCAD1	4340,4349,3984,4387,3928,4232,4344,3943,-4834,3634,3849,4357,4374,3991
NA20761_FOCAD1	3956,3979,4011,3844,3940,3978
NA20503_FOCAD1	3975,3951,3983,3995,3975,3807,3973,4012
NA20504_FOCAD1	3971
NA20278_FOCAD1	4316,3901,3991,4347,3908,4363,4382,4356,3561,4362,3942,4358,3966,4283,4327,3939
NA20281_FOCAD1	4359,4316,4362,3957,3956,4377,4339,3617
NA20336_FOCAD1	-58738,3935,3958,4314,4003,4377,4000,3995,3988,4003,4383,4386,3984,4328
NA20346_FOCAD1	3985,3977,3354,3989,3980,3959,3970,3986,3899,3934,3990,3925,3944,3960
NA20348_FOCAD1	4339,4250,3995,4346,4003,4058,4385,4336,4004,4007,3968,3993
NA20127_FOCAD1	3952,3961,3970,3991,3990,3979,3991,3989,4000,4019,3933,3929,3900,3959,3976,3975,3977,3988,3997,1981
NA20342_FOCAD1	4024,3904,4009,3986,3966,3997,3988,3976,3917,3980
NA20276_FOCAD1	4454,3946,3933,3914,4495,4504,3972,3983
NA19921_FOCAD1	3952,3802,3991,3899,3968,3446,3908,3965,3972,3978,4353,3932,3963,3959,3981,4356
NA19916_FOCAD1	3958,3971,4577,4006,4441,4519,3967,3980,3953
NA19985_FOCAD1	3923,3995,3984,3975,3968,3987,3937,3948,4002
NA20334_FOCAD1	4368,4315,4354,3981,3966,4239,4351,3976,4320,4299,4353,3986,4349,3868,4333,3941,4320,4366,4288,4354,3970,3965
NA20526_FOCAD1	4392,4378,4367,4381,4389,4345,4251,4243,4375
NA20520_FOCAD1	3967,3997,3942,3956,3977,3838,3982,3913,3758,3977,3573
NA20525_FOCAD1	3960,3969,4031,3964,3983,3733,4355,3974,3954,4364,4315,3983,4327,4321,4327,4263,3980
NA20530_FOCAD1	3964,3959,3994,3971,4007,3970,4001
NA20514_FOCAD1	3980,3970,3967,3342,4364,4355,4335
NA19901_FOCAD1	4345,4380,4291,4386,4387,4343,4335,4275,4350,4108
NA19904_FOCAD1	4547,4540,4518
NA20531_FOCAD1	4303,3982,4361,4295,4368,4309,3976,3995,4335,4371,3966
NA20289_FOCAD1	3613,4328,4261,4371,3898
NA19908_FOCAD1	4344,4382,3964,4353,2160,4375
NA20332_FOCAD1	3704,3719,4284,4217,4358,4386,3964,3895,4481,3933,2608,3995
NA20847_ASB1	1995,1991,1966,2000,1964,1984,1991,1988,1997,1974,2000
NA20359_FOCAD1	3986,3990,3962,3994,3998
NA20356_FOCAD1	4368,4316,4336,4344,4382,4375,4356,4309
NA20357_FOCAD1	4370,4383,3994,4002,4356,4391,3993,3986,4389,4357,3933,4007,4328
NA20363_FOCAD1	3919,3982,3783,9795,3988,3962
NA20314_FOCAD1	4350,4394,4348,4342,4341,4370,4325,4374,4358,4342,4298,4317
NA20294_FOCAD1	3969,4172,4149,4050,4136,4173,4198,3990,3992,3923,4121,3963,3796
NA20298_FOCAD1	3972,3999,4027,4027,3962,3968,3979,4011,3979
NA19834_FOCAD1	3991,3971,3983,3972,3986,3942,3973,3970,3917,3984,3990
NA19835_FOCAD1	3970,3911,4331,3947,4280,4012,3993,3736,4365,4369,4183,3447,4294,3911,4316,3961,3964,4381,3911,4352,4805,3932,4188,3980,4307,4335
NA19900_FOCAD1	4337,3981,4371,4308,3742,3987,4312,4331,3870,3964,3966,3952,4355
NA19789_FOCAD1	3984
NA19818_FOCAD1	4531,4546,3986,3917,4556,4581,4518,4487
NA19828_FOCAD1	4580,4551,3974,3863,3983,4557,3934
NA19819_FOCAD1	3976,3824,3911,3981,3972,3706,3960,3984,3970,3989,3946,3892,3846
NA20795_ASB1	3304,2006,1965,1980,1988,1996,3314
NA21111_ASB1	1959,2149,2166,2160,2013,2000,2162,2156,2015
NA20813_ASB1	2459,2446,2433,2442,2434
NA21101_FOCAD1	4014,3994,3993,3995,3991,3955,4004,4005,3975,3951,3986,3972,3922,3980,3976,3956,3971,3954,3974,3959,3995,3949,4003,3989,3991,3989,3954,3875,3986,3980,3998
NA21099_FOCAD1	4388,4368,4368,4234,4369,4344,4060,4418,4328,4362,4403,4343,4360,4365,4368,4054
NA20901_FOCAD1	3906,3971,3729,3983,4008,3953,4011,3980,3958,3839
NA21098_FOCAD1	4351,4350,4363,3973,4384
NA20900_FOCAD1	4022,4344,3986,4327,4354,4350,4372,4382,4367,3959,4359,4349,3663,3788,-12561,3907,4325,4281,4327,4354,4338,4249,4355,3928,4368,4355,4349,4266,4267,3964
NA20810_ASB1	1993,1995,1992,1998,1936,1993
NA20852_ASB1	2438,2434,2038,2446,1997,2446
NA20899_FOCAD1	4343,3997,4327,4355,4379,3982,3988,3985,3978,4278,3984,4362,4372,3988,3926,4331,3992,4358,3978,4346,4314,3993,4328,3539,3960,4368
NA20893_FOCAD1	3981,3922,3998,3829,3950,3949,3930,3935,3996,3954,3993,4000,3978,3973,3980
NA20898_FOCAD1	3992,4361,3971,3970,3947,3919,3909,3957,3992,3953,3951,4357,4358,3964,3988,3958
NA20896_FOCAD1	3961,3853,3920,3969,3953,3967,3963,3948,3990,3971,3991
NA20505_ASB1	2419,2437,2435,2442,2375,2424
NA20761_ASB1	1957,1989,1990,1987,1948,1999,1994,1976
NA20822_ASB1	2439,1993,1977,1989,1991,1960,2422,2437,2381,2448,2020
NA20888_FOCAD1	3985,4334,3997,4346,4363,3557,4386,4001,3958,4061,4293,3016,3877,3984,4381,3941,4298,4351,4343,3971,3918,3972,3967,3968
NA20890_FOCAD1	3974,4368,3956,4360,4358,4290,3990,4320,3692,3979,3955,4293,4376,3756,4398,3953,3887,3879
NA21110_ASB1	2013,2003,2316,1993,2003,1997,1980,2462,1989,2397,1996,2452
NA20805_ASB1	1982,1995,1984,2435,2374,1991,1999,1996,2424,1980,2427,1994
NA20847_CLASP1	3000,2940,2990,2999,2960,2996,2562,2958,2966,3006,3001,2967,3007,2986,2751,2986,3003,3003
NA20867_FOCAD1	3949,3956,3976,3981,3903,4022,3986,3965,3796,3395,4011,3985,4011,3993,3986,3984,3997,3931,3982,3913,3970,3976
NA20883_FOCAD1	3982,4349,3468,4362,3949,4350,4339,4320,4008,4375,4362,3991,3900,3985
NA20858_ASB1	2435,2433,2437,2452,2426
NA20885_FOCAD1	3975,3975,4388,4359,3259,3990,4303,4011,3882,4277,4378,4356,4351,4269
NA20876_FOCAD1	-27060,4231,4371,4334,4178,3573,4366,4155,4388,4354,4360,4153,5689,4368,4322,4356,4358
NA20873_FOCAD1	3966,3960,3969,3979,3992,3975
NA21142_ASB1	2433,1991,2423,2000,1984,2432,1999,2450,2422,2438
NA20820_ASB1	2003,2004,1992,2009,2003
NA20585_ASB1	2003,2005,1979,1985,1986,1996,2005
NA20314_ASB1	1967,1666,1985,1979,1979,1818,1972,1988,1994,928,1980
NA20866_FOCAD1	3904,4008,3934,3990,3874,3967,3969,3992,3965,3984,3948,3995,3988,3988,3966,3945,3952,3971
NA20861_FOCAD1	3979,3981,3949,3819,4365,-23508,3958,4355,3986,4341,4216,4362,3979,4338,4356,3999,3980,4330,4009,4000,4093,4311,4004,3943,4327
NA20863_FOCAD1	3892,3997,3965,3995,3995,3967,3964,3927,3963,3989,3918
NA20761_CLASP1	2971,2905,2977,3005,2967,2970,2990,2988,2976,2990,2618,3002,2991,2994,2993,2959,2992,2980,2965
NA21111_CLASP1	2968,3001,3009,2601,2992,2996,3000,2981
NA20505_CLASP1	2896,2965,2998,2954
NA21103_ASB1	1994,1961,2007,1972,2006,1980,1990,1999,1978,1990,1998,1997,1931,2042,1988,1980,2007,2004,1987,1947
NA20775_ASB1	1947,1992,2005
NA21113_ASB1	2441,2439,2417,2430,2431,2456,1987,2439,2422,2430,2008,1996,1982,2437,1968,2375,2003,1969,2408,1991,1974,1997,1964,2446,1985,2001,2431,2428,2014,2419
NA20587_ASB1	2394,2413,2432,2430,2423,2444,2403,2394,2460
NA20526_ASB1	2448,2437,1970,2437,1995,2009,1981,1982
NA20762_ASB1	2427,2408,2433,2432,2414
NA21114_ASB1	2010,1984,1994,2443,1991,1915,1981,1926,2432,2430,2460,1993,2397,1991,1982,2003,2425,1977,2002,2446,2007,1985,1984
NA19909_ASB1	2148,2437,2169,2429,2448,1862,2244,2431,2426,2434,2432,2436,2137,2425,2170,2425,2154,2408,2419,2437,2416,2447
NA20787_ASB1	2412,2436,2431,2433,2427,2419,2424,2406
NA20785_FOCAD1	4370,4381,4015,3981
NA20757_ASB1	1982,1995,2003,1987
NA20805_CLASP1	2984,2985,2972,2996,2991,2991,2983,2947
NA20846_ASB1	2417,1998,1948,1973,1996,2400,1976,2002
NA20810_CLASP1	2981,2991,2997,2259,2969,3019,2971
NA20753_ASB1	2003,1989,2005,2010,2005,1956,1959,2007,1992,2032,2003,1987,1994,2001,1992,1999,1970,1989
NA20853_ASB1	1991,1986,2006,1644,1994,1974,1996,2006,2061
NA19908_ASB1	2411,2384,3301,3296,-4208,2433,2419
NA20520_ASB1	2425,2426,2010,2446,1987,2437,2423,1995,2428,2435
NA20504_ASB1	2397,1976,1989,2000
NA20540_ASB1	2020,1986,1990,1983,1991,1984
NA20764_ASB1	1874,1986,1999,2167,2170,1997,2155,1995,2147,2155,2147
NA20359_ASB1	2140,2149,2142,2144,2111,3299,2154,3311
NA19904_ASB1	2308,1994,2323,1999,2276,1983,1990,2322,1985,2295,1988,2003,2317,1995,1997,2301,1980,2301,2273
NA20585_CLASP1	2983,2980,2982,2994,2988
NA20801_ASB1	1998,2025,1888,2005,2004,2004,1949,2009,1818,2005,1978,1867,2018,2004
NA20298_ASB1	3724,3314,3155,3610,3698,3707,3326,3731,3324,3334
NA20769_ASB1	2451,2434,2427,2377,2417
NA20530_ASB1	2432,1990,1884,2419,2002
NA20538_ASB1	2439,1978,1892,1998,2420,1986,2434,1993,1763
NA19828_ASB1	5433,2152,4845,2049,5394,2163,5204
NA19916_ASB1	2161,3933,2158,2138,3959,2142,2156,3874,3936,2147,3952,2146
NA19901_ASB1	2157,1997,1941,2158,2167,1850,1959,1966
NA19921_ASB1	1981,1975,1942,1986,1942,1979,1950,1994,1965,1971,1964,1996
NA21120_ASB1	1974,2450,2447,2442,2435,2000
NA19789_ASB1	1984,1988,1972,2018,1987
NA20363_ASB1	3318,3300,3267,3305,3318,3298
NA20514_ASB1	1933,2414,2001,1955,2434,1997,2434,1986,1997,2439,2437,2430,2423,1981,2427,1971,1989
NA21103_CLASP1	3015,3014,3161,2994,3139,2997,2997,3000,2982,3138,3161,3016,2961,3170,2997,3096
NA20846_CLASP1	2991,2502,3012,2974,2981,2958,3000,2994,2942,2932,2977,2985,2966,2946,2986,2969
NA20531_ASB1	2436,2432,1945,2004,2023,1998,2408
NA19834_ASB1	2429,2440,2552,2432,2587,2000,2421,1847,2532,2311,2447,2439,2578,2581,1957
NA21127_ASB1	2008,1998,1995,1984,2003,1982,1988,1994,1986,1998,1980,2005,1988,2000,1995
NA20588_ASB1	2007,2006,1998,2439,2432,2450,1979
NA20520_CLASP1	2980,3098,2966,2934,2987,2396,2671,3134,3105,3151,3089,3134,3105,2977,3137
NA21126_ASB1	1993,1993,2448,1994,2445,2011,2435,2453,2435,1987,1980
NA20530_CLASP1	2942,2910,2943,2994,2933,2992,1650,2973,2983,3000,2984
NA20525_ASB1	2434,2433,3318,2384,2422,3316,3310,2368,2431,2437,2437,3318,2435,3300,2433,3302
NA20504_CLASP1	2995,2981
NA21113_CLASP1	2979,2985,2987,2990,2989,2939,2993,2997,2937,2999,2998,2999,2984,2979,3004,2978,2989,3018,3009,2994,2995,2922,2924,2994,3000,2768,3006,2974,2981
NA20852_CLASP1	2978,3160,2990,2982,3167,3150,3151,3144,3177,2963
NA20276_ASB1	1986,2397,1967,2012,1977,1794,2448,2431,2403,1956,2439,2440
NA20813_CLASP1	2995,2998,2970,2987,2995,2972,3004,2997,2981,2963,2988,2995,3011,3000,2997,3004
NA19818_ASB1	2273,2291,2282,2167,2267,2276,2133,2160,1769
NA20822_CLASP1	2986,2954,3006,2988,2989,2970,2998
NA20801_CLASP1	2920,2997,2983,2980,2986,3016,2955,2926,2991,2959,2996,2963,3009,2950,2992,2985,2937,2377
NA19909_CLASP1	3009,2952,3153,3146,3179,3150,3153,2972,3171,2986,2924,3141,3143
NA19904_CLASP1	3154,3136,3081,3115,3152,3186,3091,3174
NA21124_ASB1	1980,2396,1990,1990,1997,1988,2431,1989,2407,2438,2398,2457
NA19819_ASB1	5233,2402,2486,2452,5422,5422,2190,2407,2413,8497
NA20853_CLASP1	3139,2980,3157,3168,3175,3153,3062,3002,2971,2984
NA20795_CLASP1	3020,2969,2996,2986,3156,2979,3149,3145,2963,3148,2996,3163,3172,3145,3110,3109,3146,2993
NA20294_ASB1	3305,3288,3328,3278,2435,2430,2407,3299,3290,3302
NA20858_CLASP1	2996,2983,2975,2941,3025,2960,2971,2386
NA20363_CLASP1	3007,2999,2963,2969,2985,2983,2981,2967
NA20539_ASB1	2425,1999
NA20281_ASB1	3307,1995,3309,2003,3269,3319
NA20356_ASB1	1998,3327,3324,1999,3340,3312,3302,1982,1994,3320,2000,2009,2003
NA20332_ASB1	2782,2048,2774,2770,2082,2660,2095,2059,2129,2105,2112,2664,4836
NA19789_CLASP1	2938,2998
NA20357_ASB1	2156,2417,2412,2465,2144,2149,2445,2418,2430,2436,2485,2429,2418
NA19985_ASB1	1999,2149,2006,2012,1991
NA21102_ASB1	2014,1985,1994,1996,1978,1975,2408,2401,2443,2431,1942,1978,2437,2004,2006,2416,2430,2001
NA21117_ASB1	1953,1867,2004,1921,1929,1998,1997,1632,1983,1989,1947,2000,1673
NA20820_CLASP1	3000,3001,3048,2991,2994,2113,3010,3075,2988,2998,2855
NA21099_ASB1	2418,2409,2438,2452,2448,2331,2456,2439,2435,2439,2443,2455,2448,2434,2415,2432,2423,2446,2445,2409,2453
NA20314_CLASP1	3125,2958,2897,3159,-3678,2977,3109,-757,2998,2908,2952
NA20127_ASB1	1944,2434,2424,2152,2087,2161,2121,2304,2447,2433,2413,2447,2435,2426
NA19828_CLASP1	2988,2984,2987,2987,2956,2966,2722,2970,2998,2999,2947,2855
NA21126_CLASP1	3193,3183,2958,3115,3136,2988,2979,3153,3000,2999,2070,2997,3004,3145,3156,2993
NA20336_ASB1	2433,1951,2001,1979,2440,2411,2430,2434,1998,1996,1982,2417,1973,2442,2439,2407,2439,2430,2418,1958,2437,1991,2442,2435,1991,2434,2438,2356,1813
NA20526_CLASP1	2979,2990
NA20757_CLASP1	3001,3001,2993,2995,2978,2954,2714
NA20298_CLASP1	2614,3157,2625,1850,3146,2558,3055
NA20348_ASB1	2003,1986,2002,2017,1970,1992,1985,1985,1990,1990,1991,1951,1976,1988,2034,1987,2009,1982,1992,1995,2012,2007,2006,1996,1985,2028,2004,1983,2011,2006,2003
NA20334_ASB1	1986,1978,1986,1962,1977,1994,1994,1983,1966,1970,1989,1996,1978,1989,1955,1995,1987
NA20762_CLASP1	2987,2949,2971,3000,2995,2838,2977,2950
NA20885_ASB1	2427,2423,1876,1965,2000,2447,2431,2002,2432,2440,1963,1995,2437,2389,2460,1971,2449,2432,2435,2433,2417,1988,2444,2339
NA19818_CLASP1	2999,3006,2990,2976,2989,2946,2987,2982
NA20525_CLASP1	3000,2953,2969,3010,2978,2987,2977,2947,2991,2980,3000
NA20883_ASB1	2412,2451,2441,2427,2436,2436,2417,2429,2422,2416,2399,2422,2394
NA20901_ASB1	2440,2439,2448,1969,2432,2425,1985,2388,2430
NA20778_ASB1	1581,2350,2431,2422,2374,2421,2406
NA20785_ASB1	2426,2359,2433,2416,1999,2427,2450
NA20357_CLASP1	3023,2399,2932,2992,2991,3001,2987,2993,3150,-2431,2991,2976,3167
NA20514_CLASP1	2982,2990,2541,2999,2963,3004,3006,2993,2989
NA20873_ASB1	2011,1984,1997,1855,1948,1998,2003,1948,1994,1976,1831,1991,1966,1997,1995
NA20764_CLASP1	2979,3011,2975,2972,2959,2985,2983,2883,2949
NA21142_CLASP1	2977,3122,3018,3090,3142,3151,3043
NA20289_ASB1	2363,2396,2423,2014,2441
NA20503_ASB1	2003,1998,1994,2006,2443,2440,1991,2440,1989
NA20359_CLASP1	3156,2884,2985,3175,3152,3130,2968,3141,3161,3166,3157,2994,2990
NA20342_ASB1	3315,2369,3261,2392,2413,2409,2398,3328
NA21110_CLASP1	3006,2969,2990,2985,2942,2907,2996,2946,2999,2969,2995,3018,2981,-11523,3016,3005,2992,2970,2993,2950
NA19908_CLASP1	2979,2937,3000,3151,3152,3124,2991,2996,2986
NA21118_ASB1	2007,2448,2437,1959,1994,1995,2000
NA20587_CLASP1	2978,2978,3004,2977,2974,2996,3005,2823,2981,2989,2990,2990,2952,2995
NA21101_ASB1	2014,1995,1959,1991,2004,1979,2004,1993,1991,1986,1854,1975,1981,1997,1975,1995,2003,1995,1994,1993,1982,1997,2007,1995,2003,2002,1993,1961,1996,1852,1987,1987,1972,1984,1997,1985
NA21127_CLASP1	2934,2976,2992,2971,3000,2976,2997,2987
NA19985_CLASP1	3001,2978,2978,2917,3028,2985,2988,2908,2983,2998,2915,2984,2992
NA20294_CLASP1	2929,3150,2981,2971,3151,3134,3156,3003,2987
NA20540_CLASP1	3044,3046,3038,2165,3104,3118,3140,3134,3133
NA20769_CLASP1	3007,2543,3003,2968,2983,2987,2978,2993,2966,2954,2986
NA20276_CLASP1	2931,3072,3171,3164,3142,2963,3155,3032,3131,3149,2987,3004
NA20753_CLASP1	2994,2973,2958,2893,2944,2756,2995,2965,3012,3025,2954,2834,3000,2911,2973,3016,2927,2986
NA19901_CLASP1	2996,2964,2819
NA20588_CLASP1	2998,2982,2995,3006,2996,2993,3009,3005,2892,2950
NA20538_CLASP1	2950,2981,2762,2943,2887,2994,2938
NA20289_CLASP1	3155,3167,3156,3171,3155,3157,3149,3179,3160,3160,3140,3130,3055,3164
NA20778_CLASP1	2871,3009,3159,3160,2969,-2813,2955
NA19921_CLASP1	3136,3112,3128,3074,3174,3168,3153,3193,3177,3174,3142,3178,3106,3165,3168
NA20342_CLASP1	3160,2149,2988,2679,2985,2950,3043,3173,3153,3187
NA19900_ASB1	4081,4032,3509,3748,3746,3774,3734,4080,3749,4078,4134
NA21099_CLASP1	3003,2952,2978,2979,2982,3003,2998,2937,3006,2902
NA19916_CLASP1	2801,3001,3144,2984,3119,3161,3164,3160,2425,2941
NA20876_ASB1	2011,1979,2064,1984,2007,1931,1909,1995,1971,1744,1988
NA21117_CLASP1	2984,2945,2999,2899,2868,2999,2979,2964,2714
NA21098_ASB1	2434,2379,2454,2433,2440,2435,1982,2435,2408,2434,1989,488
NA20883_CLASP1	2983,3000,2990,2996,2922,2953,2964,3003,2857,2993,2994,2959
NA21114_CLASP1	2886,2996,2997,2978,2979,2940,3005,2997,2996,2982,2994,-7640,2776,2935,2997,2993,2995,2994,2985,3006,2978,2870,2959
NA20278_ASB1	3321,3382,2401,2429,2404,2428,2418,3298,3306,3310,2436,3325,3261,3259,2426,2395,3295,3277,2378,3281,3289,2424,2412,2428,2427
NA20539_CLASP1	3003,3162,2994,3146,3132,3144,3153,3135,3004,2989,2920
NA20873_CLASP1	2999,2986,2987,3001,2798,2957,2829,2927
NA21120_CLASP1	3156,3142,2994,3157,-743,2968,2981
NA20356_CLASP1	3166,3134,3182,3161,3183,3082,2997,3100,3171,3171,2815,3154,3146,3118,3159,3065,3162,3157,3178,3024,2928,3150
NA20896_ASB1	2025,2172,2178,2229,2239,2229,1988,2217,1966,1766,2003,1996,2209,1985,2237,1989,2237,2238,2190,2245
NA20346_ASB1	2037,1995,1963,1940,2051,2039,2003,2029,1995,1998,2032,2024,1977,1999,2032,2031,2028,2041
NA20531_CLASP1	2992,3006,2958,2995,2994,2976,3003
NA19835_ASB1	1990,2428,1864,1961,1960,2001,1989,2413,1978,2000,2435,1961,2425,1969,2421,2435,1947,1977,2012,2146,2412,1969,1998,1930,1960,1910,2430,1988,1993
NA19900_CLASP1	2994,2948,2986,2983,2879,2995,2963,3001,2755,2992,2995,3003,2996,2845,2805
NA20867_ASB1	2004,1978,1996,2005,1987,2006,2000,1999,1997,-11081,1964,1975,2011,2004,1988,1993,1999
NA20127_CLASP1	3106,3136,3157,3169,3142,3140,3110,2482,3148,3137,3159,3151,3147,3144,3168,3175,3160,3159,3170,4446,3163
NA20336_CLASP1	3146,2979,3149,2982,3007,3171,3002,3165,3005,3141,3167,3127,3172,2999,3161,2992,3171,3126,3138,2986
NA20890_ASB1	1989,1981,2007,1991,2001,1984,1997,2004,1971,1996,2000,1991,1999,2006,1826
NA20863_ASB1	2425,2418,2442,2421,2439,1983,1993,2108
NA20281_CLASP1	3170,3164,3164,3171,3166,3147,2022,2811,3106,3166
NA20332_CLASP1	2973,2901,2993,3141,2729,3151,3117,2955,3124,-6670,2967
NA20861_ASB1	1988,1996,2440,2406,1968,2007,2437,2454,1844,1940,2445,1966,2430,2418,2389,1979,1990
NA20866_ASB1	1971,2007,2002,1989,1837,2002,2000,1999,1982,1971,1997,2001,2000,2177,1997,1984,1993,2008,1985,1966,2006,2010,1993,1987,1943,2002,1993,1934
NA21124_CLASP1	3002,2993,2978,2995,3003,2926,3012,2952
NA20334_CLASP1	3160,3158,3171,3162,3136,3168,3149,3151,3159,3106,3187
NA21102_CLASP1	3202,3165,3162,2974,3019,3153,3158,3164,3037,2971,3000,2978,3173,3143,2867,3129,2969
NA20775_CLASP1	2338,2930,2948,2965,2980
NA20785_CLASP1	3167,3160,3164,3139,3153,3153,3097
NA20787_CLASP1	3009,2986,2997,2987
NA20503_CLASP1	3148,3109,3161,3157,3122,3090,2958,3141,3006
NA20863_CLASP1	3149,3001,2989,3151,3132,3138,2978,3170,2997,3154,3001
NA20888_ASB1	2455,2444,2440,1985,2005,1980,2412,2419,1987,1989,2375,1988,18751,1982,2439,1994
NA21118_CLASP1	2999,3002,2992,2988,3000,2937,2986,3007,2972
NA19819_CLASP1	2953,2930,3015,3103,3108,3108,3156,3122,3131,1340,2961,3113,2864,2947,3163,2740,3159,3006,2984,2968
NA19835_CLASP1	3132,3127,3147,3148,3110,3157,3050,3173,3121,3133,3085,2856,3138,3057,3130,3154,3151,3174,3132,3074,3094,3070,3159,3079,3146,2842,3164,3059,3120,3160
NA19834_CLASP1	2989,3166,2990,3167,3003,2993,3164,3069,3160,3152,3132,3101,3187,3156,2966,3126,3164,3166,2968,3150,3138,3000,2982,3155
NA20899_ASB1	1996,2003,1992,1993,1987,1987,1542,2007,1987,1980,1988,1980,1989,2008,1987,2016,2003,2002,1980
NA20867_CLASP1	2997,3002,2999,2998,2989,2992,2963,2966,2989,3005,2974,3000,2935,2997,3005,2949,2917
NA20893_ASB1	2155,2433,2090,2333,2132,2258,2148
NA20901_CLASP1	2988,2974,3159,2959,3169,2992,2957,2981,2981,2920,3134,2985,3133,2923,2981,2992,2867,2535,3150
NA20348_CLASP1	3160,2865,2968,3008,3151,3143,2980,2979,2986,3107,2992,2746,2990,3073,3140,2978,2659,2995,3134
NA20898_ASB1	3320,3314,3297,3320,3323,3322,3259,3276,3280,3316
NA20346_CLASP1	2998,2957,2984,3153,2998,2985,3178,2988,2060,2993,2268,2992,3161,2939,3001,2997,3005,3116,3162,3088,2999,2623
NA20876_CLASP1	2975,3015,2955,2940,2971,2943,1403,2910,2971,3336
NA20888_CLASP1	3154,2789,2995,2995,3163,3159,3014,2963,2558,3011,3150,3161,2979,2952,2446,3016,3164,2824,2969,2944,3131,2992,2991,2946,3159,2978,2979,2585,3142,3167,3165
NA21098_CLASP1	3143,3102,3125,3011,3194,3149,3143,2965,3001,2955,2994,2994
NA20278_CLASP1	3008,2994,2970,2992,2979,2997,2932,3010,2981,3061,3006,2952,2921,2994,2953,3009,2991,2972,2996,2054,2968
NA21101_CLASP1	2957,3031,2995,2989,2984,3001,2987,3005,2992,2950,2962,2992,2962,2985,2978,3005,2584,2995,2975,2953,2944,2988,2972,3013,2902,2984,3003,2992,3010,3015,2947,2990
NA20866_CLASP1	3004,2939,3002,2980,2980,3009,2981,3009,2975,2978,2997,3089,2965,2990,2978,2995,2990,2881,2988,2973
NA20900_ASB1	1919,2014,1972,1994,1987,1995,1990,1992,2000,1997,1978,1952,2005,1993,2000,1972
NA20885_CLASP1	2885,3000,2988,3001,3007,2982,2995,3016,2807,2959,3014,2964,2992,2944,3014,2994
NA20898_CLASP1	3001,3001,2946,2959,2967,3003,2995,2976,2991,2985,3002,2989,2424,2987,2939,2993,3002
NA20899_CLASP1	2889,2985,2875,2940,2991,2918,2970,3004,2984,2968,2894,2999,2992,3015,2967,2932,2962,2912,2974,3008,2944
NA20896_CLASP1	2979,2994,2978,2975,2991,2988,2986,2998,2978,2994,2988,2961,2962,3008,2130,2967,3011,2988
NA20890_CLASP1	2981,2936,2993,2989,2995,2977,2957,2931,2918,3009,2841,2967,2976
NA20861_CLASP1	3003,2989,2979,2982,2950,2987,2970,3020,2908,2995,3000,2997,2894,2955,2997,2931,3000,2996,2989,2995,2977,3008,2885,3000,2937,3002
NA19786_FOCAD1	3974,4364
NA19774_FOCAD1	3984,4254,4405,4377,6265
NA19782_FOCAD1	3732,4340,3951,3961,3952,4351,4343
NA19762_FOCAD1	3709,4339,3549,4325
NA19770_FOCAD1	4008,4007,3968,3962,3968,3271,3957,3995
NA19759_FOCAD1	3974,4367,4354,3995,4367,4007,4356,4359,3941,3981
NA20893_CLASP1	3106,2991,2989,3132,3041,2969,3154,3119,3148,3183
NA19774_ASB1	1988,1987,1990,1805,1990,2000,1979
NA19782_ASB1	1994,1997,1986,1980,1998,1983,1934,2004,2017,1989,1992,2004
NA19786_ASB1	2285,1989,2267,2163,2279
NA19762_ASB1	1975,2281,2221
NA19759_ASB1	2016,2278,1991,2001,2268,2238,2276,2274,1981,2001,1997,1998,1979
NA20900_CLASP1	2795,2906,2995,2968,2982,2984,2893,2990,2968,2973,2988,2916,2988,2986,2991,2986,2996
NA19770_ASB1	1988,2429,1942,1956,2007,2432,1999,1969,1927,1980,1970
NA19782_CLASP1	2966,2974,2884,2953,2993,2944,2997,2975,2972,2976
NA19774_CLASP1	2958,2987,2979,2979,2996,3014,2948
NA19762_CLASP1	2977,2996,2773,2973,3001,2984
NA19786_CLASP1	3137,3092,2975,3098,3163,169
NA19759_CLASP1	3008,3167,2997,3116,2985,2991,2906,3169
NA19770_CLASP1	3003,3006,3003,3129,3156,2993,3160,3160,3139,2970,2921,3033,3164,2978,3138,2988
NA19728_FOCAD1	4346,3920,3974,3717,3395,3968,4000
NA19717_FOCAD1	3772,3613,3784,3977,4358,4343
NA19723_FOCAD1	4286,3894,3939,3950,4358,2659,4384,3983,3924
NA19758_FOCAD1	4358,4326,4370,4323,4349
NA19675_FOCAD1	3978,3953,3932,-3638,4016,3973,3990,3770,3697,3979,3982,3997,3963,3963
NA19720_FOCAD1	4323,4373,3978,3971,4333,3909,3950,3907,3966,4372,4368
NA19658_FOCAD1	4388,4380,4361,4390,4366,4363,4301,4364,4368,4323,4318,4367,4363,4335,4358
NA19657_FOCAD1	3978,4366,4348,4386,3956,4389,4377,3972
NA19711_FOCAD1	3985,3660,3966,3908,3970,3749,3979,4006
NA19655_FOCAD1	3895,3975,3778,3970,3957,3927
NA19654_FOCAD1	3467,3942,3962,3958,3984,3984,3975,3996,4018,4010,3966,3991,3962,3937,3971
NA19707_FOCAD1	4273,3989,4363,4393,3997,4343,4364
NA19660_FOCAD1	3972,3985,4004,4392,4338,3933,3518,3968,3995,4369,4374
NA19661_FOCAD1	2994,3972,3718
NA19669_FOCAD1	-1181,4013
NA19664_FOCAD1	3963,4003,4382,3980,4377,3975,4367,4356,3970,3955,4391,4327,3977,3906,4374,3877,3990,4348
NA19747_FOCAD1	3889,3953,3982,4002,2460,3964,3918,2970
NA19663_FOCAD1	3976,3978,3962,4133,4191,4156,3960,4188,4157,3474
NA19753_FOCAD1	4352,4404,4384,4294,4379,4368,4370,4371,4265,4357,4369,4392,4382
NA19449_FOCAD1	4369,4363,4038,4358,4318,4390,4386,4024,4281,4377
NA19700_FOCAD1	4336,4367,4367,4362,4369,4391,4362,4286
NA19399_FOCAD1	3949,3969,3967,3995,3909,3982,3595,3882,3869,4020,4002,3987,3972
NA19403_FOCAD1	3996,4295,4343,3973,3887,4155,3489,4005,4372,4348,4364,3975,3970,3954,3996,4363,4388,4302,3914
NA19398_FOCAD1	3981,4581,3881,3976,4549,4555,3960,4007,3980,4569,3946,4556,4553
NA19703_FOCAD1	3981,3979,4005,3972,3975,4007
NA19439_FOCAD1	4000,3888,3983,3965,3922,3943,3965,3801,3929,3968,3935
NA19701_FOCAD1	3982,4008,-8381,3982,3994,4008,3991,3986,3975,3991
NA19676_FOCAD1	3988,3897
NA19679_FOCAD1	3863,3962,3938,3968
NA19651_FOCAD1	4342,4366,4321,4353,3993,3969,4338,4378,3983,3486,4332
NA19331_FOCAD1	4384,525,3999,4379,3972,4374,4016,4406,4347,3949,4380,3991,4355
NA19352_FOCAD1	3926,4007,4332,4348,3999,4379,3991,3394,4359,4363,3958
NA19652_FOCAD1	4299,3970,4096,3911,4333,4375
NA19717_ASB1	2150,2245,2244,1748,1831,1834
NA19432_FOCAD1	4320,3816,4315,3920,4279,4330,4139,4349,4322,3968,3963,3974
NA19351_FOCAD1	3993,3991,3999,3987,3951
NA19750_FOCAD1	4350,3919,3985,3882,3976,3893,3999
NA19749_FOCAD1	4359,4297,4377,4207,4366,4352,4370,4308,4372,4311,4056,4327,4374
NA19735_FOCAD1	4210,4336,-11726,4310,4322,4331,4376,4312,4347,4314,4349,4337,4372,4054,4370,4353
NA19347_FOCAD1	3990,3979,3983,3951,4001,3972,3924,3939,3996
NA19729_FOCAD1	3966,3967,3968,3938,3973,3990,3986,3970,3964
NA19472_FOCAD1	4132,3904,3980
NA19350_FOCAD1	4404,3936,3954,4007,4354,4393,3972,3982,3984,3934
NA19338_FOCAD1	3907,3613,3946,3989,3924,3972,3965,3594,3963,3866,3994,3804
NA19385_FOCAD1	3951,4011,3981,3946,3976,3990,3953,3353,3978,3979,3999,4001
NA19453_FOCAD1	4003,3983,3911,3960,3923,3817,3994,3939,3080,3990,3991,3981,3943,3999
NA19463_FOCAD1	3991,3942,3981,4301,4343
NA19355_FOCAD1	4385,4391,3924,4363,4344,3907,4343,4336
NA19383_FOCAD1	3980,3637,3917,3947,3852,3985,3900,3996,3903
NA19734_FOCAD1	3987,4281,3951,3992,4369,3984,3860
NA19740_FOCAD1	4302,4348,4244,4336,4345,4208,4219
NA19393_FOCAD1	3993,3982,3979,3980,3989,3991,3964,3992,3896,3993
NA19391_FOCAD1	3954,3975,3976,3972,3967,3953,3962,3870,3394,3985
NA19397_FOCAD1
NA19676_ASB1
NA19717_CLASP1	2983,2924,3003,2987,2977,2922,2987,2976
NA19663_ASB1	1991,2002,2001,2441,1989,1990,2416,2440
NA19655_ASB1	2421,1650,2001,1983,1981,2420,2415,2426,2417,2258,2407,1992,1996,2430
NA19351_ASB1	2000,1977,3696,-4660
NA19439_ASB1	4047,3798,4091,3948
NA19703_ASB1	2429
NA19472_ASB1	3431,3419,2000,1987,2000,3401,1973,3418,1972,1988,1982,1914
NA19399_ASB1	3954,3751,3700,3697,3761,3961,3707,-2429,3942,3573,3937
NA19728_ASB1	1993,1986,2260,1974,2262,2247,1978,2215,2006
NA19355_ASB1	2131,2697,2809,2789,2155,2722,2155,2790,2158,2149,2160,2781
NA19652_ASB1	2438,2424,1973,1992,2076,1992,1995,1997,2588,1992,2426
NA19720_ASB1	1980,1986,-59769
NA19669_ASB1	1816,2101,2421,2428
NA19758_ASB1	1992,1990,1989,1965,1979,1969,2014,1993
NA19707_ASB1	2287,2442,1993,2447,2440,1996,2414,2003
NA19439_CLASP1	2998,3001,2945,2982,2994,2989,2983,2649,2999,2934,2989,2674,2987
NA19729_ASB1	1895,2017,1998,2006,1981,2001,1981,1982,1983
NA19703_CLASP1	3153,3151,3097
NA19383_ASB1	3803,3783,3800,3817,3770
NA20534_ASB1	2977,1983,1942,2921,1982,1989,3014,1968,1933,1985,1979,3010,2899
NA19661_ASB1	2439,2432,2418,2441,2423,2444,2436,2434
NA19432_ASB1	5785,2002,1983,2006,1994,5854,1958,5803,1993,1997,6027,1969,1975,1989
NA19657_ASB1	2004,1966,1955,2317,1949,1994,2275,2266,2267,2225,2273
NA19711_ASB1	2442,2435,2401,2433,2409,2441,4065,2167,4080,4089,3877,4069,2415,4045
NA19350_ASB1	3765,3769,3753,2001,3743,1843,3761
NA19398_ASB1	2437,2431,2439,2439,2440,2436,2433,2428,2411,2446,2399,2408
NA19658_ASB1	2004,1989,1981,1993,1978,1994,1969,1976,2013,2005,2001,1990,1885
NA19660_ASB1	2004,2438,1983,2435,1998,2430,2435,2012,2232,1975,2337
NA19351_CLASP1	3005,3157,3137,5096,2979
NA20532_ASB1	2430,2440,1996,1988,1988,1901,2438
NA19675_ASB1	2270,2423,2411,2426,2257,2275,2242,2212,2288,2220,2275,2431,2444,2288
NA19700_ASB1	4074,-38964,4074,4058,4075,4061,4067,4069,4092,4070
NA19651_ASB1	1992,2000,1900,2004,1974,1911,2006,1993,1991,1986,2008,1998
NA19728_CLASP1	2979,2982,2990,2975,2987,2899,2993,2885,2998
NA19679_ASB1	2430,2070,2439,2445,2424,2423,2432,2423,2431,2451,2403,2444
NA19720_CLASP1	2997,2993,2985,2992,2952,2977,2988,2986,2994
NA19669_CLASP1
NA19723_ASB1	2439,2378,1994,1982,2413,2439,2446,2436,2430,2447,1982,2011,2422,2225,2437,1982,2010,1944,2431,1945
NA19472_CLASP1	2979,-31305,2920,3172,3109,2984,2989,2975,3124,2957,3070
NA19654_ASB1	2001,1967,1991,2007,1955,1622,1981,1633,1992,1991,2004,2008,1966,2001,1983,2000,1981,1977,1988,2000,1983,1999,2001,1979,1983
NA19397_ASB1	2147,2123,2138,2167,4059,4036,4051,4058,2154,4062
NA19399_CLASP1	3195,3011,3153,2981,3159,2970,2997,3158,2985,3107
NA19449_ASB1	4057,3316,4061,4057,4060,3281,3292,3993
NA19393_ASB1	2158,1989,2153,1917,2131,1981,1987,1983,1984
NA19701_ASB1	2445,2166,2438,2153,2423
NA19747_ASB1	1971,1772,1899,1990,1992,1988,2005,1990,1997,2014,7748,1989,1960,1997,1962,1980,1977,2002,1965,1922,1992,2000,1986
NA19347_ASB1	3318,3319,3207,3063,3305,3278,2807,2737,3316,2701,3286,3180,2793
NA19385_ASB1	2041,2039,2035,1936,3994,4044,2043,2088,2019
NA19707_CLASP1	2644,3127,2631,2589,3104,3156,2643,3124,3171
NA19463_ASB1	4355,4286,2039,2028,4364,4237,2017,4165,2018,1972,4284,2032
NA19391_ASB1	1989,1925,2452,2422,2439,2457,2403,2406,1992,2365
NA19331_ASB1	1986,1981,4004,4052,1603,4062,1988,1984,4054
NA19383_CLASP1	3152,3160,3134,3129,3218
NA19676_CLASP1
NA19652_CLASP1	3008,2971,3004,2975,2986
NA19750_ASB1	2474,3307,3310,2446
NA19657_CLASP1	2986,2987,3005,2998,2958,2960,2909,2983,2961
NA19700_CLASP1	2993,2993,2953,2967,3007
NA19749_ASB1	1754,1708,1756,2449,1738,1676,2440,1762
NA19352_ASB1	2049,2374,4057,4069,4062,2443,4046,2319,4064,2433,2434,4086,4074,2420
NA19711_CLASP1	2881,2827,3001,3006,3004,2992,3000,2959,2762,2975,2954,2992
NA19453_ASB1	1461,2139,2111,2149,2105,2123,1962,2153,2162,2101,2162,2067,2116,2149,2083,2116,2142,2148,2134,2154,2162,2106
NA19734_ASB1	1959,1963,1987,2006,1741,2004,1952,1993,1989,1983
NA19663_CLASP1	2951,3019,2841,3002,2959,2942,2996,2978,2069,3003
NA19397_CLASP1	3164,3233,3042,3220,2890,3163,3150,3119,3149,3104,3149
NA19449_CLASP1	2984,2988,3010,2969,3019,2883,2992,2919,2947,2984,2985,2973,2988,2959,2982,2934
NA19740_ASB1	2385,2478,2453,2414,2441,2464,2444,2412,2481,2473,2417,2322
NA20536_ASB1	1986,1990,1994,1991,1993,1993,1998,1869,1940,1953,1999,2000,2006
NA19347_CLASP1	3149,3166,3168,3175,3133,3162,3143,2942,3085,3162,3061
NA19664_ASB1	1989,1960,1989,1999,2015,2041,1991,2005,1982,1992,2009,1989,1953,1993,2011,1999
NA19391_CLASP1	2999,3127,3172,3145,3083,3011,3143,3157,3140,3175,3134,3147
NA19393_CLASP1	3153,3126,3047,3128,3151,3144,2442,3169,3146,3171
NA19753_ASB1	2280,2007,2298,2009,2008,2256,1986,1984,1999,1999,2272,1994,2267,2264,2234,2271
NA19338_ASB1	3755,3741,3645,1996,3701,3734,3731
NA19655_CLASP1	3002,3011,2961,2989,2740,3000,2958,2969,2993,2888,2986,2871,2857,2947,2997,2000,2975,2912,3003
NA19661_CLASP1	3141,2961,2995,3142,3128
NA19660_CLASP1	2945,2980,3169,2989,2997,3140,3156,3170,3182
NA19675_CLASP1	3002,2980,3109,3001,2986,2974,3153,2988,3000,3172
NA19735_ASB1	2436,2149,2435,2148,2091,2159,2426,2439
NA19355_CLASP1	3111,3170,2847,3075,3133,3139,3172,3114
NA19403_ASB1	2033,2038,2039,2019,2031,2041,4328,2037,1993,4355,4278,1891,2035,1898,4249,2031,2038,2041,4360,4303,2026,4307,2050,2038,2032,2029,1956,2040,4346,2041
NA19679_CLASP1	2997,3015,2978,2978,2987,3001,2989,2988,2999,2850
NA19740_CLASP1	3007,2987,3108,3117,3124,3131,2971,2700,3088,3086,3126,3128,2970,3116,2991,3135,2774,3127
NA19758_CLASP1	2978,2966,3158,2995,3005,2925
NA19432_CLASP1	3008,2981,2912,2952,3093,3173,3133,2984,3121,3166,3132,2995,3174,2936,3137,2972
NA20532_CLASP1	3035,3006,2952,2967,2999,2985,2959,2981,2847,2977,2928
NA19658_CLASP1	2979,3000,2993,2980,3121,2995,3160,2849,2966,2998,2334,2967,2996,2997,3121,3124,3121,2991,3021
NA19350_CLASP1	2969,2953,2979,3145,3132,2862,3007,3002,3158,2711,3006,2134,2990,3144
NA20534_CLASP1	2331,2962,2965,2956,2895,2971,2932
NA19723_CLASP1	2966,3068,3041,2981,3134,3139,2958,3151,2956,3113,3124,2939,3127,3164,2901,2957,3181,2977,3099,3142,2984,3132,2985,3052,2962,2978,3098,2941,3139,3106
NA19701_CLASP1	3132,2984,2997,3006,3128,2990,3124,2991,3135,3118,3007
NA19398_CLASP1	3141,3153,3097,3136,3161,3153,3151,3122,3117,3169,3163,3161,3169,3148,3160
NA19338_CLASP1	2916,2786,2955,2930,2979,2981,2998
NA19651_CLASP1	2958,3022,2580,2984,3008,2691,2718,2977,3024,2971,3002,2994,2999,2992,2979,2999,2991,2947
NA19463_CLASP1	2982,2979,2914,2900,2456,2964,2965,3011,2850,2983,2986,2956,2713,2970
NA19729_CLASP1	2993,2981,2973,2121,2869,3135,3091,2994,2949,2961
NA19331_CLASP1	3078,3095,3005,3137,3111,2990,2970,2986,3054,3162,3091,3000
NA19753_CLASP1	3172,3170,3149,2863,2976,3160,3139,3167,3006,2969,3138,3000,2994,2985,3160,2991
NA19385_CLASP1	3001,2996,3002,2967,2996,2994,2969,2968,2998,3003
NA19747_CLASP1	2288,3169,2978,3145,3006,2981,3155,2990,2986,2973
NA19654_CLASP1	2979,2979,2984,2995,2992,2983,2707
NA20536_CLASP1	2956,2998,2911,2999,2987,3004,2959,2999,2973,2964,2980
NA19352_CLASP1	3177,3153,3122,2973,3157,3142,3159,3112,3152,3134,3148,3152,3157,3107,2915
NA19734_CLASP1	3031,3003,3005,2797,3004,2960,3004,2992,2960
NA19664_CLASP1	3163,3012,3005,3150,3172,3128,3176,3164,2905,2992,3166,3155,2964,3116,3002,2980,3190,2988
NA19750_CLASP1	3112,2983,2993,2966,2966,3104
NA19749_CLASP1	2955,2912,2978,2994,3008,3007,2995,2966,2997,3006,2948,2829,2983
NA19453_CLASP1	3130,3174,3156,3177,3149,3172,3139,3156,3164,3096
NA19735_CLASP1	3151,3102,3040,3151,3176,3063,3139,3141,3157,3092,3126,3151,3111
NA19070_FOCAD1	4368,4343
NA19086_FOCAD1	3994,3969,3935,4139,3897,4012,3994,4285,3544,4354
NA19080_FOCAD1	4038,4206,3966,4316,4369,3988,4291,3919,4332,3978
NA19068_FOCAD1	3976,3938,3963,3960
NA19059_FOCAD1	3946,3986
NA19055_FOCAD1	3974,3971,3908,3802,3571,3933,3952
NA19037_FOCAD1	3928,4011,3981,3986,3979,3965,3944
NA19043_FOCAD1	3987,-16490,3997,4529,3986,4502
NA19019_FOCAD1	3991,3991,4010,4011,3972,3964
NA19028_FOCAD1	4338,4290,4375,4341
NA19024_FOCAD1	4366,4352,4391,4357
NA19315_FOCAD1	3999,4022,3993,3981,3960
NA19031_FOCAD1	3961,3918,3988,4195,3988,3960,4011
NA19328_FOCAD1	3981,4151,3969,4176,4143,4110,4162,3976,4146,4160
NA19027_FOCAD1	3231
NA18981_FOCAD1	3845,4298,4345,4280,3906,4306,4209,4334,4217,4333,3975,3920,4000,3929,4346,3910,4071,3801
NA18983_FOCAD1	4245,4318,3611,4272,4343,4361,3977,4328,2738,3829,4014,4361,4310,3968,4329
NA18980_FOCAD1	3955,3987,4356,3896,-12469,4020,4386,3808,3877,4358,3983,3953,4368,4324,4010,4362,3985,4334,3959,3937,3963,3956
NA18944_FOCAD1	4369,3987,4276,4355,3992,4381,4366,3976,4365,3991,3520,1515
NA19319_FOCAD1	3993,3996,4394,4001
NA19022_FOCAD1	4002,4609
NA18977_FOCAD1	3976,3967,4314,4358,3983,3899,3962,4329,4251,-509,4342,2196
NA19017_FOCAD1	3611,4007,4384,3948,4378,3988,4003,4009,3990,3920,3966,4370,3819
NA19307_FOCAD1	3998,3979,4019,3935,4002,3966,3131
NA19310_FOCAD1	4366,3740,4368,3977,3850,364
NA18953_FOCAD1	4285,4311,4340,4266,4374,4372,4218,4394,4362,4332
NA18913_FOCAD1	3981,3936,3972,4002
NA19327_FOCAD1	4542,4582,4563,3982,3999,4513,4566,3989,4572,3971,4001,3989,4512,3990,3940
NA18946_FOCAD1	3851,4355,4383,4319,3932,3953,3989,3961,3977
NA18971_FOCAD1	4327,4353,4252,4370,4345,4350,4381,4350
NA19403_CLASP1	3154,2941,2980,2974,3153,2924,2989,2989,3162,3040,3126,3177,3143,2969,3123,3119,3144,3135,2999,3135,3042,3166,3148
NA18974_FOCAD1	4002,4339,4364,3604,4350,4002,4312,3987,3992,4021,3949,4379,4376,4362,4042,4275,4332,4362,4362,4330
NA18972_FOCAD1	3662,4360,4359,4326,4243,4293,4347,4328,4295,4278
NA18947_FOCAD1	36800,3984,4102,3979,4001,3985,3971,3991,-4905,3964,3944,4338,4315,3983
NA18912_FOCAD1	4348,4382,3975,3970,3965,4357,4323,4369,4345,4395
NA18988_FOCAD1	3990,3997,3771,-2116,3963,3980,3992,4006,3994
NA18989_FOCAD1	3913,3973,3964,3948,3958,3918,3978,3876,3997,3939,3850,3980,3926,3996,3890,3926,3991,3975,3489,3990,3995,3886,3926,3775,3869,3975,4039,3968
NA19001_FOCAD1	4379,4360,4361,4374,4380,4368
NA19012_FOCAD1	4300,4365,4375,4383,4354,4361
NA19003_FOCAD1	3972,3991,4365,3980,4377,4357,4354,4006,3903
NA19068_ASB1	2006,1452,2127,1995,1937,2145,1996,2149,2049
NA19238_FOCAD1	4579,3990,3985,4513,4578,3952,4537,3979,3987,4530,3972,3974,3093
NA19011_FOCAD1	3983,3948,3990,3995,3975
NA18942_FOCAD1	3992,4343
NA18940_FOCAD1	4400
NA18941_FOCAD1	4002,3928,3992,3794,3990,3993,3971,3764,3993
NA18956_FOCAD1	3989,3967,4381,3971,3970,4336,3960,4337,4369,3987,3973,3982,3966,4333,4282,3962,3142
NA19086_ASB1	2431,1930,2275,2396
NA19019_ASB1	4072,4069,2003,2000,1976
NA18965_FOCAD1	3857,4333,4357,4387,4384,4320,3956,3919,3951,3976,3964,4329,3925
NA18969_FOCAD1	4319,4368,4344,3983
NA19024_ASB1	4083,2000,1988,2001,1995,2010,2000
NA18960_FOCAD1	3970,3999,2628,3652,3948,3911,3913,3623,3172,3157,3976,3945
NA19059_ASB1	1582,1991,1994,1983,1988,2018,-1343,1973
NA18966_FOCAD1	3987,3978,4354,3986,3988,3991,4367,4355,4368,3977,4387
NA19022_ASB1	2062,2149
NA18968_FOCAD1	4387,4361,4376,4381,4227,4329,4358,4002,4361,4362,4333,4362,4385,4380,4366,4298,4327,4438,4232,4370,4381,4389,4357,4363,4038,4343
NA19028_ASB1	3329,2019,3306,3333,3307
NA19080_ASB1	2025,1968,2040,1978,1726,1969,1995,1997,1981
NA19129_FOCAD1	3972,3912,3994,3987,3983,3981,3978,3964,3985,3958,3972,3953,4007,3970
NA19128_FOCAD1	4003,3977,3975,3961,3994,3940,3960,3941,4003,3842,4027
NA19127_FOCAD1	3969,3982,3972,3941,3954,3950,3994,3997,3985,3839,3657,3872,3940,3695,3961
NA19037_ASB1	1963,2421,2437,2008,2398,2409,1974,1998,2443,2407
NA19122_FOCAD1	4558,3670
NA19086_CLASP1	2907,3110,2979,3102
NA18913_ASB1	1984,3302,3315,2000,2009,3313,1983,1982,1989,3283,3298,3265,1991
NA19024_CLASP1	3243,3002,3081,2991,3001
NA18942_ASB1	2273,1964
NA19197_FOCAD1	4178,4175,4154,4126
NA18944_ASB1	2002,1979,1974,1994,2001,2008,1974,2022,1983,1995,2001,1967,1985,1989,1776
NA19207_FOCAD1	3974,3972,3925,3936,3981,3957,3991,3974,3881
NA19070_ASB1	1999
NA19028_CLASP1	2981,2983,2760
NA19119_FOCAD1	3793,3953,3955
NA19027_ASB1	3280,2101
NA19101_FOCAD1	4570,3998,4552,4503,3998,3924,4320,3789,4413,3963
NA19096_FOCAD1	3975,3893,3874,3973,3954,3959
NA19114_FOCAD1	3973,4009,4495,3940,4580,3969,3473,4397,3942,4591,3954,4479,3964
NA19118_FOCAD1	3951,3880,3989,3780
NA19113_FOCAD1	3948,3982,3993,3276,3804
NA19193_FOCAD1	3926,3951,4351,4371,4371,3187,3957,3968,4333,4289,3932,3876,4083,4349,4354,3934,4332
NA18972_ASB1	2266,2234,2248,1963,2263,1836,1966,2237,2260
NA19147_FOCAD1	4352,3960,3991,4313,3955,3988,4005,3810
NA19080_CLASP1	2943,2898,3003,2478,2910
NA19146_FOCAD1	3997,3494,4361,3503,3992,4157,3830,3989,3977,4308
NA18971_ASB1	2394,2412,2416,2435,2377,2434,2409,2434,2443,2438,2438,2438,2418,2440
NA19031_ASB1	2161,3957,1860,3893,2157,2150
NA18942_CLASP1	3148
NA19137_FOCAD1	3988,4395,4382,3981,4380,4357,4350,3751,3669
NA19189_FOCAD1	-17164,3951,4355,4329,3971,3983,3965,3985,817,3967
NA19153_FOCAD1	4340,4378,4357,4380,3994
NA19144_FOCAD1	4346,4395,3390,4358,3341,3381,3394,4365,4354,4362,4352,4085
NA19043_ASB1	2271,2072,2419,2114,2437,2348,2425,2444,2444,2050,2096,2098,2115,2441
NA18983_ASB1	1990,1949,1979,1968,1985,1957,2000,2002,1995,1878,1984,2009,1988
NA18977_ASB1	2002,2001,1930,1971,1997,1873,1940,1990,1987,1989,2002,1514,1804
NA18912_ASB1	3314,3312,3811,3837,3851,3302,3777,3855,3321,3830
NA18913_CLASP1	3161,3132,3162,3163,3128,3163,3174,3124,3156,3169,3142
NA19037_CLASP1	2986,2908,2819,2986,3140
NA19122_ASB1	2438,2422,2442,2382
NA18940_ASB1	2270,2269,2275,2249,2258
NA19012_ASB1	1979,2000,1988,1973,2002,1994,1981
NA18980_ASB1	1694,1990,1781,2034,1938,1994,1981,2029,1670,2030,1980,2032,2030,1997,1689,2039,1989,1978,6032,1997,1771,2053,1857,1984,1979,1700,1985,1986,2037,1965,2042,1994
NA18988_ASB1	1970,1978,1987,1998,1982,1978,2003,1996,1955,2000,1528,1995,1990,1987,1996,1993,1976,1999,1969,1961,1480,1997,1998,2007
NA19328_ASB1	2004,2155,2145,2002,2003,2169,1995,2166,2154,1990
NA19011_ASB1	2035,2136,2145,2132,2031,2032,2158,2089,2034
NA19197_ASB1	3293,3244,3302,3305,3290,3309,3304,2631
NA19315_ASB1	2003,1623,2448,1981,3291,1986,1994,3250
NA19207_ASB1	1995,2803,2773,1797,1972,1954,2782,1979
NA19003_ASB1	2164,2137,2165,2150,1983,2179,1991,2151
NA18966_ASB1	1848,2016,1990,1986,1989,2402,2433,1989,2398,1997
NA18969_ASB1	2428,2408,2409,2373,2320,2383,2399,2408
NA19031_CLASP1	3156,2756,2780,3153
NA19307_ASB1	2003,1984,1993,1996,2004,2000,1946,2441
NA19319_ASB1	3323,3304,2442,3264,2447,2431,3312,2449,3307,2424,3304,2430,2430
NA18946_ASB1	1990,1923,2005,1990,2024,1999,1977,1994,1982,2003,2007,1980,1966,1996,1984,1988,1844
NA19001_ASB1	2037,2001,1970,2157,2164,1972,1977,2159
NA19310_ASB1	3320,3309,3313,3289,3320
NA18940_CLASP1	2817,2980
NA18941_ASB1	1993,1982,1999,1992,1984,2003,1998,1983,2004,1996,1987,2006,2011,1999,1986,2002
NA18960_ASB1	1825,2077,2245,2052,2273,2152,2156,1808,2162,2132,2031,2116,2279,2036,2277,2287,2263,2170
NA19012_CLASP1	2983,2945,2996,2938,2931,2990,2979,2989,2985,3030,2987,2987
NA19055_ASB1	1997,1809,1976,1989,1976,1956,2015,1956,1986,1980,2019,1794
NA19022_CLASP1	2969,2967,2993,2997,2979,2971,2948,3010
NA18953_ASB1	1986,1997,2005,2000,1448,1984,2004,1999,1984,1989,1982,1985,1989
NA19114_ASB1	2156,2148,2126,2170,2151
NA19068_CLASP1	3015,3000,2866,2989,2922,2889,2900,2954,2961
NA19019_CLASP1	3018,2999,2983,2982,-2079
NA19207_CLASP1	3150,3116,3164,3167,3146,3156,3170
NA19059_CLASP1	2980,2953,2627,3664
NA18981_ASB1	2128,2336,2396,2122,2138,2378,2372,2150,2443,2162,2438,2395,2424,2403,2438,2153
NA19129_ASB1	2439,2012,2436,2031,2024,2432,2412,2029,2038,2448,2439,2418,2413,2022
NA18980_CLASP1	2194,2948,2926,2980,2995,2957,2977,2993,3005,3009,3002,2994,1808,3057,2983,2967,2979,3009,2990,2999,2979,1315,2974,2994
NA19238_ASB1	3284,3311,3315,3300,3327,3326,3239,3292,3135,3295,3304
NA19327_ASB1	2429,2435,15999,2447,2352,2479,2391,2413,2416,2433,2468,2428,2401,2428,2421,2438,2422,2432
NA18944_CLASP1	2994,3005,2972,2990,2934,2947,2975,2999,2980,2976,2998,2980,2958
NA18947_ASB1	3300,1950,1979,1910,-2015,3308
NA19070_CLASP1	2084,2831,2950,2986
NA18965_ASB1	2402,2127,2219,2112,2430,2429,2141,2422,2439,2425,2134,2143,2129,2165,2438,2146,2414,2157,2438,2022,2435,2153,2156
NA18968_ASB1	2148,2114,1996,2126,2161,1946,1989,1979,2156,1963,1990,2149,2157,1987,2011,1986,1986,1994,1990,2004,2162,2001,1986,2150,2155
NA19119_ASB1	2258,2438,2427,2441
NA19193_ASB1	2424,3323,2434,3338,3246,2435,3328
NA18974_ASB1	1973,1997,1981,1984,2022,2022,1716,2036,2030,2042,1985,2045,1994,2005
NA19027_CLASP1	2983,2921
NA19128_ASB1	2428,2431,2396,2454,2432,2429,2429,2425,2389,2322,2418
NA18972_CLASP1	2919,2992,2987,2907,2970,2640,2922,2732,2989,2966,2872,2985,3062,3003,3001
NA18977_CLASP1	-17975,2984,2984,2988,3009,2982,2980,2957,2916,1915,2885,4878,2975,2978,3023
NA19055_CLASP1	2945,3097,2996,2965,3051,3144,3140
NA18953_CLASP1	3145,3072,3145,3106,3147,3115,3096
NA18971_CLASP1	2991,2997,3016,2664,3003,3004,2986,3018,2971,2991,2982,2981,3013,2972,2987,2952,3002,2905,2994
NA18956_ASB1	1991,2424,1999,1651,2413,2414,2439,1612,1963,2443,2443,1967,2441,2425
NA19017_ASB1	2935,3041,2929,3035,2913,3443,3027,2881,2880,3031,2825,2869,3033
NA18981_CLASP1	2986,2708,2983,2981,2950,2891,3010,2978,2956,2937,2988,2994,2972
NA19118_ASB1	2274,3398,3341,2326,2327,2308,3415,2288,2252,3242,2326,2228,3332
NA19119_CLASP1	3124,3005,3152,2986,3003,2970,2872,2253
NA18983_CLASP1	2996,2979,2782,2997,2914,2985,2945,2999,2982,2990,2929,2991,2965,2806,2964,2923
NA19011_CLASP1	2954,3142,3065,3141,2992
NA19238_CLASP1	2979,3110,2973,2999,3107,2960
NA18989_ASB1	2453,43240,2441,2457,2446,2372,2437,2400,2454
NA19127_ASB1	4043,2022,2018,2047,2024,1943,2044,2042,4079,4054,1813
NA18988_CLASP1	2991,2925,2986,2959,2977,2983,2991,2990,2993,2978,3004,2961,3003
NA19003_CLASP1	2995,3000,2983,2986,3000,2969,2947,2998,2986,2199,2983,2991
NA18947_CLASP1	55012,2269,2977,2965
NA18966_CLASP1	3119,3151,3139,3144,3159,3169,3133,3112,3146,3158,3142,3027,2982,3136,3168
NA18969_CLASP1	3140,3138,3003,3146,3117,3176,3005,3153,2827
NA19043_CLASP1	3177,3167,2994,2952,2932,2966,2667,2973,3100,3159,3159,3156,3152,3046,2939
NA18974_CLASP1	3156,2992,2878,2989,3027,3158,2878,2997,3022,3152,2989,3135,2862
NA18941_CLASP1	3148,3158,3009,2993,2966,3162,2987,3152,3172,2983
NA18912_CLASP1	3159,2949,3159
NA19122_CLASP1	2955,3158,2908,2725
NA19128_CLASP1	2707,2947,3001,3006
NA19001_CLASP1	3146,3128,2969
NA19307_CLASP1	3033,2992,2982,2977,2989,2952,2975,2650
NA19315_CLASP1	3125,3088,2983,3012,3147,3163,3106,3166,3135,3156,3168,3177,3164
NA19197_CLASP1	2918,3143,2917
NA19101_ASB1	2368,2418,2323,2435,3250,2427,2908,3310,2372,3149,3227
NA19146_ASB1	3268,3246,3304,3299,3222,3317,3319,3289,3232,3294
NA18956_CLASP1	3127,3138,3002
NA19096_ASB1	3697,2139,2167,3751,3634
NA19017_CLASP1	3155,3153,3155,3142,3162,3166,3086,3141,3170,3156,3122
NA19310_CLASP1	3115,3119,3003,2965,3000,2600,2860,3122,2973,3131,3160
NA19147_ASB1	2161,2041,2157,2161,2104,2028,2021
NA19328_CLASP1	3142,3149,3165,3163,3166,3158
NA19189_ASB1	2786,4062,2814,4078,2441,4073
NA19113_ASB1	3314,1838,3318,1833,1827,3297
NA18946_CLASP1	2955,2966,3000,3141,2935,2912,3000,2843,3149
NA19144_ASB1	2781,2429,2426,2435,2783,2428,2432,2411,2443,2446,2402,2420,2452
NA19153_ASB1	2133,2155,2105,2154,2149,2140,1746,2144,2151,2144
NA19127_CLASP1	3168,3147,3132,3165,3175,3159,3162,3159
NA19114_CLASP1	2991,3166,3151,3181,3073
NA19137_ASB1	2400,2424,2433,2435,2197,2145,2447,1786,2150,2430,2417
NA19189_CLASP1	3170,3158,3176,3141,3161,3161,3105,3171,3135
NA18968_CLASP1	3012,3005,3087,3162,2981,2986,2983,3029,3007,2996,2990,3078,3075,3137,2972,2982,3152,2886,2928,2976,3133,3179,2994,14159,3006,3164,3167,3017,2863,3035,3159,3115,3181,3159,3140
NA19319_CLASP1	3176,3077,3168,3181,21286,3152,3152,3168,3173,3170,3122
NA18960_CLASP1	2991,2994,2988,2980,2979,2997,2970,3051,2908,2928,2977,2975,5424,2979,2967,2990
NA19129_CLASP1	2989,3142,3162,2983,3177,2935,2987,3148,3150,2980,3011,2979,3003,2985,3072,5126,2988
NA19193_CLASP1	2593,2985,2982,3146,3162,2974,2986,3169
NA18989_CLASP1	2935,2975,2945,2939,2996,2986,2972,3013,3002,2970,2980,2923,2977,2930,2881
NA19327_CLASP1	2982,3002,2906,2758,2991,3016
NA19101_CLASP1	3147,3157,3138,3129,3118,3162,3172,3106,3133,3179,3088,3137,3165,3130,3148,3152,3069
NA18637_FOCAD1	4133,4377,4370,4291,4161,4365,4299,4290,4373,4340,4275
NA18639_FOCAD1	3993,4282,4255,3953,4353,4361,4338,3948
NA18965_CLASP1	3008,3009,2990,2972,2997,2960,3011,2986,2955,2926,2878,3002,2985,3008
NA18621_FOCAD1	3987,3956,3946,4263,3965,3934,3895,3970,3983,4172,4104,4297,3986
NA19137_CLASP1	3152,3179,3165,3170
NA19153_CLASP1	3056,3159,3139,3089,3002,2994,2985
NA18625_FOCAD1	4348,4369,4376,4354,4379,4340,4341,4393,4346,4348,4353,4342,4366,4372
NA18616_FOCAD1	4386,3831,4366,4325,4333,4327,3978,3966,4326,3977,3966,4339
NA18874_FOCAD1	4025,3990,3980,3997,3961,3970
NA18623_FOCAD1	3997,4358,4373,4363
NA18592_FOCAD1	4250,4375,4375,4353,4375,3992,4418,4364,4319,4329
NA18546_FOCAD1	36885,4342,4346,4374,4338,3954,4019,4356,3950,4371,4179
NA18591_FOCAD1	3803,3949,4288,3895,3962,4343,3922,4263,4377,3887,3935,3973,4053,3946
NA18579_FOCAD1	4381,4358,4370,4355,4324,4347,4158,4373,4352,4292,4311,4283,4087,4283,4320,4349,4169,4394,4332,4352,4327,4346,3922
NA18605_FOCAD1	3863,4050,4400,4389,3977,4397,3945,3974,3995,4316,4338,3960,3988,3965,3931,4372,4043,3958,3959,3972,3945,4358,4353
NA18612_FOCAD1	4346,4373,3977,3988,3963,3956,4374,4336,4377,3963,4366,3793,4394,4372
NA18595_FOCAD1	4335,3855,3947
NA18862_FOCAD1	4350,4363,4304,4344
NA19144_CLASP1	2979,2964,3004,2989,2857,2955,2996,2981,2932,3003,2978,2994,2956,2734
NA18873_FOCAD1	4374,4344,4334,4372,4373
NA18571_FOCAD1	4040,4339,4165,4325
NA18570_FOCAD1	3930,3784,3969,3123,3895,3989,3982,3970
NA18544_FOCAD1	4351,4345,4355,3970,4394
NA18577_FOCAD1	3975,3875,4404,3988,4349,4006,3977,4330,4306,4288,4008,4372,3961,4162,4357,3954,4004
NA18540_FOCAD1	3972,3967,4007,3995,3960,3955,3928,4618,4286,-8459,4242,3974,3949,4357,4374,4295,4302,3972,3984,4343,3923,4294,4386,3963,4305,4361
NA18530_FOCAD1	3959,4370,-5772,4300,3285,4382,4334,3965
NA18599_FOCAD1	3970,4377,4356,3979,4373,4247,4010,3987,4343
NA18603_FOCAD1	4342,4299,4345,4396,4278,4335,4369,4316,4380,4366,4376,4385,4361,4354,4363,4351
NA18539_FOCAD1	4381,4297,4362,4380,4283,3963,4371,4352,4284,4386,4360,4339,4331,4014
NA18566_FOCAD1	3999,4378,3939,4322,3997,4363,4301,4358,4347,3976,4371,3484,3974,3710,4374,4277,3923,3978
NA18538_FOCAD1	3800,3777,4266,3635,3657,4185,4240
NA18532_FOCAD1	3997,3834,3984,3940,4008,3965,3940,3967,4018,3969,3996,3986,3982,3954,3890
NA18565_FOCAD1	3925,4163,4361,4018,3925,4306,4378
NA18555_FOCAD1	4127,4177,4185,4454,4514,4152,4322,4109,4169,4010,4156
NA18525_FOCAD1	4395,4374,3828,4336,4291
NA18526_FOCAD1	3981,3763
NA18528_FOCAD1	3563,3794,3970,4002,3595,3936,3996,3956,3988
NA18553_FOCAD1	4336,4356,4360,4210,4364,4384,4330,4356,4339,4232,4340
NA18552_FOCAD1	3962,3950,3941,4003,3952,4333,3901,3626
NA15727_FOCAD1	4322,3988,3979,4402,4350,3952,4352,4265,4235,3948,3994
NA18632_FOCAD1	3989,3951,4024,4003,3976,3990,3847,3971,3959,3954,3933,3842,3955,3994,3990,3192,3983,3993
NA18498_FOCAD1	4367
NA18499_FOCAD1	3970,4016,3964,3966
NA18502_FOCAD1	4354,3976,4396,4365,3967,3974,3989,3972,3825,4354,3969,3993
NA18523_FOCAD1	4356,4377,4390,4343,4394,4348,4388,4356,4308,4355,4375,3872
NA18510_FOCAD1	4200,4156,4580,4135,4167,4168,4552,4161,4565,4160
NA18520_FOCAD1	3960,-4194,4008,4342,4006,4358
NA18516_FOCAD1	3988,3871,3968,3980,3910,3977,3985
NA18504_FOCAD1	3962,3948,3927,3959,3969,3964,3951,3877,4028,4006,3937
NA15730_FOCAD1	4001,3965,4356,3754,4001,3971,4229,3994,3974,3985,4374,3887,4365,4355,3967,3916,-5128
NA15729_FOCAD1	4370,4075,3728,4384,4429,4347,4283,4267,4352,4338,4303,4362
NA15732_FOCAD1	3907,3947,3925,3880,3983,4032,3952,3954,3821,4008,3974,4001,3073,4020,4024,3525,3958,3950,3984
NA15728_FOCAD1	4315,4269,3935,-9762,3963,4344,3641
NA18639_ASB1	1544,2280,2288,2444,2395,2185,2422,2427,2432
NA18859_FOCAD1	3931,3918,3998,4370,4391,4351
NA18853_FOCAD1	4219,4000,4377,4379,4296,3980,3994,3856,4352
NA19118_CLASP1	3166,3166,3177,3104,3149,3150,3150,3079,3209,3109,3162,3189,3131,3149,3160
NA18874_ASB1	3321,3315,3247,3749,3299,3316,3732
NA18567_FOCAD1	3959,3967,3962,3892,3998,3969,3979
NA18741_FOCAD1	3986,4350,4389,3982,4331,3977,3994,3964,4382,4376,3951
NA18642_FOCAD1	3955,4017,4045,4397,3964,3996,4000,4398,3947,3996,3858,3994,4336,3975,4301,4336,4012,4132,4308,4365
NA18595_ASB1	1956,1833,1895,1988,1971,2003,1982,1945
NA18862_ASB1	1986,1990,2319,2023,2312,2309,2319,2030,1990
NA18592_ASB1	2022,2002,2003,1988,1982,2027,2176,2191,2216,1983
NA18499_ASB1	2132,3299,3273,3310,2160,3318,2159
NA18498_ASB1	2436,2167,2162,2132,2135,2105
NA18639_CLASP1	3154,3148,3024,2991,3134,2890,3136
NA19147_CLASP1	2884,2982,2980,3132,2974,2978,3003,3135,3137,2999
NA18616_ASB1	1992,1998,1973,1955,1967,1970,1996,1980,2000,1996,1991,1987,1980,1986,1991,1983,1981,1993,2000
NA18544_ASB1	2244,2320,1578,1998,2011,1999,2305
NA18530_ASB1	2136,2134,2174,2161,1973,1993,2000,1950,1989,1994,2147,2004,2162
NA19113_CLASP1	2988,3009,2937,2978,2963,2976,2995,2991,2951,2985,2994,6464,2940,2699
NA18520_ASB1	3310,2424,3312,2449,2435,3162,2474,2440,2438
NA19096_CLASP1	2988,3152,2699,3158,2992,2446
NA19146_CLASP1	3152,3172,3168,3123,3158,3165,3142,3130,3166
NA18595_CLASP1	3060,2899,2824
NA18599_ASB1	1968,2464,2450,1997,1972,1988,1993
NA18523_ASB1	2275,2787,2757,2303,2310,2298,2302,2309,2798,2248,2796,2803,2788
NA15728_ASB1	1995,1982,2347,2403,1960,1918,2001,2445,2421,1988,2002,2004,1981,2415,1977
NA18567_ASB1	1991,2006,2002,1992,1998,-19269,1995,1968,1990,1994,1998,2000,2000,1976,2020,1994,1974,2003,1976,1979
NA18570_ASB1	1996,2000,1992,2278,2268,2229,2272,2261,2010,1978,1995,1997,2208,1940
NA18621_ASB1	1986,2005,1997,1975,2000,1994,1836,2002,1992,2009
NA18552_ASB1	2435,1995,1915,2436,1994,1996,2434,2436,2417
NA18565_ASB1	1993,1992
NA18571_ASB1	1995,1984,1993,1970,1975,2000,1935
NA18873_ASB1	2154,2148,2151,2158,2140
NA18555_ASB1	2039,1941,2024,1996,1523,1989,1999,1982,2004,1990,1930,2002,1993,1995,2006,1725
NA18623_ASB1	2047,2449,2002
NA18592_CLASP1	2984,2992,2982,2948,2983,2961,2991,3020,1996,3004,2980,2978,3018,2931,2945
NA18862_CLASP1	3146,3154,3166,3105,3162,3163,3147,3155,3139,3153
NA18591_ASB1	1983,2272,1990,2280,2004,1976,1749
NA18520_CLASP1	3122,3026,3158,3141,3134,2960,5188,3166,3152
NA15727_ASB1	2431,1468,2427,2435,2423,2447,2430,2445,2387,2443,2388,2436,2430,2422
NA18526_ASB1	1973,1946,1944,2005,1829
NA18612_ASB1	2448,2259,2234,2449,2423,2427,2406,2440,2265,2428,2280,2425,2271,2433,2272,2415,2430,2405,2293
NA18637_ASB1	1966,2441,1988,2442,2436,2418,2005,2433,1990
NA18525_ASB1	1934,2263,2351,1979,1991,1979,2329,2346
NA18605_ASB1	1959,1991,1989,1976,1999,1998,2001,1988,1971,1992,1987,1997,1998,1980,1950,1988,1973,1995,1993,1992,1991,1995,2005
NA18579_ASB1	2164,2157,2133,2117,2124,2145,2148,2154,2178
NA18599_CLASP1	23471,2445,3147,2963,2975,3153,3131,3136,2976,2971,2953,2622,3114,2991,3084,3731
NA18537_FOCAD1	4342,4053,4361,4363,4227,4378,4387,3453,4324,3802,4306,4333
NA18538_ASB1	2009,2094,2112,1913,1855,1651,1918,1759,1783,1638
NA18516_ASB1	3197,4069,4072,4056,4074,3314
NA18873_CLASP1	2995,3140,3118,3162,3175,3143,2986,2924
NA18623_CLASP1	3000,2962,3008
NA18510_ASB1	2326,3310,2297,2309,2309,2303,3299,2078,2318,3248
NA18528_ASB1	2282,2005,2281,1980,1978,1934,1978,1978,2282,2270,1982,2293,2257,1974,1990
NA18530_CLASP1	2781,2974,2979,2997,2994,2992,2974,3001,2985,3010,2931
NA18546_ASB1	2001,2426,2392,1986,2432,2440,2435,1987,1999,1993,2435,2001,2004,1986,1996
NA18603_ASB1	1998,1992,1996,1987,2006,1989,1994,2003,1992,1985,1988,1999,1986,1994,2005,-1556,1882
NA18565_CLASP1	3107,3165,3122,3152
NA18552_CLASP1	2994,3142,2975,2925,2995
NA18504_ASB1	2825,2450,2431,2459,2448,2768,2449,2799,2441,2803,2444,2300
NA18859_ASB1	2439,2437,2412,2413,2444,2310,2444,2452,2436,2430,2468,2439,2450
NA18555_CLASP1	3157,3147,3161,3146,3058,3154,3159,2936,2889,3137,3153,2967,2977,3095,2994,2982,2993,2902,2973,2930,3136
NA15730_ASB1	1982,1999,2473,2480,1935,1998,2452,1992,2004
NA18741_ASB1	2122,2152,2151,2155,2278,2163,2262,2139,2255,2135,2154,2275,2285,2285,2281,2251,2266,1741
NA18567_CLASP1	3101,3188,2965,2980,3103,3142,3174,3112,3153,3165
NA18874_CLASP1	3175,3163,3127,3140,3161,3150,3173,3135,3159,3191
NA18539_ASB1	2448,2390,2283,2419,2402,2277,2441,2421,2187,2270,2290,2438,2275,2234,2275,2398
NA15729_ASB1	2016,2159,2155,1990,1990,1997,2092,2140,2009,1999,2148,1987,2096,2144,2002,1980
NA18526_CLASP1	2988,3145,3089,2876
NA18867_FOCAD1	4372,4378,4381
NA18579_CLASP1	2994,2966,2941,2955,2880,2920,3016,2859,2988,2983,2989,2983,2970,3000,2849,3008,3004
NA18499_CLASP1	3120,3035,3173,3188,3144
NA18498_CLASP1	3160,3154,3154,3164,3162,3177,3152
NA18502_ASB1	2162,2007,2144
NA18538_CLASP1	2960,2908,3111,2979
NA18868_FOCAD1	4259,4376,4370,4363,3957,3957
NA18853_ASB1	3319,3270,3314,3285,2166,3230,3340,2140,3309,2164,3251,2163,3251,2161,2151,3255,2138,2163
NA18525_CLASP1	2980,2879,3002,2868,2987,2575,2959,2981
NA18603_CLASP1	2964,3158,3138,3003,3017,3008,3146,3145,3009,2977
NA18540_ASB1	2394,1983,2441,2430,1974,2437,1982,1987,1948,2375,2004
NA18625_ASB1	1998,1981,1996,2033,1992,1996,1986,1988,2003,1934,1994,2004,1989,1992,1998
NA18528_CLASP1	2540,2979,2995,2961,2944,2965,2986,2997,2998,2987,2969,2974,3007,2997,2969,2992,2979,2988
NA18544_CLASP1	2983,2977,2991,2997,2956,2959,2815
NA18632_ASB1	2000,3312,3285,3301,3294,1975,3305,1994,3314,2004,1979,1903,3306,3213,1999,3247
NA18537_ASB1	2460,2411,2396,2432,2438,2400,2022,2273,2441,2256,2398,2434,2422,2277,2259
NA18616_CLASP1	3121,2987,3017,2999,2989,3103,3080
NA15730_CLASP1	-68820,2979,2970,3132,2982,3002
NA18859_CLASP1	2914,2933,2825,2991,2976,2996,2950,2982,2998
NA18621_CLASP1	2957,2991,2964
NA18523_CLASP1	2994,2993,3016,2951,2986,2811
NA18510_CLASP1	2980,3019,3003,2968,2952,3138,3128
NA15729_CLASP1	2975,2988,2997,2979,3005,3011,3014,2973
NA18532_ASB1	1982,2011,2000,2435,1963,1979,2009
NA18540_CLASP1	2937,2990,2970,3166,3119,3173,3168,3019,2981,3146,2996,2919
NA18868_ASB1	2166,2161,1765,2426,2425,2179
NA18566_ASB1	2005,2012,2435,2422,2004,2438,2442,2392,1997,1932,2447
NA18867_ASB1	2041,2022,2389
NA15732_ASB1	1989,2434,2387,1993,1992,2448,2420,1997
NA15728_CLASP1	2983,2987,2992,2992,2952,2983,2924,2987,2951,2981
NA18591_CLASP1	2998,2984,2984,2965,2928,2982,2995,3005,2611,2987
NA18625_CLASP1	2988,2922,3006,1331,3002,2970,2983,3006,2920,3021,2970,2972,2991,2995,3002
NA18605_CLASP1	3139,3147,2879,2976,3163,2994,2951,3163,2991,3002,3150,2998,2924,3155,2953,2907,2962,2824,2922,2991
NA18637_CLASP1	2961,2837,3015,2964,2995,2978
NA18612_CLASP1	3118,3140,3163,3148,3147,3141,2504,3151,3141,2827,3145,3073,3133
NA18553_ASB1	1983,1868,1995,1999,1986,1999,1998,1994,1998,1947,1870,1947,1972,1989,1993,2009,1990
NA18577_ASB1	2162,2269,2217,2186,2266,2272,2266,2140,2285,2274,2236,2124,2151,2147
NA18532_CLASP1	3167,3152,3131,3131,3152,3169,2837,3086,3056,2819,2709,3149,3168,3157,3140
NA18516_CLASP1	2760,3143,2989,3185
NA15727_CLASP1	2963,2930,2964,2910,2938,3013,2992,2886,2975
NA18546_CLASP1	2956,3001,2993,2985,3007,2921,2958,2980,3002,3022,5088,2980,2942
NA18504_CLASP1	2984,3167,3177,3136,2067,3005,2948,3163
NA18502_CLASP1	2869,2985,2824,2969,3005,2243,2973,2983
NA18642_ASB1	2002,1997,1966,1976,1988,1993,1996,2001,1990,1934,1977,1984,2012,2005,1985,1995,1997,1985,1962,2004,1974,2006,2002
NA18539_CLASP1	2996,3171,2954,3018,2998,3139,2926,2986,2982,3004,2968,2972,3006,3000,2984,2944
NA18632_CLASP1	2660,3182,2556,3128,3161,3118,3189,3151,3142,3147,4509,3107,3105,3154,3138,3184,3132,3131,3054,3118
NA18537_CLASP1	2992,2913,3127,3150,3145,2971,2657,3147,2338,3005,2983,3136
NA15732_CLASP1	3009,3145,3089,3149,2984,2937,3137,3138,3095,2984,2071,2992,2770,3119
NA18566_CLASP1	3145,2995,2997,2962,3156,3133,2944,2988,3001,2782,-2658,3085,3097
NA18741_CLASP1	2983,2980,2974,2996,2980,2987,2997,2983,2963,3012,2958,2986,2800,2989,2946,3021,2912,2998,3010,2942
NA18853_CLASP1	2998,3022,2987,2966,3001,3012,3011,2966,2997,2978,3016,3003,2989,2985,3003
NA18868_CLASP1	3170,3176,3152,3164,3156,3123,3155,3165,3167,3161,3161,3144,3162
NA18642_CLASP1	2511,2995,3001,2937,2983,2323,2907,3016,2987,2988,2890,3003,1976,2736,3007,2899,2988,3006,2966,3000
HG04198_FOCAD1	3981,3949,3993,3987,3976,3975,3997,3973,3983,3987,3999,3983,3984
HG04024_FOCAD1	4327,4287,4372,3815,3992,4356,4371,3985
NA18867_CLASP1	3151,3151
HG03990_FOCAD1	3981,3959,3998,3998,3949,3925,3983,4013,3976,3979
NA07348_FOCAD1	4001,3979,3657,4359
HG04186_FOCAD1	4311,3989,4374,4171,3759,3890,4315,3987,3972,3971,3975,4339
HG04183_FOCAD1	3278,3981,3983,3976,4357,4356,4004,3750
HG03977_FOCAD1	4291,3979,3275,4364,4340,4179,-1435,3943,3958,3994
HG03973_FOCAD1	4351,4366,4376,4369,4267,4340,4336,4264,4355,4721,6789,4389,4383,4345
HG03976_FOCAD1	4231,3993,4329,4380,3984,-4766,3977
HG04062_FOCAD1	3908,3866,3804,3960,3931,3789,3937,3866,3951,3946,3919,3960,3494,3021,3994,3975
NA18553_CLASP1	3008,2964,2979,3129,2914,2974,2884,2985,2970,3162,2987,2996,3153,3015,2998,2984,3146,3171,3155,3170,3091,3075
HG04192_FOCAD1	4379,4339,4345,4342,4359,4370
HG04191_FOCAD1	3986,3882,3973,3914,4245,4003,4353,4353
HG04194_FOCAD1	4031,3983,4362,4262,4359,3908,3968,3990,3982,3970
HG04156_FOCAD1	4413,4405,4187,4358,4316,3887,4398,4377,4317
HG04039_FOCAD1	4381,4294,4358,4270,4333,4382,4205,4362,4311,4352,4345,4365,3931,4351,4348,4310,4340,4098
HG04025_FOCAD1
NA07048_FOCAD1	4348,4361,4334,3989,3990,3945,3570,-454
HG04017_FOCAD1	4329,4362,4327,4000
HG04140_FOCAD1	4005,3974,3994,3950,3912,3951,3977,3956,3880,3972,3939,3858,3961,3993,3969,3997,3524,3273,3966,3959
HG04146_FOCAD1	3943,3986,3975,3321,4011,3977,3963,3951,3898,3984,4306
HG04147_FOCAD1	4052,4362,4238,3807,4364,4373,4317,4384,4298,4370,4383
HG04177_FOCAD1	4351,4381,4338,4352,4350,4349,4377,3765,3418,3837,3984,4326,4368,3969,3976,3953,4087,4381,3966,4320
HG04149_FOCAD1	4020,3979,3984,3944,3974,3956,4017,3959,3976,3835,3991,3994,4047,3942,3978,3982,3955,4004,3957,3983,3930,3817,3956,3963,3987,3764,3949,3999,3990,3869,3967,3988,5443,4006
HG04180_FOCAD1	3957,3943,3838,3955,3969,3810,3912,3956
HG04020_FOCAD1	3190,3943,3986,3963,3975,4011,3984,3982,4008,3980,3992,3992,3274,3982,4011,3971,3952,3987,3978
HG04022_FOCAD1	3994,3988,3972
HG04018_FOCAD1	3877,3997,4003,4005,4001,3916,3980,3987,3990
HG04006_FOCAD1	4340,3993,4364,3906,3994
HG03999_FOCAD1	4358,4333,3989,3991,3996,3889,4341,4350,3937
HG04014_FOCAD1	4380,4370,4358,4356,4326,4350,4376
HG04015_FOCAD1	4008,4003,3990,3998
NA15725_FOCAD1	4362,4357,3989,4346,4292,4351,4354,3957,4358,4310
HG04128_FOCAD1	3952,3983,3992,2617,3976,3966,3972,4017,3961
HG04118_FOCAD1	4008,3973,3875,3995
HG04131_FOCAD1	3969,3976,3998,3810,3954,3971,3995,3985,3965,3990,3848,3957,3897,4012,3915
HG04132_FOCAD1	4395,4221,4364,4329,4356,4364,4356,4397
HG04070_FOCAD1	4370,4363,3981,4376,4360,4306,4388,4387,4001,4379,3984
HG04099_FOCAD1	3985,3948,3677,3998,3981,3999,4004,3973,3843
NA07019_FOCAD1	3381,3951,3978,3824,3959,3945,3967
HG04200_FOCAD1	3971,3992,3977,3972,4003,4000,4007,4003,3961,3541,3978,3990,3945,3934,3965
NA12892_FOCAD1	4362,4385,4333,-5799,4360,4086,4338,4333,4379,4296,4301,4334
HG04227_FOCAD1	3945,3966
HG04210_FOCAD1	4307,4382,3890,4373,3699,3955,4142,3928,4364
NA06989_FOCAD1	3252,3782,3986,3973,3993,4016,3986,3974,3998,3902,3944,4014,3999,3763,3987,3977,3993,3950
NA07014_FOCAD1	4377,4184,3993,3856,3940,4366
NA15204_FOCAD1	4002,3922,3977,4357,3987,4356,4294,4353,4007,3989,3982,3972,4376,3981,4332,4358,3991
NA12891_FOCAD1	3947,3941,3942,3828,4005,3637,3975,3982,3974,3929,3990,3977
NA15208_FOCAD1	3978,3966,3984,3943,3904,3995,3971,3989,3974,3965,3940,3968,3970,3966,3940
NA12890_FOCAD1	3971,3912,3955,3999,3993,3939,3975,3939,3991,3975,3842,3954,3965,3941,3988,3949,3976,773,-563,3897,4000,4004
HG03990_ASB1	2013,2000,2011,1994,1984,1992,1994,1986,1423,1946
HG04022_ASB1	1993,1986,1877,1987,1992,1987,2015,1995,1987,2008
HG04024_ASB1	2005,2006,1998,1999,2005,1996,1816,1978,1996,2000
HG04017_ASB1	2419,2409,2436,2418,2367,2491,2414,2430,1784
HG04227_ASB1	1958,1242,1954,1544,1546
HG04183_ASB1	1993,1852,2002,1772,1995,1996,1982,1980,1996,1964,1969
HG04194_ASB1	1969,1983,1950,1958,2002,2015
HG04180_ASB1	2007,2002,2010,1863,1925,1930,1996,1980,1970,1919,2004,1343,1907,1822,-2372,1961,1968,1991
HG04186_ASB1	1924,1891,2418,1929,1990,1994,1996,1991,1991,2422,2423,1960,1978,2008,2384
NA12801_FOCAD1	3967,3963,3980,3992,3862,3963,3822,3942,3969,3984
NA12386_FOCAD1	3713,3975,3983,3846,3945,3992,3909,3983
NA12376_FOCAD1	4211,4342,3956,3959,3806,4179,4394,3794,3950,4368,4383,4224,3894
NA12766_FOCAD1	3961,3868,3945,3958,3896,3979,3973,3995,3971,3972,3969,3978,3923
NA12889_FOCAD1	3983,3976,3919,3970,3967,3967,4000,3947
HG04146_ASB1	1984,1985,2007,1626,1981,1972,1978,1819,1977,1552,1990,1979,2004
HG04156_ASB1	1947,2006,1991,1979,1974,1987,1997,1988,1983,1994,2007,1991
HG03990_CLASP1	3173,2973,3173,2996
NA12802_FOCAD1	3969,3938,3939,3990,3944,3917,3939,3980,3798,3990,3994
HG03999_ASB1	2001,2002,1970,1631,1980
NA12878_FOCAD1	4012,3976,4344,4001,4320,4376,3982,4272,4355
NA12877_FOCAD1	4050,3720,3808,3944,3842,3766,3997,3952
NA07348_ASB1	1991,1998,1999,1989,1977,1508,2006,2012,2054
NA10856_FOCAD1	3993,3041,3746,3404,3998,3821,3988,3922,3778,3984,3909,5420,3967
HG04024_CLASP1	3106,2981,2601,3158,2988,3171,3160
HG04227_CLASP1	2989,3000,2990,2992,2969,2835,2981,2998,2957,3009,2857,2855,2969
NA12335_FOCAD1	4361,4396,4357,4339,3807,3894,4008,3961,4359,4287,4363,552,3981,3966,4375
NA07019_ASB1	1997,1856,1975,1973,2001,1944,1977
HG04025_ASB1	1997,2010,2005
HG04198_ASB1	1697,1983,1986,1977,1993,2009,1936,1998,1994,2003,1982
HG04128_ASB1	2006,1997,1982,1986,1993,1920,12731,1619,2002,2003,1987,1978,1982,1984,2001
NA12891_ASB1	1868,1875,1996,1893,1998,1998,1831,1990,1981,2007,1994,1994,1999,2014
HG04194_CLASP1	3003,3002,2980,2998,2989,2955,2994,2956,2955,2766,2969,2977
NA10835_FOCAD1	4538,3971,3944,3905,4181,4557
NA10839_FOCAD1	3872,3967,3989,3997,3911,3405
HG04039_ASB1	3309,3324,1997,3263,1986,1993,2005,1998,1977,3295,1934,3308,1997,3299,3335,1977,3306,3319,3280,2002,3313
HG04192_ASB1	2411,2386,2428,2408
HG04118_ASB1	1990,1998,1996,1973,2005,1998,1987
HG03976_ASB1	2423,2002,2435,2426,2009,1980,1925,2435,2215,1962,2438,1977
HG04132_ASB1	1992,2007,1971,1862,2014,1983,2000,1979,1985,1978,2007
HG03999_CLASP1	3007,2977,2992,2962,2989,2978
HG03977_ASB1	2433,2000,2431,2434,2440,1992,1929,2446,2004,2016,1999,2448,2005,1967,1962
HG04191_ASB1	1986,2140,2152
HG03973_ASB1	2430,1910,2004,2442,2408,1998,1986,2350,2430,2002,2417,2443,1992
HG04210_ASB1	2001,1998,1964,1993,1984,2027,1997,1997,1996,2000,1999
HG04018_ASB1	2402,1976,2450
HG04015_ASB1	2431,2429,2471,2387,2434,2441,2430,2441,2427
NA10852_FOCAD1	4251,4312,4360,4229,4356,4317,4357,4065,4369,4361,4359
HG04006_ASB1	1995,1989,1981,2006,1996,1996
HG04099_ASB1	2002,2190,2143
NA10851_FOCAD1	3986,3994,4005,3970,3994,3990,3967,3989,3990,-8817,3959,3940,3983,3914,3985,3968,4024,3906,3348,3962,3967
NA12336_FOCAD1	3819,4343,4360,4367,-27910,4377,4374,4375,4356,3963,3965,4357,4361,3715,4242,3932,3916,3966,3727,4371,3580,4362
NA07048_ASB1	2429,1999,2441,2419,2654,1982,2004,2429,2003
HG04177_ASB1	2005,2407,1967,2437,2408,1956,1986
HG04014_ASB1	1989,2012,2000,1992,1976,1980,1984,1997,2000,1903,1962,2000
NA07348_CLASP1	3034,2999,2940,3015,3005,2985
HG04156_CLASP1	2992,2987,2962,2940
HG04198_CLASP1	2996,2869,2999,2991,2935,3001,2998,2996,2984,3009,2911,2944,3009,2965,3006
HG04131_ASB1	2416,2392,2421,2407,2402,2368,2440,2442,2403,2415,2408,2417,2447,2431,2443,2427,2419,2395,2427,2456,2427,2231
HG04070_ASB1	2168,2110,2099,2428,2120,2430,2164,1869,2123,2443,2441,2058,2431,2162,2414,2435,2425
HG04183_CLASP1	2930,2992,2019,2967,3013
HG04147_ASB1	1978,1976,1991,1945,1986,1929
NA10861_FOCAD1	3937,3888,4374,3826,4368,3574,3997,3955
HG04118_CLASP1	3151,2990
NA10842_FOCAD1	3982,3970,3955,3953,3970,3987,3962,3992,4009,3982
NA10850_FOCAD1	4341,4293,4378,4330,4372,4382,4367,4196,4298,4370,4310,4386,4366,4206,4057,4355,4363
NA10857_FOCAD1	3978,3288,3996,3969,3460,3999
NA10859_FOCAD1	3957,4012,3815,3916,3972,3989
NA10843_FOCAD1	3918,4341,3481,3989,4389,4340,4349,3979,3972,4349,3950,3956,4367,4349,4296,4344,3945,3983,3936,3996,3972,3991,3970,3981,3987,4261,3953,3992
HG04020_ASB1	2160,2154,2166,2161,2156,2140,2149,2155,2161,2153,2155,2128,2156,2142,2185,2165,2142,2161
HG04140_ASB1	2432,2413,2429,2407,2404,2416,1693,2415,2424,2428,2436,2428,2405,2453,2333,2427,2438,2372,2446,2429
HG04210_CLASP1	2907,3132,3129,3161,3010,2972,2636,2989,2998,2988,2993
HG04022_CLASP1	2941,3294,2993,3049,3162,2993
HG04017_CLASP1	3019,3001,2731,2973,2976,2981,2179,3005,2968,3000,2998,2993,2997,3003
NA12889_ASB1	1201,1977,1984,1923,1984,2005,1992,1981,1999,1971,1983,1983,1990,1985
HG03976_CLASP1	3141,2993,2326,3154,2986,3147,3127,3005,3159,3131,3178,3102
HG04200_ASB1	2434,2412,2432,2454,2423,2701,2425,2386,2434,2419,2433
NA12892_ASB1	1976,2004,1982,1993,2002,1999,2391,1981,1978,2446,2014,2308,2418,1873,2434,2434,1768,2400,2444,1998,2425,2429,1990,2445,2049
HG04192_CLASP1	2366,2964,2932,2894
HG04015_CLASP1	3162,3137,3151,3165
NA07014_ASB1	1991,2444,1997,1998,1910,1971,2417,2455,1984,2367,2006,2429,1967,1999,2455,2429
HG04014_CLASP1	2999,2984,2871,2923,2974,2990,2966,2987,3013,2995,2969,3008
NA15208_ASB1	1990,1997,2422,2447,1970,1976,2440,2005,2439,1966,2007,2023,1967,2532
NA10856_ASB1	2418,2443,2427,2436,2431,2432,2439,2425
HG04062_ASB1	2414,1976,1948,1995,2354,2431,2000,1986,2456,1909,1997,1980,2439,1993,2441,2403,1891,1990,2421,2438,2045
HG04070_CLASP1	3010,2996,2937,2995,2997,2977
HG03973_CLASP1	2959,2980,2979,3004,2917,2766,2976,3026,3009,2994,2480,2824,2974,2945,2932,3010
NA10839_ASB1	1958,1994,1968,1897,2006,1971,2002,2005,1996,1986
HG04131_CLASP1	3205,3160,3161,3128,3141,3159,3140,3155,3192,3124,3156,3147,3159,3159,3158,3156,3145,3160,3157,3169,3152,3177
NA06989_ASB1	1997,2005,1986,2010,1986,1991,2075,1989,1983,1998,2000,1968,1927,2007
NA12802_ASB1	1963,1999,2001,1994,1998,1990,1976,1997,2002,1999,1984,1966,1978
HG04020_CLASP1	3002,2962,3012,2985,2994
NA12766_ASB1	2434,2414,2427,2416,2393,2372,2413,2399,2433,2432,2441
NA07019_CLASP1	2970,2858,2965,3000,2980,2996,2992
NA15725_ASB1	2443,1787,2412,2405,2432,1989,3545,1970,2300
NA10861_ASB1	1880,2432,1851,2432,1872,2442,1891,1822,1854,1860,1874,2402,1871,2434,1871,1857,2413,2276,1890,2446,1915,2374,2439,1868
HG04146_CLASP1	2983,2976,2968,3024,2984,2953,2990,2983,2999,2989,3002,3163,3141,3149
NA10859_ASB1	3329,3276,3305,3279,3310,3279,3295,3261
HG04186_CLASP1	2996,2992,2961,2908,3008,2900,2978,2709,2982
HG04180_CLASP1	2997,2973,2825,2996,3012,2944,3012,3006,2975
NA10857_ASB1	2445,2425,2302,2423,2446,2431,2447,1789,1995,1998,1989
NA12878_ASB1	1914,2446,1964,2436,2449,1984,1982,2439,2416,-4556,2432,2406,2001,2423,2424,2401
NA12877_ASB1	2452,2403,1981,1986,2431,1978,1994,2020,1926,1825,2175,2203,2401,2438,1990,2025
HG04140_CLASP1	3134,-48948,2668,2825,3176,3151,2986,3159,2964,3143,3073,3129,2962,3146,2982,3143,3567,2919
NA10835_ASB1	2423,2432,2437,1992,1993,1695,2006
HG04099_CLASP1	3002,2999,2988,2984,2994,2999,3000,2990
HG04025_CLASP1	2941,2969,2928
HG04149_ASB1	3279,3236,3258,2417,2422,2444,2406,2358,3272,3256,2411,3277,2249,2358,3280,2443,2405,2405,2423,3278,3240,3232,3201,3244,3326,2429,2413,2386,2455,2415,2413,2397
HG04191_CLASP1	2021,2983,2933,2979,3005,2937,2181,3000
NA12801_ASB1	2363,1984,2440,2428,1958,1977
HG04006_CLASP1	3156,3158,3167,3155,3145,3149,3139,3169,2945,3127,3174,2791,3153
NA12892_CLASP1	2989,2990,2979,3069,3015,2940,2985,2961,3003,2964,2990,2929,2988,-2042,2994,2992
NA15208_CLASP1	2939,3009,3002,3006,3003,2974,2908,3010,2924,2984,2993,2993,2912,2994,2381,2999,2689
HG04018_CLASP1	2977,2990,2919
NA10856_CLASP1	2762,2991,2982,6300,2960,2976,2455,2973,2899,2917,3017,1029,2933,20652
NA12802_CLASP1	2995,2965,2999,2999,2983,3002,2963,2980,3001,2966,2912,3011,3015,2978,3007,3017
HG04132_CLASP1	3158,2986,2981,3166,3187,2965
HG03977_CLASP1	2993,3007,3002,3005,2991,2956,2986,2988,2974
NA07048_CLASP1	2988,3005
HG04128_CLASP1	2954,3009,2905,2958,2956,2962,3000,2989,2973,2968,2985,2866,2982,2933,2966,2699,3019
NA15204_ASB1	1996,1998,2404,1995,1983,2063,2473,2002,1982,2457,2013,1996,2455,1940,2414,1990,2003,2420,1966,2423,1962,1974,2433,1918,2408,1993,2422
NA06989_CLASP1	2988,2982,2992,3029,2969,2959,2988,3002,2491,2967,1525,2985,2989,2980,2987,2816,3021
NA07014_CLASP1	2987,2945,2966,2292,2950,3003,2494,2990,2969,2989,3000,2996,2988,2962
NA12890_ASB1	2409,1980,2438,2451,1943,1991,1603,2430,2436,1989,2436,2426,1983,1950,2001,2409,1986
NA10839_CLASP1	2900,2979,2992,3137,2993,3145,3094,3168,3126,2978
NA12386_ASB1	2282,2427,2440,2435,2415,1871,2424,1999,2415
HG04147_CLASP1	3082,3174,3076,2904,2984,2981,3144,3122,3115,2944,2976,3154,3169
NA12376_ASB1	2393,1907,2434,2422,1878,1883,1910,1878,1886,2352,1913,2415
HG04177_CLASP1	2992,2976,2998,2990,2979,2984,2900,2986,2923,2980,3004,2968,3000,2951,3060
NA12766_CLASP1	2926,2997,2972,2971,2976,2938,2986,2979,2991,2979,2980,2932,2983,2964
HG04200_CLASP1	2976,2994,2935,2990,3007,3016,2933,2981,2942,2998,2991,2982,2999
NA12891_CLASP1	2901,3009,3005,2999,2976,2958,2991,3004,2891,2979,3000,2968,2933,3002,2930
NA10861_CLASP1	2983,2992,2997,2996,2945,2546,2995,2989,3008,3000,3005,3003,2987,2983,2922,2997,2958,3001,2991,2989,2988,2912,3013,2993,3016
HG04039_CLASP1	2982,3000,2963,2951,3022,2973,2956,3006,2974,2986,1992,2983,2950,2977,2997,2934,3005,2996,2975,2986,2995
NA10859_CLASP1	2994,3005,2938,3000,2989
NA12877_CLASP1	2993,2768,2920,2600,2970,2928,2993,2945,2963,2984,2988,2983,2744,2724,2978,2966,2957
HG04149_CLASP1	2992,3037,3002,2994,2981,3142,3170,3151,2012,2959,3149,2958,2943,-9232,2997,2972,2994,3123,3129,2997,3103,3132,3137,2983,2978,3127,2908,3159,3146,3118,3131,3148,2990,2990,3110
HG04062_CLASP1	3162,3162,3163,3152,3001,3001,3105,3140,3137,3164,2934,2890,2917,3072,3164,2974,2748,2940
NA12386_CLASP1	2947,2953,2966,2974,2999,2965
HG03972_FOCAD1	3984,3977,3912,4001,3979,3982,3977,3976,3961
NA15204_CLASP1	3000,2976,2738,3091,2963,3125,2986,3006,3179,3111,2998,3046,2988,2997,3009,3068,3149,2931,3149
NA12889_CLASP1	2993,2988,2989,2825,2996,2947
HG03890_FOCAD1	3973,3973
HG03882_FOCAD1	4357,3957,4373,4333,3938,4370,3981,4375,3997
HG03848_FOCAD1	3596,3957,4385,3911,4341,3986,4349
NA12335_ASB1	2247,2440,1960,2445,2405,2388,2432,2424,1972,2439,2442
HG03836_FOCAD1	4370,4014,4349,3977,4377,4336,3846,4384,4377
NA15725_CLASP1	2683,2963,2926,2990,2972,2705,2993,3012,3015,2953,3000,2961,2854,2755,2962,2989
HG03886_FOCAD1	3908,4352,3978,3988
HG03830_FOCAD1	3878,3940,3963,3912,3941,3945
HG03862_FOCAD1	3984,3983,3953,3974,3906,3915,3947,3948,3949,3965,3695,3945,3751
HG03844_FOCAD1	3933,3942,4356,4355,3246,3989,3711
NA12376_CLASP1	2908,3136,3130,3161,3133,3154,3143,2987,3118,3119,2979,3151,2953
HG03856_FOCAD1	4392,4014,3971,3980,3957,4378,-5023,3984,4008,3998,3995,3895
HG03888_FOCAD1	3984,4407,4349,4367,4018,4007,14428
NA10835_CLASP1	2992,2978,2975,3007,2986,2995,2995,2985,2951,2969,2964,2929,2767
HG03863_FOCAD1	3979,3988,3790,3963,4001,4000,3949,3926,3966,3976,3988,3927,3994,4007
HG03824_FOCAD1	3995,3960,3963,3682,3985,3958,3985,3562
HG03816_FOCAD1	-16717,4186,3985,4253,4377,4320,3931,3984,4277,4337,3996,4358,3986,4318,3973,-4413,4321,3703,3980,4290,4354,3971,4336,3934
HG03842_FOCAD1	3981,3816,3972,4000,3983
HG03821_FOCAD1	3993,3411,3959,3904,3989,3966,3383,3982,4009,3401,4006,3376,3325,3395,4029,3972,3378,3919,3893,3433,3330
NA10842_ASB1	1994,2436,2400,2439,2344,1992,2427,2430,2013,2423,2435,2443,1996,2435,2434,2323,1996,2000,1992,2000,1972,1993,1973,2394,2416,1996,2320,2128,2004,2003
HG03838_FOCAD1	4347,3950,3942,4380,3937,4385
HG03837_FOCAD1	4369,4306,3980,4451,3965,4374,4383,4378,3984,4262,4385,4346,4248,4324,4385,4311,4258,3883,4373
HG03872_FOCAD1	3960,3997,3990,3986,3971,3982,3878,3959,3948,3872
HG03871_FOCAD1	4275,-12350,4357,4004,4394,4017,3947,3995,3905,3361
HG03870_FOCAD1	4008,3933,3964,3967,3918
HG03854_FOCAD1	3996,3972,3855,3983,3970,3991,3995,3985,3974,3973,3979,3991,3368,3972
HG03947_FOCAD1	3984,4001,3982,3985
HG03803_FOCAD1	3997,3941,3992,3902,3677,3497,3386,4000,3878,3968,3973,3931
HG03968_FOCAD1	3988,4005,3798,3905,-6465,3972,3988,3927,4007,3910,3992
NA10851_ASB1	1833,1981,1682,1983,2007,2001,1909,1552,1999,1995,1995,1986,1983,1989,1957,1981,1981,1972,2045,1960,2019,1973,2004,1808,1968,2004
HG03812_FOCAD1	3830,3961,4275,3958,3993,4363,4367,4392,4003,4367,4360,3943,4361
HG03730_FOCAD1	4381,4396,4350,4276,4329,4368,4274,4295,4309,4267,4378,3507,4299
NA10852_ASB1	1971,2395,2443,2429,1985,1790,2001,1962,2438,2439,2426,2359,1966,1730,1989
HG03809_FOCAD1	4223,4357,4392,4320,4360,4367,3837,4152,3977,3999,3867,4290,4373,3620,4217,3941,4327,3981,4153
HG03800_FOCAD1	3915,3978,4014,3962,3972,3900,3994,3731,3903,3957,3747,3968,3985,3901,4001,3989,3997,3971,3952,3974,3965,3945,3926
HG03802_FOCAD1	4284,4374,4380,4331,4347,4321,4349,4339,4323,4328,4193,4283,4339,4354
HG03793_FOCAD1	3925,3945,3994,3973,3817,4005,3979,3846,3998,4008,3980
HG03794_FOCAD1	3988,3976,3889,3962,3975,3981,4350,4375,4002,4318,3991,3972,4313,4313,3911,4372,4371,3919,4336,3723,3881,4331,4347,4349,3848,4375,3856,3972
HG03805_FOCAD1	3918,4334,3961,4362,4238,4352
HG03786_FOCAD1	3963,4325,3960,3507,2495,3971,4275,4308,4334,3946,3985,4334,3947,4349,4021,3955,4191,3372,4384
HG03792_FOCAD1	3943,4001,4142,4308,3959,4389,3980,-2823,4274,3984
HG03760_FOCAD1	3976,3961,4390,3882,4388,4380,3987,4344
HG03761_FOCAD1	-37821,4383,4363,3990,4321,4153,3996,4513,3997,4388
HG03756_FOCAD1	3947,3981,3930,3969,4006,3958,3842,3929,3970,3954,3975,3998,4032
HG03804_FOCAD1	3964,4007,3965,3963,3996,3991,3997,3950,3959,3949,3981,3947,4003,3975,3937
HG03797_FOCAD1	4356,4345,3475,3967,4366,4339,4005,4334,4345,3960,4343
NA12801_CLASP1	2977,1810,2975,2189,2950,3021,2993
HG03746_FOCAD1	3965,3926,3871,3927,3998,3926,3951,3999,3967,3979
NA10850_ASB1	2429,1974,2441,2012,1996,1990,2002,1926,2406,2417,2437,1993,1981,2421,1925,2449,1968,2477,2261
HG03781_FOCAD1	3982,4346,3938,3976,3911,4188,3986,4331
HG03940_FOCAD1	3977,4001,3956,3007,3974,3990,3906,3979,3971,3987,3977,3862,3988,4008,3938
HG03780_FOCAD1	3934,3983,3960,3579,3795,3988,3976,3981
HG03929_FOCAD1	3809,4303,3993,3977,3980,3969,4352,4360,3967,3974,4347,3929,3974,3976,3985,4371,3948,4322
HG03778_FOCAD1	4396,4048,3992,3991,4280,4004,3987
HG03931_FOCAD1	3972,4003,3735,3891,3931,4367,3955,3999,4017,4088,4369,4373,4361,3972
HG03784_FOCAD1	3926,3992,3930,3968,3962,4001,3925,3994,3979,3894,3982,3987,3950,3965,3962,3981,3937,3982,3910,3981,3922,3967
NA12878_CLASP1	2946,2920,2866,3001,2978,2977,2999,2973,2993,2943
HG03741_FOCAD1	3903,4145,4367,4114
HG03753_FOCAD1	3975,3886,3972,3958,3966,3984,3991,3948,3881,3944
HG03740_FOCAD1	3868,3990,3842,4002,3968,3924,3921,3929,3976,3980
HG03941_FOCAD1	4353,4368,3984,4361,-1831,3977
HG03894_FOCAD1	3981,3984,3872
HG03972_ASB1	1991,1980,1985,1973,1896,1992,1993,1970,1758,1989
HG03742_FOCAD1	3965,3677,3968,4011,3995,3977,3888,3996,4017,3957
HG03963_FOCAD1	4345,3994,3974
HG03965_FOCAD1	4570,4559,4563,3990,4509,4011,4536,3948
HG03886_ASB1	1984,1974,2005,1971
HG03947_ASB1	2015,2003,1929,3290,1992,3303
HG03842_ASB1	2438,2133,2160,2436,2437,2149,1694,2445
HG03928_FOCAD1	3963,3965,3998,3782,4358,4354,4350,4378,3977,4359,3981,4268,3930,3992,4365
HG03916_FOCAD1	3620,4033,4035,3982,3978,3968,3987,3986,3977,3970,3954,3298,3972,3958,3318,3992,3988,3842
HG03904_FOCAD1	4006,4349,3974,3977,3956,4351,3993,4247,4395,3417,4347,4353
HG03925_FOCAD1	3986,3995,4009,3991,4021,3896,3971,3982,3954,3882
HG03888_ASB1	1940,2001,1992,1969
HG03824_ASB1	1992,1985,1999,1991,1985,1942,1997,1975,1971,1998
HG03805_ASB1	2003,1959,2000,1949,1982
NA10857_CLASP1	2733,2814,2990,2831,3048,2530,3003,2997,2791,2962,3010,3001,2982
HG03895_FOCAD1	3998,3946,3984
HG03900_FOCAD1	3971,3599,3979,3902,3984,3984,3983,3988,3971,3934,4000,3363,3980,3980,3155,3971,3975
HG03803_ASB1	2402,2439,2013
HG03842_CLASP1	2956,2991,2929,2478,2863,2978
HG03882_ASB1	2458,2474,3309,3260,2460,2448,2450,3287,3290,3319,3253,3242,2465,2469,3320,3279,1922,1982
NA12336_ASB1	2327,2393,2113,2441,2448,2316,2419,2202,2401,2434,2427,2428,2394,2432,2422,2435,2438,2335,2445,2323,2454,2427,2413
HG03972_CLASP1	2991,2982,2939,2963,2204,16212,2990,12074,2977,2967,2993,2994,2831,2992,2896,3022,2760
HG03890_ASB1	1985,1988,1819,1953,1995,1956
NA12890_CLASP1	2954,2997,3002,2840,2994,2949,1857,2972,3001,2919,2958,2977,2991,2913,3005,3003,2990,2924,3005,2993
HG03746_ASB1	2136,1987,2113,2157,1980,1987,2143,1994,2178,2153,2119,1957
HG03963_ASB1	2454,2556,2409,2477,2451,1993,1994,1928
HG03870_ASB1	1994,2001,1997,1948,2005,2035,1996,1969
HG03802_ASB1	1984,1851,1936,2002,1988,1959,1988,1999,1968,1998,1978,1991,1978,1975,1996,2002,1999
HG03756_ASB1	1987,1967,1996,2008,2002,2004,1970,1998,1999,1990
HG03761_ASB1	1993,2405,2452,2466,2428,2004,2002,2415
HG03836_ASB1	2440,2429,2439,1990,1997,1989,1994,2417,2426,2447,1992
HG03805_CLASP1	3148,3138,2933,3156
HG03742_ASB1	3243,1868,1975,1984,3309,1914,2000,1768,2008,3316,1967,2008,1847,3283
HG03741_ASB1	1990,1930,1926,1825
HG03780_ASB1	1990,1962,1990,1829,1525,1980,2424,2000,1970,1993,2435
HG03837_ASB1	1999,2028,2011,1996,2018,1998,2043,2036,2034,2034,2035,1999,2039,1980,1858,1975,1978,1999,2043,1996,1962,2003,1997,1995,1982,2031,2038
HG03965_ASB1	1951,1989,1927,2006,1997,1999,1979,1989,1995
HG03730_ASB1	1978,1994,1985,1981,1992,1841,1976,1950
HG03848_ASB1	1965,2021,1996,2432,1963,2448,1987,1690,2324,2430
HG03800_ASB1	2284,3308,2278,2160,2144,3308,2275,2263,3324,3284,3298,3313,2278
HG03941_ASB1	2436,1974,2445,2435,2471,2426,2430,2458
HG03838_ASB1	1983,2007,1914,1997,1995,1995,2004,1986,1998,1969,2001,1991,1991
HG03778_ASB1	2003,2505,2403,2462,2417,1997,2434
HG03804_ASB1	2281,2274,2264,3309,3297,2182,3267,3303,3267,2224,3271,3306,3265,3294,3324,2285,3295
HG03871_ASB1	1997,1985,2013,1986,1994,1988,1714,1961
HG03844_ASB1	1992,1981,1967,2003,1972,1969,1995,1949,1921
HG03869_FOCAD1	3992,3960,3979,3972,3983,3974,3624,3963,3973,3882,3936,3628
HG03809_ASB1	1982,1986,2012,1996,1935,1940,1961,1995,1989,1977,1984,1976,1958,1869,1933,1988
HG03870_CLASP1	3134,3149,2839,3128,3120,2980
HG03830_ASB1	2005,1980,1974,1996,1949,1626,2002,1992,1998,1999,1970,1994
HG03872_ASB1	2396,2440,1998,2002,1975,2001,2431,2424
HG03781_ASB1	2004,1997,2011,1994,2007,2199,1976,1982
HG03746_CLASP1	3154,2990,3122,2992,3007,2991,3105,2919,3131,3147,3139,3103
HG03802_CLASP1	2938,3161,2975,3126,2978,2984,3170,2765,3166,2959,3004,3001,2974,3140,3158,2965,2920,3184
HG03742_CLASP1	2967,3076,3138,2840,2294,2998,3162,3184,3154
HG03940_ASB1	2372,1986,2436,2441,1998,1879,1985,2418,2425,1996,1891,1995,2447
HG03760_ASB1	2047,1977,1979,1995,1992,1996,1997,2003,1995,1913,1987,1999,1968,1993,1996,1989,1986,2004,1971,2002,2003,2001
HG03894_ASB1	1972,2010,1988,1982,1980,1981,1994
HG03753_ASB1	2008,1996,1989,2001,1990,1950,2015,1993
HG03741_CLASP1	2901,2881,-7794,2851
HG03941_CLASP1	3153,3000,3001,2938,2828,2962
HG03792_ASB1	2426,1986,1994,1973,1984,1993,2415,1993,1939,1983,2015,2447,1977,2450,2439,2006,1976,2432,1960,2021,1980,1901,2424,1997,2523,2436
HG03793_ASB1	2445,2451,2426,1986,2435,2444,1996
HG03778_CLASP1	3147,3129,2940,3164,2936,2855,3006,2983,2994,2991,2992,2982,2991,3134,3002
HG03886_CLASP1
HG03816_ASB1	1967,1940,2001,2410,1933,2441,2442,1992,1960,1994,2405,2440,2374,2397,2022,2406,1992,1998,2004,1986,1967,1970,2407,1981,2002,1982
HG03821_ASB1	1873,1986,1982,1995,1984,1641,1961,1975,1979,1876,1931,1984,2007
HG03797_ASB1	1949,1977,2449,2433,2001,2435,1991,1987,1975
HG03888_CLASP1	3009,3159,3137,3130
HG03837_CLASP1	2984,2993,2918,2942,3005,2958,2988,2983,2973,3001,2885,2973,2135,2998,2993,2999,2686,2997,2923,2974,7702,2996,2200,2962
HG03869_ASB1	1988,2002,2002,1978,1977,2015,1977,2006,1996,1973,2012,1965,2003,1944
HG03812_ASB1	1987,1994,1988,1996,1992,1997,1951,2003,2002,1966,1888,2007,2003,1940,1944,1995
HG03844_CLASP1	2983,2956,2978,2993,2993,3009
HG03740_ASB1	2873,1990,1930,2858,2909,2899,1991,1923
HG03968_ASB1	1996,7309,1999,2408,1705,1997,1972,2008
HG03824_CLASP1	3091,2995,3158,3058,3063
HG03803_CLASP1	2986,2998,2978,2994,3003
HG03786_ASB1	1991,1993,1987,2000,1989,2001,1995,1992,2001,1985,1986,1995,1977
HG03894_CLASP1	2971,2948,3144,2996
HG03793_CLASP1	2998,3014,2996,3182,3006,2962,3173,3173,3009,3003,3023
HG03931_ASB1	2005,2437,1980,2447,1995,1961,2416,1996,2432,2452,2006,1991,2425
HG03836_CLASP1	3002,2985,2582,2984,2997,10303,2975,3003,2980,2979,2986
HG03890_CLASP1	3019,2969,2997,2981,3013
NA12335_CLASP1	2934,2969,2996,2978,2790,2919,3003,2941,2989,2992
HG03947_CLASP1	2996,2987,2994,3005,2821,2976,2974
HG03792_CLASP1	2577,2981,3157,3134,3161,3164,2171,3179,3162
HG03761_CLASP1	2994,2993,3005,2985,2974,3103,2975,2981,2343,2992,2978
HG03895_ASB1	1989,1962,1964,2000,1982,1983,1913,2005,2005,1985,1985
HG03784_ASB1	1910,1992,1986,2007,2001,1912,1970,1985,2008,1943,1966,1965,1891,1456,1968,1989,1986,1999,1991,1998,1998,1962,1989,1983,1992,2000,2004,1989,1997,1985
HG03794_ASB1	2424,1995,2375,2430,1982,2437,2436,2005,1994,2430,1975,2461,1984,1982,2433,1992,1975,1986,1987
NA18570_CLASP1	2932,2988,2926,3158,2973,2987,2997,2992,2984,2996,3039,3085
HG03821_CLASP1	2824,3005,2986,3015,2959,2962,3085,1987,2734,2497,3132,3063,3022,3024,2985
HG03756_CLASP1	3010,2945,2969,2989,2986,2953,2979,2956
HG03882_CLASP1	2977,2906,3005,2992,2979,2971,2992,2977,2958,2989,2971,3013,2959,2991
HG03929_ASB1	2433,2382,2318,1952,2431,1997,2436,1971,2438,1997,1946,1979,1991,1974,1953,1984
HG03786_CLASP1	2996,2998,3003,3010,2951,2997,2988,2721,2966,2953,2999,2988,2951,2961
HG03760_CLASP1	2981,3172,3003,3164,2969,2997,2985,3002,3142,2988
HG03848_CLASP1	2999,3009,2949,2994,2969,3000
HG03740_CLASP1	-21831,3004,3065,2881,2992
HG03838_CLASP1	2979,1920,2974,2999,2972,2987,3005,2704
HG03862_ASB1	1999,1967,1950,2439,2403,2402,1945,1999,1862,2408,2368,1997,1982,1977,1971,2440,2433,2402,1992
HG03780_CLASP1	2985,3144,3003,3160,2988,2981,3160
HG03730_CLASP1	2990,2950,2985,2962,2792,2935,2911
HG03804_CLASP1	2955,2992,2916,2974,2995,2994,2980,2992,2959,2979,2979,2987,2975,2988,2975,2984,2963,3008
HG03871_CLASP1	3001,2973,2951,2952,2894,2993,2930,3023
HG03904_ASB1	1995,1991,1995,2006,1737,1988
HG03800_CLASP1	2913,3006,2978,2998,3004,2872,3001,2932,2987,3001,2993,2985,3013,2994,2975
HG03928_ASB1	2272,2278,2282,2275,2374,1987,1957,2263,1998,2288,2292,2271,2034,2229,2002,2286,1989,2190
NA10851_CLASP1	2991,2998,3010,3001,2953,2998,2974,3000,2985,2987,2974,2996,2893,2921,2973,2871,2981,3000
HG03809_CLASP1	2983,2995,2898,1251,2991,3005,2994,2991,2902,2127,2987
HG03781_CLASP1	3000,3004,3144,2988,2992,2977,3141,2993,2984,2944,3145,3005,2990
HG03963_CLASP1	2994,2978,3000,2999,3000,2995
NA10852_CLASP1	3130,3144,3001,3134,2826,2988,2996,3000,3137
HG03916_ASB1	2395,2443,2456,1980,2411,1986,2417,2421,2431,1982,2443,1959,2435,2437,2444,2436,2020,2418,1987,2427
HG03872_CLASP1	2996,2946,3163,2779,2994,2663,3110,2980,2984,2987
HG03856_ASB1	2003,2139,1866,1840,2005,1989,2143,2149,2147,1989,2002,2163,2144,2166,2003
HG03900_ASB1	1985,1988,1969,1663,1978,2008,1992,2003,1980,1935,1990
HG03895_CLASP1	3003,3015,2630,2983,2971,2926,2982,2968
HG03929_CLASP1	2939,2988,2935,2584,3000,2985,2982,2787,2975,2601,3003,2997,2985,2990,2981,2967
NA10842_CLASP1	3162,3137,3163,2989,3135,2985
HG03965_CLASP1	2947,3084,3003,2988,3169,2996,2989,2952,3157,3001
HG03854_ASB1	1999,2163,1979,1985,1994,2017,1984,2079,2005,2018,2143,2006,1986
HG03753_CLASP1	3142,3142,3244,3142,3144,3154,3148,3147,3152,3170,3082,3161,3133,3087,3154,3134,3138,3170
NA10843_ASB1	1993,2419,2007,2423,2443,2001,2051,1991,1913,1984,2432,2420,2440,1995,2427,2362,1999,2408,2418,1994,2021,2436,2001,2439,2415
HG03830_CLASP1	3139,3132,3152,3108,2873,2989,3150
HG03925_ASB1	1998,1996,1958,2132,1555,1994,1945,2161,2164,1993
NA18571_CLASP1	2988,2988,2950,3002,2943,2990,2977,3001,2945,2910,2978,2906,2990,2946,3008
HG03869_CLASP1	2982,2998,3052,2946,3076,2987,3137,3074,2842,2984,2978
HG03797_CLASP1	3147,3000,2991,3136,2834,2960,3160,3164,3119,2942
HG03863_ASB1	1992,1994,2034,2008,2005,2004,1996,1989,1997,1995,1991
HG03812_CLASP1	2952,2968,2992,2971,2989,2861,2940,2978
NA10850_CLASP1	3004,3002,3000,2509,3014,2975,2991,2921,2936,2976,2443,2981,2972
HG03928_CLASP1	2377,3178,2992,3157,2985,3009,2978,2969,2947,3161,3019,2924,3144,3134
HG03816_CLASP1	3133,2968,3162,3002,3015,3105,3006,1664,3093,3172,2988,2271,3111,2987,2842,2639,3169,3142,3167,2975
HG03940_CLASP1	2998,2943,2983,2961,3002,2953,2229,2967,3006,2996,2961,2992,2995,2983,3027,2991,2988,3014,2975
HG03968_CLASP1	3000,3016,2997,2947,2986,2964,2937,2663,2985,2988,2991,2982,2992
NA18577_CLASP1	2981,2948,2957,3034,2957,2893,2997,2991,2982,2993,2963,3021,2996,2978,2959,3016
HG03794_CLASP1	2980,2993,2973,2989,2889,2973,2996,2983,2953,3000,2835,2990,2989,2690,2966,2980,2996,2207,3000,2987
HG03784_CLASP1	3157,3202,3121,2947,3155,2956,3164,3137,2988,2992,2600,3002,2937,2995,3174,3100,3144
HG03931_CLASP1	2973,2973,2981,2975,2999,2989,3000,2955,3006,2991,2988,2993,2996,3019,2985,2629,2985
NA12336_CLASP1	2982,2930,2961,2918,2736,2674,2989,2915,2890,2972,2998,2754,2931
HG03904_CLASP1	2964,2991,3119,2956,1979,2991,2802,2957,2987,2982,2993,2981,2986,2997,2941
HG03633_FOCAD1	4371,3950,3960,3968,3995,4233
HG03391_FOCAD1	4263,4194,4418,4033,4385,4364,4369,4345,4337,4405,4359,4364
HG03607_FOCAD1	3991,3987,3958,3944,4294
HG03604_FOCAD1	3998,3946,3954,3953,3737,-12112,3979,3952,3989
HG03397_FOCAD1	3979,3935,3497,3958,3989,3985,3984,3901,3985
HG03393_FOCAD1	4173,4076,4154,4204,4438,4158,4527,4565
HG03727_FOCAD1	-57658,4329,4384,4353,4373,4382,4311,4363,4277,4218
HG03517_FOCAD1	3968,3944,3979,3665,3978,3996,3985,4032,3982,3986
HG03485_FOCAD1	3984,3987,3896,3994,3967,3979,3518,3965,3977
HG03484_FOCAD1	3968,3644,3983,3994,3982,3982,3978,4021
HG03511_FOCAD1	4364,4388,4331,4287,4300,4364,4355,4335,4390,14606,3892,4356,4368
HG03373_FOCAD1	4176,4313,4319,4297,3689,3650,4242,4319,4359,4307,4340,4331,4344
HG03476_FOCAD1	4360,4381,4380,4388,4361,4366,4366,4311,4396,4379,4280,4362,4347,4344,4363,4381,4284,4355,4339,4356,4321,4362,4363,4358,4353,4382,4410,4114,4368
HG03521_FOCAD1	3986,4012,4409,3987,4397,3962,3989,4387,4033,4011,4266,4340,3547,4376,4389
HG03493_FOCAD1	3938,3993,3905,4004,3995,3876,3986,3970,3993,4004,4014,3256,3964
HG03539_FOCAD1	3943,3828,3452,3955,4021,3976,3974,3995,3981,3959,3773,3885,3984,3974,3898,3938,3991,3973,3987,3969,3932,3943
HG03455_FOCAD1	3968,3971,4137,4175,3973,3969,3961,3988,4006
HG03394_FOCAD1	3966,3945,4008,3982,3856,3372,3949,3990,2920,4013,3982,3983,4000,3930,3979,3920,3994,3989,3989,3977,3991
HG03449_FOCAD1	3910,3979,3933,3928,3858,3686,3938,3930,3698,3649,3928,3691,3976
HG03457_FOCAD1	3957,3954,3975,4384,4381,4378,3774
HG03600_FOCAD1	3944,4353,3874,4373,4370,3973,4389,4348
HG03714_FOCAD1	4003,3706,4385,4345,4161,3924,4277,3976,3014,4348,4413
HG03383_FOCAD1	3940,3979,4336,3996,3974,4360
HG03388_FOCAD1	3953,3918,3382,3979,3950,3976,3979
HG03508_FOCAD1	3965,3650,4010,4331,3955,4381,3954,4367,3643,3973,4372,3991,4332,4375,3863
HG03518_FOCAD1	3970,3972,3988,3959,3996,9722,3971,3947,3928,3936,3973
HG03470_FOCAD1	4359,4003,4382,4352,3403,4362
HG03462_FOCAD1	4526,3993,3999,4506,3992,3983,3742,3961,4534,4554,4547,3998,3650,3979
HG03722_FOCAD1	3972,4006,3402,3998,4319,4350,3959
HG03461_FOCAD1	3910,4210,4369,3906,3965,4232
HG03473_FOCAD1	3876,4000,4004,4002,3947,3991,5190,3907,3970
HG03900_CLASP1	2982,3006,2991,3003,2981,2966
HG03582_FOCAD1	3412,3376,3350,4518,3397,3404,3392,4578,3395,4363,4480,4446,4568,4548
HG03595_FOCAD1	4371,4342,4361,3985,3924,3979,4020,4342,4380,3984,4333,4365,4199,3996,4350,3988,4273,-1536
HG03598_FOCAD1	3972,3982,3783,3966,4001,3978,3616
HG03548_FOCAD1	3936,4010,4003,3936,3894,3943,4019,3986,3962,3985,3823,3964,4004,3940,3994,4002,3867,3993
HG03577_FOCAD1	3917,4393,4323,3874,3972,3968,3952,3794,4356,3842,4335,3857,3369,4348,3909,4335
HG03437_FOCAD1	3955,3994,3836
HG03442_FOCAD1	4361,4364,3939,3917,4368,3977,4392,4345
HG03593_FOCAD1	3911,3989,3965,3638,3994,3992,3997,3968,3949,3963,4005,3960,3967,3951,3959,4002
HG03439_FOCAD1	4335,4382,4396,4353,4344,4368,4365,4385,4356,4352,4383,4352
HG03431_FOCAD1	3955
HG03410_FOCAD1	3906,3980,3754,3875,3190,3984,3386,3883,3953
HG03709_FOCAD1	3971,4013,3970,3950,3969,3984,3907,3987
HG03854_CLASP1	2955,2967,2998,3011,2942,2967,3005,2950,3002,2999,2990,2998,2971,2988,2988,2983,2970,3013,2987,2984,3001
HG03729_FOCAD1	3963,3967,4328,3990,3971,4343,4353,3962,4342,3886,3989,3984,4368,3936,3955,4245,3803,3958
HG03708_FOCAD1	3953,4168
HG03721_FOCAD1	4333,4296,3973,3943,3975,4310,3983,4303,4380,4334,3950,4269,3993,3941
HG03711_FOCAD1	3973,3982,3982,3959,3625,3953,3970,3843
HG03705_FOCAD1	3999,3978,4350,3979
HG03703_FOCAD1	4311,3985,3962
HG03607_ASB1	1972,1944,1985,1952,1969,1736,1980,1996,1747,1998,1985,1989,1994,1969
HG03916_CLASP1	2845,2877,3001,3002,2998,3003,3003,3000,2977,2977,2993,2992,2868,2982,2931,2969,493,3011,2957,2991
HG03686_FOCAD1	3986,3981,3976,3933,4004,3996,3927,4007,3991,3953,3983,3960
HG03431_ASB1
HG03862_CLASP1	2991,3116,3170,3150,3081,3166,2953,2991,3183,3106,2978
HG03484_ASB1	1947,1976,1989,2000,1666,4063,3980,1998,4035,1961,2006,4092,4055
HG03455_ASB1	2149,2162,2316,2165,2167,2311
HG03393_ASB1	2439,2428,2430,2421,2441,2452,2401,2418,2128,2348,2383,2406,2423,2406,2428
HG03673_FOCAD1	4346,4364,3954,3924,3987,4340
HG03388_ASB1	3864,2391,3811,3864,3865,2442,3839,2430,2421,3887
HG03650_FOCAD1	3944,-23676,3963,4336,4401,4016,3980,4376,4300,3974,4318,3979,4389,3987
HG03457_ASB1	2135,2010,2153,1991,2159,2004,2164,2146,2145,1988,2000
HG03645_FOCAD1	4362,3994,4361,4394,3931,4359,4356,3582,3980,4335,3983,4367,4343,4398
HG03681_FOCAD1	3990,3958,3976,3983,3989,3974,4009,3979
HG03518_ASB1	1942,2003,1992,2004,1994,3321,1990,1987
HG03391_ASB1	1988,1999,1988,2438,2006,2007,2438,1977,2379,2425,2421,2385,2427,2414
HG03687_FOCAD1	3930,3990,-23112,4377,3979,3953,3998,4353,3912,4359,4155,4369,3983,4343,3885,3748,3979,4293,4311,4361,4326,4332,3922,4312,3928,3956,4346,3971,3817,4336
HG03714_ASB1	2008,2408,1916,1995,2421,2454,2432,1979,2455,2438,1874,2420,1953,1981,2329,2240,1980,2373,2435
HG03727_ASB1	1885,1989,1968,1990,1908,1972,1993,2007,1666,1957,1995,2007,1971,1962,2041
HG03925_CLASP1	3003,2996,3013,2682,3154,3188,3104,3140,2984,2978,2999
HG03695_FOCAD1	3963,3898,3982,3997
HG03373_ASB1	2411,2432,2422,2430,2388,2426,2415,2424,2455,2441
HG03644_FOCAD1	3905,3924,3920,3941
HG03493_ASB1	4071,4072,4067,4065,4357,4092,4285,4245,4057,4321,4079
HG03640_FOCAD1	3982,3992,4354,3977,3973,3969,4009,4348,4369,3683,3914,4012,3964,3992,3993
HG03639_FOCAD1	3978,3960,4373,4369
HG03672_FOCAD1	4009,3716,3986,3994,3801,3995,3973,3966,6535,3729
HG03708_ASB1	1997,1991,1955,1996,1788,1982,1990,1986,1893
HG03485_ASB1	1996,1955,1999,3768,1992,1991,3761,3755,2001,3769,3755,1997,2003,1999,1998,3757
HG03439_ASB1	2035,2037,2038,2039,2035,2424,2421,2447,2037,2428
HG03397_ASB1	1983,4063,2022,1995,2003,1984,4058
HG03517_ASB1	1535,2157,1834,1831,2158,2143,2161,2165,2172,2158,2148,1790,2125
HG03703_ASB1	1962,2286,1983,1992,1989
HG03697_FOCAD1	3981,3969,3995,3987,3980,4001,3973,3959,3984,4002
HG03689_FOCAD1	3987,3979,3871,4011
HG03690_FOCAD1	3961,3995,3670,3984,3984,3798,3955,3973
HG03437_ASB1	2011,2965,2974,1961,2942,1999,1978,2949
HG03577_ASB1	2129,3261,1694,2149,2143,2952,3302,2141,3315,3309,3317,2131,3073,2154,3312
HG03455_CLASP1	2972,3140,3141,3003,3165,3169,2996,2989
HG03607_CLASP1	3151,3178,2996,2966,2972,2986,3001,3150,3146,2976,2943
HG03473_ASB1	4339,4361,4343,4095,4089,4066
HG03508_ASB1	2314,2329,2293,4337,3928,4323
HG03863_CLASP1	3008,3003,2794,2986,2999,3012,3002,2695,2990,3005,2998,2990,2975,3752,3100,2968,1543
HG03598_ASB1	1980,1993,1952,1956,1952,1993,1997,1997,1978,1925,1963,1932
NA10843_CLASP1	2995,2987,2978,2996,2980,2923,2992,2732,2785,2993,2980,2957,2980,2429,3004,2981,2995,2928,3011,2972,2978
HG03709_ASB1	2016,1995,1898,1999,1899,1995,2006,1999,1988,1800,1891,1984,1778,1982
HG03461_ASB1	2413,3299,2243,2426,3314,2426,3292,3286
HG03686_ASB1	2437,2003,1981,2004,2440,2439,1997,1992,2436,1993
HG03383_ASB1	1937,1980,2002,1971,1950,2025,2004,1995,1995,1726,2006,1988,1994,1988,2002,1986,2003,2005
HG03499_FOCAD1	3951,4324,3952,4004,3934,3927,4359,3688,3982,4028,4291,3081,4368,4348,3978,4328,3996,4347,4386
HG03856_CLASP1	2593,2986,2998,2992,2981,2999,2949,2969,2982,2846,2968
HG03548_ASB1	2171,2156,2117,2150,2154,2173,2441,2440,2420,2454,2128,2166,2055,2438,2134,2156,2149,2104,2169,2429,2154,2182,2400,2437,2426
HG03470_ASB1	2009,1998,2005,3789,1923,1991,3789,1984,3784,1717
HG03604_ASB1	1981,1946,1952,1998,2005,1963,1999,1986,2002,1860,1704,1993,2004,1989,1966,2001,1989,1994,1970,1971,-154
HG03410_ASB1	2391,2397,2428,2435,4051,4062,4078,2381
HG03394_ASB1	3688,3334,3715,3765,3757,3220,3752,3757,3762,3321,3745,3295,3210,3778,3780,3297,3319,3325
HG03485_CLASP1	3157,3169,3165,3159,3094,2998,3159,3164,3079,2989,3121,3154,2992,2988
HG03439_CLASP1	3156,3121,3166,3165,3163,3164,3166,3155,3171,3151
HG03582_ASB1	3782,3782,3787,1979,1991,3786,2002,3787,1986,3768,3779,1983,3787
HG03449_ASB1	2125,2117,3480,2042,3293,2102,2076,2104,3382,2118
HG03721_ASB1	1954,1997,1992,1996,1946,2004,1919,1989,1784,1968,1974,1999,1986,1980,1932,1994
HG03391_CLASP1	2996,3167,2855,2952,3165,3136,3170
HG03600_ASB1	2434,2336,2444,1966,1951
HG03727_CLASP1	2908,3167,2957,3148,2924,2905,3043,3034,2974,3013,3090,2978,2997,2979,3149
HG03476_ASB1	2791,1969,1954,2789,1999,1996,2801,1988,1991,2778,2165,2556,2782,1999,2004,2774,2779,2796,2893,2763,1985,2791,2783
HG03511_ASB1	3304,2810,2414,3314,3313,2395,3238,3267,3205,2445,3313,3304
HG03462_ASB1	3351,3303,2150,2149,3305,3305,2154,2075
HG03442_ASB1	4091,2331,4027
HG03650_ASB1	2002,2008,1995,1993,1944,2008,2005,1997,1978
HG03521_ASB1	4180,4213,3902,4072,4046,4060,4073,4330,4069,4085,4014,4048,3979,4076,3964,3982,4090
HG03722_ASB1	1998,1999,1991,1974,1998,1986,1978,1933,1981,1953,1997
HG03703_CLASP1	3140,-2637,2978
HG03705_ASB1	2420,1989,2428,2454,1779,2425,1989,1980,2425,2446,2001,2440,2436,1994,2289
HG03437_CLASP1	2543,3156,3142,3112
HG03431_CLASP1
HG03672_ASB1	2018,2011,1956,1995,2006
HG03508_CLASP1	2874,2799,2987,2947,2981,2950,2992,2958,2988
HG03470_CLASP1	3173,2804,3167,3176,2699,2685,2991,3156,3155,3151
HG03598_CLASP1	2991,2864,2923,2992,2993,2987,2981,2922,2867,2999,3004,2980,2979,3014,2982,2983,2990,3002
HG03711_ASB1	2417,1511,2444,1985,1977,1997,1993,2001,1974,1997
HG03539_ASB1	1985,2016,4080,4076,-17497,2012,4038,2000,4074,4057,2002,1983,1976,4070,4051,1967,1996,1852,3970,4061,1991,2012,3991,1998,4072,1895
HG03462_CLASP1	2759,2995,3013,3010,2609,2954,3003,2192
HG03449_CLASP1	2948,2969,3016,2908,2887,2996,2967,2938,2973,3009,2960
HG03650_CLASP1	2996,2982,2522,3169,3161,3014,3155,3161,3165,3161
HG03410_CLASP1	3139,3084,3158
HG03442_CLASP1	2994,2944,2922,2999,2973,3141,418
HG03600_CLASP1	2982,3167,2976,3157,3172,2717,2811,16362,3151,3166
HG03518_CLASP1	2967,2921,2957,2983,2955,2978,2996,2998,3007,2986,3006
HG03640_ASB1	2003,2402,2400,2450,1461,1992,1880,1982,1991,1980,2389,2420,1988
HG03721_CLASP1	2984,2829,2983,2891,2982,2995,2938,2950,3000,2993,2991,2999,2994,2983,2957,2986,2943,2985
HG03393_CLASP1	3161,3160,3166,3154,2994,2995
HG03457_CLASP1	2978,3129,3076,3002,3134,3098,2992,2971,2971,3135,2970,3020,2980,3681
HG03582_CLASP1	3139,3164,3161,3133,3163,3154,3159,3128,3166,3152,3047,3159,3156,3169,3165
HG03673_ASB1	1975,1992,1997,1993,1872,1994,1985,1990
HG03383_CLASP1	3122,3107,3150,3158,3121,3066,3073,3111,3091,3176,3019,3160
HG03595_ASB1	1980,1985,1922,2016,1952,1996,1978,1998,2001,1991,1999,1986,1987,1933,1971
HG03644_ASB1	1891,1988,1993,1973,1985,1549,1995,1993,1550,1990,1536,1543
HG03493_CLASP1	2031,3001,2956,2996,2981,2500,2979,2936,2228,2964,2979,2421,2876,2992,2978
HG03388_CLASP1	3016,3163,2981,3168,3159,3145,2994,2977,3117,3173,2852,3160
HG03722_CLASP1	3006,2991,2988,2908,2991,3579,2990,2996,2990
HG03681_ASB1	2005,2004,2011,1996,1986,1988,1980,1998,2009,1901,1994,1984,2010,2028,2003,1991,2004,1996
HG03484_CLASP1	3173,3153,3133,2208,3152,3089
HG03373_CLASP1	2962,2983,2864,3170,2604,3144,2998,3018,2962,3087,3149
HG03593_ASB1	1963,1998,2149,1961,2129,2125,2152,2151,2172,1996,1979,2124,2057,1990,2148
HG03687_ASB1	2438,1988,2438,1996,2449,1977,2394,1984,1930,2398,2438,2424,1982,2004,2367,1981,2413,2391,1981,2446,1974,1992,2444,1966,2397,1325,1999,2424,1969,1998,1989,2433
HG03397_CLASP1	3132,2792,3139,3147,2982,3175,3152,2812,2966,2994,2992,2960,3134,3097,3131,3157
HG03714_CLASP1	3008,2930,2988,2906,2990,2967,2995,2990,2950,2999,2994,2996,2998,2956
HG03695_ASB1	2433,1978,2441,2449,2004,1988
HG03639_ASB1	1994,1996,2425,1955,1848
HG03689_ASB1	1990,2013,2009,1978
HG03645_ASB1	2418,2427,2456,2449,2457,1974,2427,2451,2402,2428,2416,2446,2430,2436,2437,2412,2410
HG03461_CLASP1	2983,2984,2886,2980,2940,2998
HG03690_ASB1	1997,1991,1896,1913,1921,1996,1850,1905
HG03473_CLASP1	3150,2976,2799,2973
HG03577_CLASP1	3101,3147,3154,3127,3137,3162,3161,3165,3108,3129,3142,3141,3094
HG03708_CLASP1	3002,3084
HG03686_CLASP1	2987,2993,3011,2977,3002,2985,2991,2980
HG03517_CLASP1	3154,3141,3136,3158,3055,3119,3136,3131
HG03697_ASB1	1984,1991,1935,1998,1996,1920,1994,1999
HG03729_ASB1	1967,1987,1992,1983,1986,1992,1983,2003,1958,1977,1986,1604,1969,1991,1954,1995,1991
HG03633_ASB1	1995,1973,1656,2003,2004,1939,1988,1999
HG03394_CLASP1	2994,3123,3077,3043,2986,3015,3121,-7797,3138,3098,3118,3117,3010,3116
HG03604_CLASP1	3162,2907,3165,3005,3164,3145,3153,2440,2963,3155,3155,3143
HG03511_CLASP1	3129,3157,3152,3130,3113,3143,3235,3119,3073,3117,3101,3159,3191,3118,3167
HG03690_CLASP1	2989,3003,2958,3111,3148,3131,2303,2977,3123,2917,3040
HG03521_CLASP1	3137,3167,3168,3161,3167,3174,3164,3158,3131,3116,3422,10794,3168,3091,3151,3168,3173,3116,3154,3163,3174,2299
HG03695_CLASP1	2980,2994,2985,2956
HG03709_CLASP1	2979,2999,2990,3010,2989,3001,2994,2897,2961,2998,2817,2992,2994
HG03476_CLASP1	3146,3156,34225,2988,3163,3169,3170,3158,3109,3117,3169,3156,3148,3159,3162,3167,3130,3147,3139,3139,3157,3085,3159,3119,3172,3157,3157,3141,3094,3176,3104
HG03548_CLASP1	2991,2961,3118,2993,3092,3176,2993,3014,2916,2940,2976,2990,2902,3160,3142,2612,2971,3108,2969,3163
HG03593_CLASP1	2967,2991,2972,2072,2990,2980,2990,2937,2975,2994,2997
HG03499_ASB1	2002,1802,1984,2001,1678,3280,3287,3111,1897,1988,3292
HG03672_CLASP1	2909,3089,3166,3171,2993,2998,3170,3184,3163,2968,2996,3159,2981,3098,3137,2757,2969,2992,3107
HG03705_CLASP1	3008,2983,2992,2993,2999,2987,3000,2989,-560,2992
HG03539_CLASP1	3087,2985,3152,2956,-26313,3077,3149,2980,3151,2949,3157,3175,3167,2956,2946,3220,2975,2951,3142,2967,3150,2990,2991,3137,2816,3054
HG03711_CLASP1	2998,2805,2974,2995,3010,2943,2995
HG03595_CLASP1	2872,2978,2975,2969,2997,2964,2975,2970,2990,2919,2989
HG03163_FOCAD1	4005,3520,4356,3921,4352,4375,3984
HG03673_CLASP1	3001,2979,2922,3004,2977,2923,2910,2956,2985,2971,2975,2986,2956,2996,2998,2995,2988,2957,2993,2917
HG03133_FOCAD1	3821,3971,3959,3873,3974,3933,3930,3828,3948,3977,3095,3795,3928
HG03171_FOCAD1	4543,3979,4564,4536,4566,4233,4547,3928,4568,4545,4073,3921,4527,4343,3916,4563,4509,3966,3964,3912
HG03132_FOCAD1	3976,4339,3978,4349,4324,3957,3836,3971,3965,4355,4376,4304,4002,3976,3984,3806
HG03159_FOCAD1	3995,3980,3813,3598,3983,3922,3826,4504,4556,3972,3924,3985,3901,3989,3994,4514,3916,3955,3940,4586,3950,4233,3508,3866,3979,4583,4580
HG03105_FOCAD1	4363,4371,3966,3965,4333,4343,3897,4364
HG03111_FOCAD1	4366,4168,4361,4355,4376,4149,4056,4385,4166,4326,4355,4359,-5688,-22378,-3543,4289,4376,4297,4360,4164,4044,4347,4174
HG03300_FOCAD1	4306,4294,4354,4354,4345,4375,3954,4364,3870,4356,4371,4357,4222,3520,4383,4387,3338
HG03372_FOCAD1	3979,4179,4143,3983,4163,3958,4051,4005
HG03091_FOCAD1	3974,3981,3943,3970,3993,3988,4010,3972,3972,3967,3977,3986
HG03109_FOCAD1	3976,3990,3871,4003,3950,3990,3951,3966,3909,3974,3981,3848,3980,3932,3979
HG03108_FOCAD1	3980,3995,3960,3961,3775,3971,3905,3392,3987,3990,3942,3948,3979,3828,3963,3976,3915,3978,3989,3673
HG03124_FOCAD1	4319,4536,4545,4270,3973,4536,3907,4510,3973,3988,3809
HG03640_CLASP1	-63964,2991,3003,22350,2993,2993,2998,2992,2973,2987,3004,2994,3000,2956,2971,3001,3002,2918,3013,2981
HG03644_CLASP1	3118,3033,2987,2982,3135,2986,3071,2989,3166,3122,3159,3001,3142,2985,3060
HG03130_FOCAD1	4347,4354,4362,4369,4358,4359,4342,4327,4374
HG03127_FOCAD1	3955,3978,3969,3980,3890,4000,3951,3947,3904,3967,3935,3986,3976,3933,3959
HG03361_FOCAD1	3962,4575,3766,4551,3964,3969,3915,4592,4551,4568,4533,4558,3969,4577,4368,3969,4562,3995,4559,3978,3890,4002,4581,3800,4554,3977,4574,3663,3995,4030,4549
HG03115_FOCAD1	3982,3998,3909,3975,3977,3973,3872,3999,3975
HG03103_FOCAD1	35982,-29614,3969,-19361,3978,4002,3635,4571,4539,3099,3984,4550,3952,3994,4571,4470,3978,4552,3975,3512,4515,3998
HG03117_FOCAD1	3833,4362,4265,3946,4357,4383,4372,4367,4384,4372,-13126
HG03073_FOCAD1	3612,3975,4015,3996,3964,3975,3987,3636,3972,3857,3974,3992,3578,3416,3976,3943,3972,3982,3991,3960
HG03060_FOCAD1	3968,4005,3946,3991,3972,3962,3934
HG03265_FOCAD1	4537,4531,4547,3996,3988,3966,4530,3350,4497,3980,3520,3972
HG03058_FOCAD1	3932,3954,4367,4265,4349,4317,3444,4342,4255,4364,3977,3900
HG03112_FOCAD1	4357,4365,4287,4311,4352,4330,4362,4385,4371,4352,4350,4393,4332,4321,4356,4366,4347,4322
HG03114_FOCAD1	3967,3893,3988,4369,3940,4350,3366,4333,4357,4371,4358,3947,3818,4343,4358,4361
HG03086_FOCAD1	3353,4380,4371,3874,4363,4116,4370,4356,3947,3971,3955,4375,4360
HG03066_FOCAD1	3968,4352,4008,3907,4004,4343,4324,4351,4364,4356,4362,3982,3989,3875
HG03100_FOCAD1	4371,4320,4353,4365,4291,4299,4341,4377,4351,4398,4238
HG03097_FOCAD1	4175,4170,4007,3984,4178,3986,4173,4157,3616
HG03241_FOCAD1	3996,4379,3689,4373,3140,4325,3964,2351,4369,3990,3741,3863,3806
HG03076_FOCAD1	3982,4381,3911,4413,3974,3955,3907,3886,3088,4354,3979,3969,4328,4364,3887,4376
HG03085_FOCAD1	4355,4370,4411,4322,4163,4378,4380,4354,4370,4349
HG03074_FOCAD1	3990,3804,3997
HG03024_FOCAD1	3609,3981,4517,4438,3955,3917,4585,4565,3988,4561,4568,3979
HG03019_FOCAD1	3813,3976,3963,3745,3804,3957,3979,4003,3996,4004,4004
HG03028_FOCAD1	3971,4158,3973,3978,3957,3984,4144,4198,3917,3990,3974,3967,3989,4159,3992,3942,4639
HG03081_FOCAD1	3954,4071,4249,4368,4386,4313,4362,3982,4369,3907,3994,4007,3972,4390,4335,3690,3973,4367,3986,3986,4366,4342,4003,4320
HG03247_FOCAD1	4328,4357,4329,4352,3859,4326,3992,3765,4361,3899,4378
HG02976_FOCAD1	4393,4371,3958,3975,3960,4377,3985,4370,4524,3984,3634,4363,4369,3955,4244,4186,4347,3975,3979,3740,4021,4360,4128,3959,4108,4295,3951,4375,4313,3995,3957,3937,3881
HG03077_FOCAD1	4365,4381,4384,3979,3964,4361,4360,3876,4375,3966,4343,4352,3984,4305
HG03258_FOCAD1	3988,3963,4318,4311,2683,3996,4013,4358,3963,4388
HG03015_FOCAD1	4259,4308,4357,4308,3907,3978,3935,4341,4354,3931
HG03009_FOCAD1	4342,4005,3983,3969,4307,4075,3931,4365,4048,3751,4331,3991,4395,3973,4362,3962,4256,3948,3975,4366,4392,4384,4297,4008,4354,3972
HG03016_FOCAD1	3492,4318,3983,4366,4010,3690,4364,4355,4268,4246,4360
HG02982_FOCAD1	4010,4356,4352,4345,3982,4060,4368,-7073,3972,3987,4338,4000,3965,4266,3984,3857
HG02983_FOCAD1	3906,3813,3467,3934,3974,3972,3995,3981,4000,3963,4015,3977,3906,3963,3972,3968,3979,3979
HG03689_CLASP1	2994,3011,2990,2998,2966
HG03681_CLASP1	2973,2995,2997,2957,2991,2977,2987,2978,2998,2957,2947,2999,2979,2989,2966
HG03639_CLASP1	3154
HG03342_FOCAD1	3213,4465,3975,3951,4522,4567,3990,3958,3986,4484,4490,3987
HG03057_FOCAD1	3992,3973,3992,3975,-7456,3979,4013,3964,3922,3963,3978,4010,3972,3999
HG03052_FOCAD1	3986,3897,3965,3994,3885,3995,3176,3698,3976,3942
HG03048_FOCAD1	3982,3972,4401,3994,4335,3351,4370,3982,3852,3974,3911
HG03039_FOCAD1	-29692,3944,3992,3974,4001,4000,3895,3983,3886,3989,3988,3977
HG03193_FOCAD1	4374,3959,4033,3985,4366
HG03311_FOCAD1	3869,3893,3846,3999,4259,3969,2971,3897,4356,3956,4262,3979,3947,3956
HG03307_FOCAD1	3935,3876,3895,3893,3978,3634,3997,3476,3919,3975,3992,3936,3973,3989,3990,3945,4008,3987,3893,3898,3952,3946,3967,3562,3931
HG03301_FOCAD1	3969,4368,-9921,4400,4303,4345,4327,3981,4190
HG03189_FOCAD1	3991,4442,4366,4366,3958,4254,3981,3971,3990,3598,4340,3968,4361,3964,4347,3983,4394,4349,4352
HG03303_FOCAD1	3321,3962,3870,3898,3996,3934,3987,3985,4001,3989
HG03172_FOCAD1	4014,-30271,-25040,4220,3950,4364,4380,3989,3951,3691,-181,4333,3958
HG03645_CLASP1	2997,2982,2992,2993,2963,3005,2962,3028,2974,2549,2972,2953,2999,3000,2974,2809,2972,2992,3006
HG03687_CLASP1	2906,2940,2990,2999,2792,2938,2974,2964,3002,3001,2975,2988,2937,2978,2993,2930,2898,2992,2974,2896,2992,2945,2987,2969
HG03499_CLASP1	2978,2978,2969,3007,2966,2957,2933,2991,2975,2961,2997,2942,2380,2950,2955,2977,2975,2902,2780
HG03697_CLASP1	3156,3159,3146,3125,3163,3154,3148,3173,3144,3158
HG03060_ASB1	3919,3924,3953,2431,2382,2415,2246
HG03171_ASB1	3336,2453,2409,2420,3310,3319,2398,3318,2402,2382,3311,3271,2442,2440,2441,3250,2430,2433
HG03105_ASB1	1995,3318,3396,2628,1996,2953,3338,1994,3391
HG03115_ASB1	2442,2428,3324,2443,3156,3326,3322,3331,2227
HG03729_CLASP1	3160,3047,3071,2474,3147,2411,2282,2837,3179,3133,3164,3156,3148,3152,3167
HG03015_ASB1	2235,1994,1974,1919,1997,2427,2004,1953,1982,1826,2438,2297
HG03074_ASB1	2136,2140,2104,2416,2115,2401,2438,2155,2046,2169
HG03112_ASB1	2417,2404,4058,4082,2445,2278,2459,2438,2427,2451,4061,2409,3953,2447,2433,2423,4053,4062,4098
HG03240_FOCAD1	4371,4298,3992,3874,3932,-4281,3968,3965,4234,4396,3971,4331,4367,3833,3980,4018
HG03117_ASB1	3310,3323,3315,3284,3323,3299,3310,3264,3314
HG03058_ASB1	2147,2140,4330,2136,4311,676,2149,2164
HG03258_ASB1	997,2004,3748,2006,3560,2011,3747,3751,3607,1974
HG03127_ASB1	3727,3788,3132,3739,3777,3809,3757,3746
HG03163_ASB1	2231,2084,2149,2416,2154,2163,2150,2413,2435,2423
HG03019_ASB1	1989,1994,1560,1995,2008,1958,1955,1987
HG03300_ASB1	3767,3749,3307,3262,3738,3773,3755,3262,3379,3677,3322,3286
HG03212_FOCAD1	4096,4375,4289,4352,4367,4367,4348,4351,4314,4377,4357,4376
HG03199_FOCAD1	3948,3984,3969,3902,3931
HG03238_FOCAD1	3990,3974,3989,4299,4351,4387,3888,3643,3992,4276
HG03086_ASB1	2006,2104,2113,2124,2141,2104,2116,2095,2093,2115,1904,2065,2150,2110,1992,2107,2072,2117,2115,2157
HG03133_ASB1	2542,2469,2456,2472,2428,2785,2744,2457,2475,2452,2483,2805,2748,2468,2470
HG03247_ASB1	2431,2399,2161,2156,2253,2434,2413,2426,1885
HG03105_CLASP1	3122,2996,3062,2990,2978,3143,2992,2652,2968,2876
HG03303_ASB1	1996,1995,1971,1997,2000,2003,1989,3789,1993,3789
HG03130_ASB1	2137,2148,3313,3257,3315,3275,2033,3313,3294,3301,2134,3302,2151,2157
HG03097_ASB1	3156,2127,2139,3141,2149,3083,3146,2137,2163,2159,2141,2160,3140
HG03372_ASB1	4074,2441,2433,3945,3999,2431,2427,2409,2348,4002,4054
HG03109_ASB1	2264,2144,2148,2060,2419,2157,2165,2375,2444,2398,2406,2430
HG03198_FOCAD1	3944,3982,4376,4358,4373,4373,3999,3984,4372,3922,4357,4360,4278,4012,4352,3966,4366
HG03048_ASB1	1991,1995,1967,1991,2004,1845,2008,2000,1970,1994,2004,1996,1954,1996
HG02983_ASB1	3737,3877,2152,3731,3737,2144,2157,2140,2163,2148,2150,3770,2113,2146,2130
HG03228_FOCAD1	3972,3961,3997,3961,3991,3920,4014,3979,3970
HG03091_ASB1	2172,2181,2401,-16971,2443,2152,2422,2392,2140
HG03132_ASB1	1965,1942,1985,4072,3957,1997,4061,2000,2013
HG03100_ASB1	2120,2099,2124,2077,2160,2166,2144,2150
HG03016_ASB1	1986,1935,2002,1882,1999,1926,1969,1985,1935,2005,1988,1959,2006,1650
HG03028_ASB1	1966,4095,4050,4050,3695,2009,4068,1988,1969,4073,2006,4048
HG03074_CLASP1	2623,2998,2958,2983,3007,2988,2998,3143
HG03015_CLASP1	2925,2963,3000,2979,2974
HG03076_ASB1	3751,1953,2000,3758,1960,1974,3727,2009,1986
HG03241_ASB1	2106,2125,2439,2100,2432,2366,2114
HG03124_ASB1	2428,2423,2922,2918,2897,2427,2426,2599,2436,2898,2905,2928,2908,2429,2435,2398,2434,2919
HG03108_ASB1	2429,3274,2427,2434,2408,3260,3306,2427,2423,2399,3322,2443,3245,2437,2383,2443,2431,3292,3321,2395,2449,2416,3311,2432
HG03112_CLASP1	2966,3001,3103,3109,3091,3002,3059,3053,3115,3118,3110,2981,3101,3122,2958,3050,2971,3007,3123,2939,3004,2960,2931,3097
HG03117_CLASP1	2988,2992,2978,2980,2799,2981,2964,2965
HG03052_ASB1	2091,2140,2795,2793,2153,2157,2496,2805,2160,2719,2794,2797,2750,2795,2147,2011,2157,2793,2898,2805
HG03342_ASB1	3321,3323,3262,3291,3318,3280,3314,3282,3307,2969,3281
HG03111_ASB1	3285,3325,3292,3869,3902,3242,3852,3853,3191,3298,3869,3780,3310,3697,3887,3287
HG03077_ASB1	3828,2054,2169,2163,2147,2141,2163,2143,2012,2165,2157
HG03300_CLASP1	2684,3172,3110,3159,3169,3168,3174,3143,3132,3071,3086,2605
HG03048_CLASP1	2997,3000,2986,2998,2804,2964,2953,2976,3001,2990,2893,2985
HG03109_CLASP1	2965,2909,3006,2641,2946,3013,2995,2937,2976,2987,2991,2983,2918,2994,2886,3004,3000,2967,2993,2898,3003,3000,2964,2959,2986,2994,2436,2970,3860,2960,2809
HG03039_ASB1	2432,2436,2447,2443,2431,2445,2405
HG03372_CLASP1	3015,2969,3011,2998,3003,2959,3002,2988,2922,2809,2981,2902,2994
HG02983_CLASP1	3169,3142,2959,3195,2962,3119,2965,2981,2492,2964,2974,3009,3122,2969,3084,2919,2989,3121,2997,2270
HG03066_ASB1	-22017,4081,4012,2090,2144,3852,2139,2167,2137,2089,4059,2143
HG03159_ASB1	2053,2159,2167,2156,2137,2141,1984,2408,2143,2158,2165,2428,2157,2327,2147,2345,2137,2160,2415,2418,1826,2462,2443,2143,2441,2420,2030,2407,2449,2423,2426
HG03247_CLASP1	3176,3148,3153,3166,2892,2974,2265,3151,3150
HG03114_ASB1	2324,2300,2213,2155,1752,2158,2318,2223,2135,2302,2150,2310,2049,1811,2147
HG03076_CLASP1	3155,3023,3011,3033,2977,2992,2978,3150,3048,3130,2986,2989,3140,2660
HG03057_ASB1	3297,2404,2789,3279,3274,2738,2789,2800,3277,2794
HG03085_ASB1	2424,2109,2441,2437,2085,2117,2403,2106,2438,2125
HG03024_ASB1	1778,2158,2169,2158,2164,2168,2155,2160,1507,2153,2158,2121,2166,2137,2089
HG03086_CLASP1	3115,3164,3162,3113,3145,3134,3154,3145,3156,3079,3156
HG03100_CLASP1	2996,3007,2986,3005,2986,2908
HG03311_ASB1	3317,3307,1988,1905,3320,1990,1956,1982,1972,3320,3306,3425,1992,3314,3310,3268,1980,2001,1992
HG03081_ASB1	1990,1818,2445,2436,2451,2436,2420,1994,1976,2431,1980,2439,1973,1995,2377,2339,2283,2323,2389,1995,2329,1992,2442,-1515,2393,2004,2380,2434,1989,2441
HG03130_CLASP1	3157,3151,2768,3130,3160,3163,3171,2314,3161,3104,3153,3166,3160,3128,3126,3155
HG02982_ASB1	2149,3162,2164,2156,3311,2173,2106,3296,2167,2164
HG03193_ASB1	2805,1986,2798,1936,1980
HG03301_ASB1	2424,2429,2369,2011,1994,1849,1976,1996,2009,2323,1998,1991
HG03097_CLASP1	3159,3153,2875,3002,3146,3134,3172,3135,3100,2852,2194,-3325,2973,2965,2527,3101,3109,2983,2850,2973,3092,3175,3134,2993
HG03342_CLASP1	-41566,3022,2972,3126,3144,3001,3151,3139,4592
HG03060_CLASP1	3001,3144,2993,3159,3162,2981,3132,3148,2623,3148
HG03228_ASB1	2431,1963,1995,1986,1978,2427,1943,2428,2002,2381,2441,2423,2458,1982
HG03171_CLASP1	2986,3159,3170,2822,2991,3084,2975,2945,3004,3181,3012,2830,2962,2989,2919,2989,3131,3017,2936,3120,3119
HG03265_ASB1	1990,1925,1977,2209,3327,3307,2865,3317,1976,3285,1907,1934,1965,1944,3267,3293,3191,3291,3237,1548,3298,3312,3126,3205
HG03115_CLASP1	2987,2932,2929,3001,3000,2895,10153,2992,2811,3017,3001
HG03073_ASB1	3900,3845,2911,3854,3862,3687,3836,2923,2724,2921,3849,2907,3816,3870,2909,3885,2866,3873
HG03108_CLASP1	3163,3160,3173,3146,3141,3170,2986,3177,3127,2933,3142,3148,2837,3172,3179,3145,3191,3143,3148,3073,2816,2098,3104
HG03103_ASB1	2451,2382,4075,4069,-18861,3993,2424,4050,4057,2416,2427,2446,4011,4055,2434,2449,4093,4047,4070
HG03124_CLASP1	3157,3125,3150,3157,3116,2795,2296,3143,3174,3147
HG03066_CLASP1	2995,2919,2988,2915,3146,3005,3165,3003,2929,2990,3013,3156
HG03238_ASB1	2443,2422,2438,2426,2435,1975,2436,1992,1998,1910
HG03009_ASB1	1972,1992,1473,1974,1990,2000,1991,1940,1956,1993,1982,1973,1962,1981,1990,1967,1970,2001,1918,1988,1988,1991,1974,1988,1977,1983
HG03058_CLASP1	3163,3164,3191,3162,3152,3151,3102,2856
HG03163_CLASP1	2957,2954,2942,2981,2980,2927,2925,2961,2645,2865,2959,2958,2917,2953,2815
HG03127_CLASP1	3102,3056,3117,3136,3154,2985,3138,2959,3173,2858,3004,2989,2968
HG03240_ASB1	2424,1996,2430,1951,1996,2412,2345,2010,1987,1958,2393,2444,2342
HG03057_CLASP1	3150,3289,3003,2630,2995,3160,2987,2971,3137,2942,3156,2999,3163,2943,2981,3158
HG03159_CLASP1	2995,2994,2989,3003,2993,2990,2412,2961,2992,2987,2970,2983,2991,2778,3002,3001,3124,2982,3017,2985,2980,2998,2988,2929,3003,2978
HG03019_CLASP1	2530,2994,3038,2991,2971,3010,3021,2984,3001,2982,2992,2995,3003,3006,2881,2921
HG03193_CLASP1	3053,3161,2974,3164,3166,3003,3006,3135,2962
HG03199_ASB1	1993,2001,2001,1987,1987,1604,2004,2031,2007,1663,1990,1995,2011,2005
HG03198_ASB1	3760,3764,4085,4072,15608,4063,3754,4045,-1077
HG03212_ASB1	2787,2149,2151,2788,2164,2808,2801,2083,2147,2796,2765,2168,2797,2761,2795,2138,2150,2158,2171,2790,2804,2155
HG03172_ASB1	1780,2406,-17498,2434,2447,3928,3792,3923,2512,3954,2403
HG03228_CLASP1	2916,3004,2968,3139,2966,2992,3174,3142
HG03133_CLASP1	3170,2976,3150,3151,3109,2994,2992,2967,3168,2307
HG03016_CLASP1	2980,2994,2999,2978,3006,2854,2993,2991,3005
HG03091_CLASP1	3170,2997,2989,2998,2574,2332,2800,3031,2945,3006,2973,2957
HG03258_CLASP1	3046,2886,2926,2863,2873,3160,3175,3138,3158,2894,3147,2920,3146,2927,2919,2884,3166,2871,3105
HG03311_CLASP1	2996,28747,3016,3010,2952,3147,3154,2970,2984,3105
HG02976_ASB1	4073,2154,2159,4172,4272,4075,2145,4049,4035,2141,2069,1543,3866,2174,2152,2130,2157,4054,4064,4066,2148,2150,4088,1921,2139,4070
HG03081_CLASP1	3035,2988,3144,3119,2963,2918,3175,2968,3171,3155,3002,2987,2993,2970,3167,3162,2222,3159,3158,3082,2956,2970,2984,2382,3082,2979,2988,2968,3003,3146,3169
HG03132_CLASP1	2996,2934,2996,2883,2990,2991,3017,2983,2986,2957,2987,3008,3002
HG03238_CLASP1	3147,3155,3140,3145,3104,3140
HG03189_ASB1	3314,2164,3616,3284,3318,3300,3685,3739,3724,3243,2127,3314,3325,2144
HG03009_CLASP1	2740,2967,2986,2971,2981,2998,2991,2975,2998,2983,2973,3006,1891,3003,3007,2987,2988,2983
HG03303_CLASP1	2975,2985,3159,2826,3165,2975,3101,2994,2903,2953
HG03077_CLASP1	2976,2973,2977,3152,2990,2992,2967,3000,3059,3164,3142,2199,3161
HG03111_CLASP1	3107,3033,2989,2980,3172,3001,2986,3145,2155,2185,2998,3115,2986,2942,2950,3158,2866
HG03039_CLASP1	3089,3197,3125,3166,3096
HG03028_CLASP1	2993,2969,2979,2453,2971,2953,3004,2991,2974,2920,2983,2982,3002,3004,2991,2940,2947,2998,2994,2732,2975,2887,2991,2987,2918
HG03085_CLASP1	2997,2970,2984,3001,2987,2990,2976,2539,2994,2983,2995,2982,2932,2979
HG03052_CLASP1	3170,3135,2992,2994,3149,2989,2991,3153,3004,2971,3163,3000,3109,2986,2639,2976,3156,2986
HG03240_CLASP1	3124,3147,3015,3167,3137,3128,3139,3104
HG03024_CLASP1	3176,3167,2502,3164,2989,2982,2997,2991,3152,2913,3001,2991,2975,3142,3162,3174
HG03361_ASB1	2153,2756,2152,2154,1779,2423,2450,2418,2464,2455,2153,2418,2419,2141,2446,2444,1808,2429,2151,2165,2377,2436,2433,2428,2143,2442,2158,2162,2167,2141,2393,2156,2446,2394
HG02982_CLASP1	2982,3002,2993,2722,2967,2994,2960,2991,2971,2979
HG03114_CLASP1	2866,3147,3160,2943,3118,2851,2567,2940,2978,3143,2933,2969,2822,3154,2998,2940,3001,3167,2952
HG03199_CLASP1	2959,2965,2968,3160,2989,2984,3162,2997,4799,3075
HG02976_CLASP1	2983,3174,2992,3144,3034,2998,2171,2985,3151,3130,3111,2992,2976,3161,3162,3177,2993,3100,3165,3162,3109,2961,11647,3092,3108,2988,3168,2995,2985,3154,2954,2992,2965
HG03073_CLASP1	3177,3139,3160,2806,3143,3146,2863,3163,3154,3160,3154,3162,3162,3097,3151,3165,3139,3142,3149,3131,3159,2325,4288
HG03189_CLASP1	3001,3006,2898,3148,3002,2902,2995,2999
HG03212_CLASP1	3137,3168,3149,3154,3172,3147,3146,3145
HG03103_CLASP1	3171,2963,3154,3151,3006,2981,2988,2963,3080,2996,2988,2998,2948,2951,3143
HG03307_ASB1	1993,2004,1902,1988,2006,1989,2426,2427,1979,2426,2376,2000,1862,2442,2009,2383,2410,2412,2414,2005,1980,2429,2425,2436,2424,2340,2009
HG03241_CLASP1	3106,2960,3138,3146,2944,2964,3150,2999,3137,2945,2989,3199,3170,3151
HG03301_CLASP1	2987,2944,2996,3007,3039,2963,2930,2955,2988,2992,2823,2988,3009,2949
HG02888_FOCAD1	3832,3988,4370,4011,3985,4380,3908,4458,3966,4351,3986,3996,4546,4398,4326,3971,4577
HG02870_FOCAD1	3937,4363,3974,4376,4330,4337,4290,4314,4011,3968,3972,3989,3910,4337,3985,4344,4388,3997,3993,4340,3950,4367
HG02807_FOCAD1	3959,4390,3957,4045,4396,3969,4358
HG02813_FOCAD1	3990,3903,4363,4363,4350,4305,3952,4311,4361,4313,3941,4373,4380
HG02836_FOCAD1	4377,4371,4257,4026,4355,3960,4279,4361,4005,3933,4233,4155
HG02970_FOCAD1	4369,4283,4154,3979,3995,3976,3697,3947
HG02793_FOCAD1	4003,3898,3991,3974,3953,4008,3983,3942,3987,3873,3981,3952,4009,3984,3986,4010,3940,3998,3983,3942,3940,3976,3982,3990,3965,4093,3964,331,3964,3971,3995
HG02971_FOCAD1	4367,4359,4378,4367,3936,4325,3682,3978,4011,3995,3968,3989
HG02805_FOCAD1	4085,4330,3666,4302,4332,4375,3981,3204,3468,3953,4367,4346,4359,4286,3903
HG02789_FOCAD1	3304,4365,3625,3943,4374,4322,3914,4377,1303,4341
HG02781_FOCAD1	3931,3991,3967,3038,3979,3995,3957,3924,3994,3974,3932,3985
HG02724_FOCAD1	4365,3993,4310,3912,3674,4371,3991,4369,3995,3961,4379,-2944,3936,3987,3984,3990,4362,3688,4350,3991
HG02703_FOCAD1	4365,4337,4363,4295,4382,4343,4357,4388,4383,4388,4318,4354
HG02943_FOCAD1	3925,3933,3961,4179,4099,4361,4008,3499,3987,3959,4353,3516,3785,3992,14148,3982,3983,3632,4256,3999,3818,4333,4342
HG02691_FOCAD1	3933,3961,4366,4395,4405,3956,4370,4394,3995,3723,3344,4002,3917,3988,3949,4315
HG02697_FOCAD1	3676,3988,3988,3801,3983,3959,3959,3985,3984,3972,4007,3963
HG02634_FOCAD1	3973,3820,3986,3979,3972,3386,3941,3963,3854,3940,3948,3937,3946,3993,3951,3928,3745,3980,3962
HG02727_FOCAD1	4322,3975,4015,4377,4150,4339,4350,4373,4310,4299,4370
HG02715_FOCAD1	3961,3394,4003,4015,3983,3958,3966,3255,3983,4005
HG02721_FOCAD1	3947,3991,4004,3968,3990,3989,3996,3994,3946
HG02679_FOCAD1	3987,4355,3978,4009,4331,4364,4008,4369,3936,3937,4364,3999,4315,3980,4372,4351,3973,4310,3968,4357,3979,3509,4391,3671,3944,4365
HG02681_FOCAD1	3954
HG02684_FOCAD1	3974,3701,3975,3984,4020,3946,3979,3997,4002,3988,3985,3989,3991,3327
HG02728_FOCAD1	3973,3924,4004,3934,4350,4257,4139,4010,3505,4351,3988
HG02687_FOCAD1	3986,3983,4364,4316,3980,4368,4004,4326,4003,3986,4365,3203,4385
HG02690_FOCAD1	3993,4318,3951,4338,4316,4000,3919,4357,4317,3983,3988,3974,3986
HG02685_FOCAD1	3955,3979,3914,3987,3959,3997,3886
HG02688_FOCAD1	3981,3966,3994,3956,3999,4010,3980,3970,3126,3930,3967,3990,3987,3998,3967,3979,4000
HG02771_FOCAD1	3968,4351,4341,4345,3981,3977,4370,4304,3984,4318,3999,3973,3971,4371,4338,4372,3995
HG02953_FOCAD1	4105,22613,3891,3946,4359,4190,3932,4333,3994,3978,3978,3816,4406,4361,4009,4372,3992,3950,3968,3954,3346
HG02737_FOCAD1	4001,4305,3991,3916,3931,3983,4309,4365,4009,4266,4394,3979,4360
HG02768_FOCAD1	3951,3832,3768,3951,3979,3903,32732,3856,3941
HG02611_FOCAD1	3988,4365,4355,4004,4005,3956,3991,3926
HG02635_FOCAD1	4380,4547,4388,4378,4374,4539,4535,4494,4555,4545,4283
HG02938_FOCAD1	3980,3973,4348,3796,3822,3823,3978,4348,3960,3963,4148,3952,4334
HG02678_FOCAD1	4357,4395,4385,4385,4403,4007,3703,4362,3991,3977,3973,4363,3788,3975,3994,3836,3929,3956,3991,3938,4197
HG02657_FOCAD1	4250,3658,4364,3984,4355,3957,3890,4352,4273
HG02661_FOCAD1	4386,3962,4377
HG02944_FOCAD1	4389,4259,4555,4341,4381,4367,4317,4548,4361,4366,4459,4524,4579,4541,4424,4522,4571,4360,4287,4330,4541,4486
HG02922_FOCAD1	4300,4142,4348,4540,4523,4332,4551,4595,4352,4260,4402,4534
HG02643_FOCAD1	4293,4330,4594,4359,4377,4352,4537,4539,4367,4378,4363,4220,4345,4580,4370,4381,4327,4611,4351
HG02890_FOCAD1	4362,3983,4382,3971,4376,4572,3903,4587,3805,4349,4365,3525,4351,4323,4320,4550,3474,4386
HG02600_FOCAD1	3908,3834,3947,3856,3940,3944,3955
HG02604_FOCAD1	3997,3979,4384,3559,3677,3941,4380
HG02895_FOCAD1	4317,4380,4300,3106,4364,3778,3871,4326,4375,4453,3353,3961,3859,4371,4383,4016,4335,3603,3279,3878,3954,4372,3978,3917,4343,4283,3877
HG03265_CLASP1	2995,3170,3130,3146,3139,2844,3154
HG03172_CLASP1	2960,3134,2991,2977,2965
HG02781_ASB1	2444,2417,2445,-2752,2431,1814,2458
HG02661_ASB1	3321
HG02807_ASB1	1995,1948,1988,2002,1984,1962,1903,1996,2000,2022
HG03198_CLASP1	2996,2964,3002,3007,3020,2986,2800,2995,2975
HG02970_ASB1	2446,1996,2430,1992,2003,1958
HG02635_ASB1	2012,1981,1993,2006,1991,1992,1990,1987,1938,2000,1981,1813,1819,1993,1987
HG02727_ASB1	2138,2152,1979,2149,2134,1995,1993,1977,1984,2142,1989,2000,1998,2126,1980,2167,1981
HG02715_ASB1	2422,2166,2411,2447,2449,2131,2149,2169,2436
HG02836_ASB1	2391,3265,3154,3290,3321,2160,3315,2092,2150,3290,3325,2158,3290,3318,2158,2139,2149
HG02611_ASB1	4065,4083,4037,4032,3731,4049,3760,3733,4080,3724,3755,3735,3743,4017,3744,3748,3267,4074,3749
HG02781_CLASP1	2948,1950,2965,2226,2997,2939,2978,2971
HG02685_ASB1	1978,1967,1957,1969,2004,1994,1847
HG02728_ASB1	2001,1943,1943,1995,1962,1905,2009,1968,1949,1982,2018,1713,2003,1995,1995,1994
HG02681_ASB1	2004,1987,1936,1956
HG02737_ASB1	1987,2407,2421,1994,2434,2434,2001,2401,2451,1987,1990,1996,2420,1997,2427
HG02771_ASB1	3396,3319,3306,2430,2432,2535,3302,3300,2442,2449,2422
HG02657_ASB1	1980,3305,3244,1955,3318,1978,1886,1998,3310,3280,1973,2448,1993
HG02807_CLASP1	-28684,2546,2977,2813,2984,2990,3130
HG02793_ASB1	2160,1992,2159,2156,1973,2099,1867,1986,2002,1846,1985,1996,2162,1956,2111,2020,2135
HG02688_ASB1	1988,1831,2015,1995,2431,2003,2372,2456,1956,1993,1979
HG02697_ASB1	1921,2002,1981,1893,2015,1998,1985,1994,1993,1982,2001,1999,1988,1980,1983
HG02813_ASB1	3319,3258,3329,3281,1998,1982,1999,2017,3925,2446,3313,1997,3953,3900
HG02703_ASB1	2348,2436,2444,2434,2443,2429,2439,2439,2445,2433,2431,2455,2460,2419,2432,2426,2439
HG02715_CLASP1	3137,2997,2279,3163,3156,2918,2990,3013,3006,3119,2964,3153
HG02789_ASB1	2066,1994,1999,1968,1897,1537,2063,2056,2078
HG02721_ASB1	3747,3777,2461,3744,3696,3747,3705,3753,3778,2421,2359,3729,2434,2441,2415,3507,2428,2427,3770,3713
HG02690_ASB1	1995,1995,1996,1978,1996,1995,1996,1992,1991,1985
HG02805_ASB1	2435,2661,2361,2412,2370,2435,2417,2433,2436,2429,2413,2458,2429,2433
HG02687_ASB1	1861,1874,1881,1994,1873,1989,2014,1990,1871,2002,1881,1997,1870,1877,1861,-4164,2014
HG02768_ASB1	2303,2668,2415,2735,2780
HG02685_CLASP1	2970,2979,2990,2976,2990,2948,3002,2983,2947,2988
HG02691_ASB1	1999,1988,1994,2143,2142,2143
HG02681_CLASP1	2937,2966,2971,2998,2998,2994,2960
HG02684_ASB1	1990,1980,1988,1977,1546,1997,1979,1995,1993,1975,1957
HG02600_ASB1	2004,1993,1977,2009
HG02657_CLASP1	2988,2394,2991,2994,3022,2998
HG02643_ASB1	3756,3743,3767,3790,3735,3785,3784,2163,2155,3789,3770,3745,3757,3602
HG02724_ASB1	2421,1993,2431,2431,1996,2421,1966,2432,1981,1952,2005,1994,1979,2343,2452,2430,1978,2429
HG03633_CLASP1	2989,2979,2993,2998,2988,2981,3008,2985,2935,2991,2980,3003,2990,2991
HG03361_CLASP1	2983,2976,3016,3166,2981,3157,3177,2927,2985,2988,3106,3123,2991,3151,2946,3005,2990,3164,3170,3140,3133,2944,2995,2699,2961,3140,3167,2995,2992,2988,3160
HG02611_CLASP1	3163,3167,2013,3121,3166,3145,3007,2983,3120,3068
HG02793_CLASP1	2968,3001,2998,2993,2996,2971,3010,2997,2898,3010,3007,2966,2997,2995,2987,2984,2981,2927,2989,2971,2994
HG02604_ASB1	1999,2002,2000,1808,1931,1997,2009,1984,1988,1325,1947,1984,1996,1992,2002,1984,1978,1894
HG02922_ASB1	2037,2442,2404,2399,2034,2027,2440,2021,2434,2428,2016,2442,2437,2035
HG02634_ASB1	2012,1997,2032,2005,2033,2025,2033,2009,3573,2013,2016,2049,2024,2019,2028,2023,2032,3743,3701,3749,2036,2032
HG02813_CLASP1	2999,3145,3162,3148,3138,3171,2945,3004,3127,3156,2943
HG02661_CLASP1	2991
HG02697_CLASP1	2951,3006,2908,2976,3000,3000,3000,2966,2969,2967,2993,2999
HG02678_ASB1	2415,2036,2422,2436,2431,2428,2425,2459,2034,2038,1813,2446,2442,2430,2428,2419,2028,2437,2405,2449,2026,2032,2441,2439,2382,3580,2046,2043
HG02938_ASB1	3346,2431,2372,3033,2328,2415,2444,3236,3371,-6752,3402,2415,3364,2442,3380,3386,2414,3380,2431
HG03307_CLASP1	2770,3165,3136,3097,3168,3170,3165,3147,3139,3149,3150,3166,3124,3152,3122,3143,3161,3141,3119,3015
HG02688_CLASP1	3148,2950,3150,2975,3151
HG02953_ASB1	3318,3298,1975,3253,3309,1977,3318,3311,1997,3289,1994,1236,3319,3302,3329,1846,1945,1991,2007,3314,3283,3315,2000,1944,3204,3318,3308,3150,3233,1999
HG02971_ASB1	1988,2916,1966,2907,2013,1995,1999,1996,2002,2919,2913
HG02635_CLASP1	2967,3004,2967,2991,2963,2978,2731,2875
HG02643_CLASP1	3168,3132,3088,2996,3162,3155,2930,2988,3164,3085,2972,3095,2982,2923,3000,3000,3128,2916,2987,3007,2998,3153,3177,3318,3173,3130
HG02679_ASB1	2160,2164,2172,2174,2154,2148,2172,2131,2145,2161,2153,2161,2147,2130,2143,2170,2151,2146,2144,2169,2152,2182,2139,2159,2156,2157,2156
HG02727_CLASP1	2993,2994,2981,2937,2994,2995,2998,2989,3009,2968
HG02728_CLASP1	2986,2937,2986,3106,3001,2959
HG02771_CLASP1	3156,2650,3164,3168,2636,2630,2638,3178,2602,2636,3160,2631
HG02922_CLASP1	3008,3004,2995,2974,2965,2986,2989,2978,2979,2960,3010,2996,3067,2993,2951,2976,2942,2958,2671,2916,2916,2872
HG02737_CLASP1	2954,2922,2960,2987,3005,2987,2993,2990,2977,2997,2998,2996
HG02604_CLASP1	2935,3000,2992,2996,3005,2984,3004,2996,2984,2994,2991,3003,2995,2956,3008,2931,3004
HG02836_CLASP1	3169,3144,3164,3106,2720,3070,3172,3098,3112,3164,2459,3156,3076,3134,3160,3154,2886,3166,3163,3098,3112
HG02943_ASB1	1979,2006,1998,1954,1977,1991,1983,2003,1997,1919,2015,1968
HG02944_ASB1	2422,1998,2014,2421,1992,2398,2378,2411,2375,2423,2410,2438,2443,1966,2441,2440,1983,2425,2420,1988,2447,2008,2393
HG02805_CLASP1	3132,3123,3143,3083,2906
HG02970_CLASP1	3141,3140,3162,3161,3175,3115,3152,2890,3147
HG02768_CLASP1	2989,2989,3100,3103,3002,2822
HG02690_CLASP1	3137,3137,2974,2937,2948,3002
HG02691_CLASP1	2938,3149,2966,3118,2743,3120,2936,2981,3069
HG02789_CLASP1	2990,3011,2980,2983,2993,2964,2963,3000,2933,2996,3003,3011,2941
HG02679_CLASP1	2994,2996,3156,3001,3003,2822,3152,3001,3002,2994,3166,3162,2889,3140,3149,2999,3000,2994,3092,2988,3177
HG02600_CLASP1	2973,2997,2976,2969,2982,2996
HG02684_CLASP1	2975,2944,2989,2951,2999
HG02703_CLASP1	3160,2953,3155,2998,2994,3114,3149,2978,3008,2991,2993,3156,3083,2995,2646,2951,3155,3168,2962,2999,2989,2986,3020
HG02687_CLASP1	2981,2990,2981,3001,2977,3001,2997,2991,2919
HG02890_ASB1	2155,4074,2149,4073,2443,2420,2166,1915,2407,2445,2158,2155,2443,3231,4062,2105,2410,3740,2199
HG02724_CLASP1	2896,2995,2992,3000,3000,2999,2975,2950,2980
HG02721_CLASP1	3160,3138,3170,3101,3164,3162,3054,3167
HG02870_ASB1	3947,2849,3291,3901,3322,3258,1558,3325,3277,1993,3264,3255,3301,3960,3303,3949,3312,3047
HG02634_CLASP1	2957,2927,2986,2977,2980,3022,2986,1719,2976,2988,2983,2986,2994,2900,2955,2977,2971,2956,2977,2838,2436
HG02888_ASB1	4065,4072,2161,1997,4054,2115,2024,3308,3311,4076,2148,4079,2155,2156,3298,1920,1992,3098,4022,2147,2168,2152,2085,3299
HG02895_ASB1	2429,3737,1965,1998,1859,1985,1995,1978,1902,3590,2003,1997,1980,3378,1981,1969,-18,1982
HG02971_CLASP1	3120,2978,3150,3002,3165,3123,3182,3157,3139,3153,3163,3010,3117,3140,2828,3012,3014
HG02678_CLASP1	3116,3158,3166,3165,2557,3154,3134,3145,3178,3146,3158,2397,3136,3154,3146,3165
HG02938_CLASP1	3001,2913,2951,2994,2892,2977,2964,2965,2945,2986,2887,3012,2971,2951,2961,2159,2965,2985,2990,2859,2994
HG02384_FOCAD1	2562,4069,3952,4367,3962,3776,3982,3936,4381,4128,3977,3930,4385,3978,4339,3899,4324
HG02372_FOCAD1	4365,3804,4337,4370,4381,4372,4383,4370,4360,4347,4371,4347,4240,4375,4353,4359,4326,4114,4326
HG02364_FOCAD1	3989,3849,3927,3856,3970,3992,3937,4004,3877,3973,3524,3969,3549,3133
HG02367_FOCAD1	3971,3987,3960,3975,4319,4351,3978,3871,4293,-7434,4370,3979,3994,3986
HG02953_CLASP1	2965,3159,2958,3177,3164,2875,2998,3023,2986,2897,2960,2983,3159,3125,2966,2995,3114
HG02597_FOCAD1	3890,3315,3994,3863,4364,-1924,4355,3981,4364
HG02580_FOCAD1	4345,4371,4003,3977,4388,3975,3960,4333,4335,4790,3991,3976,3982,3994,3965,3452,4377,4011,3989,3989,3772,4375,4358
HG02337_FOCAD1	3977,2788,3957,3945,3972
HG02890_CLASP1	2999,2999,2990,2331,2990,2987,3147,2999,2997,2912,2935,3096,3001
HG02332_FOCAD1	3972,3964,3984,3965,3934,3938,3969,4003,3957,4017,3966,3994,3981,3963
HG02382_FOCAD1	3610,4017,3520,3569,3849,3536,3586,3594,3997,3661,3919,3973,3567,3580,3607,3998,3512,3884,3599,3597,3589,3929,3575,3602,3962,3565,3497,3523,3610,3964,3594,3968,3967,3982,3619,3586
HG02325_FOCAD1	3977,3890,3979,3501,4004
HG02577_FOCAD1	3984,3765,3981,3710,3958,3972,3983
HG02562_FOCAD1	3982,3934,4019,3995,3996,4000,3672,3866,3507,4002,3991,3673,3976,3992,3915,3984
HG02184_FOCAD1	4370,4371,4263,3985,-14033,4310,4358,4327,4079,3963,3895,4402,3903,3969,4360,4361,4331
HG02568_FOCAD1	3996,3990,3988,3860,3903,3959,3979,3941,3952,3984,3978,3512,3957,3967
HG02266_FOCAD1	4393,4334,3993,3983,3981,4371
HG02285_FOCAD1	3974,3981,3986
HG02573_FOCAD1	3953,3990,3917,3986,3975,3956,3919,3955,3977,3975,3940,3909,3941,3958,3409,3959,3945,3877,3952,3958,3896,3973,3559,3939,3969
HG02291_FOCAD1	4017,3962,3863,3985,3982,3999,3582,3942,3963
HG02265_FOCAD1	3989,4071,4389,4300,3984,4320,4348,3988,4378,3937,3994,4282,3992,4192,4214,4323,4005,4305,4352,4334,3985,4034,3998,3956,3982,3945,4345,4318,4167,4128,4327,4311,3948,3999,4364,3981,4358,3966,3998,3936,4358
HG02180_FOCAD1	3972,3983,4369,4346,4362,3585,3895,3985,4237,3304,3981,3946,3921,3949
HG02146_FOCAD1	4359,4338,4316,4268,4360,4373,4373,4372,4279,4371,4315,4352
HG02130_FOCAD1	4382,4365
HG02182_FOCAD1	4368,3845,3694,3976,4343,4309,3935,3977,4026,4323,3889,3967
HG02943_CLASP1	3167,2983,2987,3000,3004,3122,2905,3077,3137,2853,3139,2887,3148,3007,3152,2915,2925,2931,5307,3195,3007,3187,2882,2928
HG02284_FOCAD1	4352,5011,4576,4337,4320,4369,4438,4382,4518,4366
HG02283_FOCAD1	3991,3981,3946,3988,3715,3965,3970,3998,3999,3954,3973,3993,3962,3934,3997,3997,3966,3927,3749
HG02189_FOCAD1	4275,4002,4034,4354,4358,4393,4323,4349,4376,4345,4363,4372,4095,4266,4268
HG02223_FOCAD1	3978,3982,4018,3866,4012,3985,4009,4011,3940,4006,-31680
HG02178_FOCAD1	3944,3951,3933,3996,3961,3981,3792,3989,3972,3989,3882,3393,3897,3987,3737
HG02164_FOCAD1	4107,3842,4361,4373,4185,4381,3977,4337,4313,4233,4094,4353
HG02165_FOCAD1	3978,3736,3957,3989,3959,3952,3992,3981,3979,3981,3993,3946,3969,3926
HG02292_FOCAD1	3968,4008,3722,3972,3940,3938,3986,4011,3970,3981,3938,3986,3963
HG02274_FOCAD1	3953,4346,3992,-19683,3970,4299,3976,3971,4390,4337,4364,4369,3984,3967,3989,3939,3895,4364
HG02275_FOCAD1	3750,3791,3810,3777,3804,4000,3968,3981
HG02271_FOCAD1	4003,3708,3827,3954,4014,3968,3961
HG02277_FOCAD1	4141,4373,4008,3995,4352,3997,3987,3963,3994,3989,3984,4293,4365,3983
HG02156_FOCAD1	4242,4334,4360,3985,4323,4332,4365,4373,4138
HG02153_FOCAD1	3969,4004,3983,3971,3991,3988,3179,3503,3971,3905,3935,3947,3983
HG02155_FOCAD1	4329,3986,4358,4378,4369,4107,4350,3940,3984,3979,3977
HG02154_FOCAD1	3966,3732,3958,3951,3985,3962,3984,3975,3996,-16365,3994,3967,3957,3992,3985,3999,3983,3830,3983,3899
HG02152_FOCAD1	4382,4327,-19701,4375,4325,4003,4342,3976,3994,4367,3965,3995,4318,4393,4378,4291,3992,4374,4360,3961,4357
HG02595_FOCAD1	3816,3986,3994,4388,4390,3959,3999,4354,4103,4335,3955,3994,3937,4348,2475,3963,4336,4332,3974
HG02138_FOCAD1	4368,3987,4019
HG02308_FOCAD1	3888,4379,4297,3956,3959,4367,3856,3896,4380,3962,3986,3958,4141,4296,3684,4221
HG02585_FOCAD1	3974,3978,3963,3928,3982,3968,3856,3966,3969,3948,3936,3978,3952,3987,3784,3984,4001,3981,3990,3923,3961,3905,3920,3963,3936,3938,4004,3318,3902,3998,3824,3990,3997,3976,3772,3637,3943
HG02318_FOCAD1	4358,4548,4560,4359,4366,4391,4376,4370,4370,4386
HG02231_FOCAD1	3299,3944,4086,3973,3984,4348,3958,3965,3999,3947,3997,4369,4355,4006,3971,4353,4385,4355,4313,4377,3976,4368,3983,3924,4458,4348
HG02582_FOCAD1	4218,3967,4365
HG02588_FOCAD1	4353,4293,4350,4355,4372,4344,4388,4360,4363,4103,4367,4331,4255
HG02239_FOCAD1	3979,3505,3954,3984,3979,3999,3994,3861,3986,3987,3960,3987,3950,3972,3975,3994,3952,3950,3995,3974,3980,3938,3940,3968,3971
HG02250_FOCAD1	3971,4339,4357,4254,4343,4342,3885,3986,4323,3882,4356
HG02238_FOCAD1	3959,4378,3805,3983,4379,4190,4333,4350,3915,4349,3998,3943,3997,4365,4363,4376,3996,3919,3978,3989,4010
HG02224_FOCAD1	3885,3946,3976,3988,4020,3999,3959,3935,3933,3454,3994,818
HG02137_FOCAD1	3980,3974,3972,3977,4384,4356,3986,4387,4381,3946,4363,4303,3909,3993,4006,4365,4002,4363,4000
HG02309_FOCAD1	3993,3977,3959,3971,3988,3992,3977,3374,3908,3964,3977,3978,3989,3728,4015,3846,3830,4006,3979,4003,3965,3865
HG02136_FOCAD1	3982,3974,4310,4379,4368,4349,4387,3971,3998
HG02307_FOCAD1	3962,3908,3986,3987,3980,3564,3979,3964,3982,3977,3968,3946,3979,3926,3909,3952
HG02314_FOCAD1	3971,3968,3971,4015,3997,3962,4000,3960,3926,3978,3899,3983
HG02253_FOCAD1	4370,3982,4360,4369,4299,4000,4364,4369,3958,3974,4392,3984
HG02133_FOCAD1	4363,3989,3984,3788,4312,4370,3770,3658,3902,3951,4344
HG02139_FOCAD1	4339,4383,3301,3962,4380,3994,4020,4322,4282,4358,3980
HG02561_FOCAD1	3850,3941,4009,3978,3959,3961,3909,3837,3966,3977,3973
HG02325_ASB1	2403,2402,2802,2422,2431,2772,2806,2781,2420
HG02130_ASB1	2008,1992,1991
HG02372_ASB1	2009,2010,2035,1997,1996,1978,2002,2010,1992,1985,1993,1984,1975,2063,2008,2012,1758,1982,1987,1962,1992,1996,1995,1988
HG02266_ASB1	1552,2269,2003,1995,1990,2281,1992,1995
HG02455_FOCAD1	4000,3941,3982,3998,4354,3935,4357,3994,4377,4367,4371,3416
HG02478_FOCAD1	4316,3976,4516,4523,4567,4508,4546,4624,3902,4547,3973,3977,3942,4569,3561,4546,4585
HG02402_FOCAD1	3971,3902,3982,3980,3969,3956,3822,3989,3907,4007,3948,3962,3999,3948
HG02429_FOCAD1	-57334,3782,3992,3955,3994,4010,3965,3988
HG02477_FOCAD1	4350,4279,4356,3978,3754,3996,3887,4368,4342,4216,4367,4385,4363,3620,3998
HG02870_CLASP1	2974,3123,2998,2991,3171,2954,3022,3098,2925,3161,3160,2983,3117,2937,2987,3090,3090,3095,3157,2970,2970,3132,3068
HG02410_FOCAD1	4354,4358,4375,4252,4338,4311,4358,3891,4351,4370,3891,4359,4347,4232,-5360
HG02390_FOCAD1	4358,4277,4379,4375,4376,4323,4351,4379,4239,4333,4374,4341,4355
HG02944_CLASP1	2739,3140,3136,3119,3161,3166,3098,3041,2990,3142,2981,2999,3139,2988,3142
HG02445_FOCAD1	4556,3995,3912,3983,3959,3989,3491,3974,3921,4278,4554,3943,4268,4600,3984,4553,3989,4556,4562,3957,3963,4561,4537
HG02364_ASB1	1981,1959,1991,1974,1946,1902,1948,1941,1989,1968,1951,1996,1994,1992,1979,1976,1782,1971
HG02291_ASB1	1999,2004,1989,1997,1998,1990,2000,2007,2001
HG02442_FOCAD1	3976,3917,3590,4214,4279,4216,4324,3891,3778,4334,3983,3892,3967,4334,4330,4313,3893
HG02420_FOCAD1	3974,4324,4346,4343,4066,3722,3962,4363,4358,3999,3976,4059,4386,3968,3966,3931,3853,4331
HG02337_ASB1	2759,2803,3279,3291,3354,3234,2785
HG02138_ASB1	2006,2147,2011,2173,1982,2155,2162
HG02275_ASB1	1967,2261,2001,1997,2283,2227,2284,2264,2275,2248,2274,2270
HG02597_ASB1	2432,2405,2429,1991,1990,1993,1980,1989,1984,2442,1973,1993
HG02130_CLASP1	2983,2962,2985,3005
HG02292_ASB1	1952,1852,2010,1999,1999,2002,1974,2276,2255,2248,1975
HG02164_ASB1	1990,1945,1999,1973,1977,1982,1965,1970,1965,1997,1975,1974,1996,1983
HG02253_ASB1	3285,2273,2278,2284,2273,3318,2274,2278,2273
HG02146_ASB1	2294,2281,1791,2413,2272,2265,2420
HG02182_ASB1	2003,2281,1995,1932,2277,1973,2274,1994
HG02367_ASB1	2167,2158,2134,2141,2006,1921,1987,1939,2170,1988,1993,2150,2122,2165,1984,2002
HG02580_ASB1	2412,2431,1989,2425,2356,2394,2434,2427,1988,2001,1951,1992,1978,2437,2429,1990,2002,2422,2383,2446,1985,1997,1942
HG02266_CLASP1	2972,2981,2987,2978,2981
HG02285_ASB1	1991,1983,1984
HG02271_ASB1	2443,2438,2457,2297,2259,2267,2403,1827,2419,2270,2246,2250,2273,2446
HG02314_ASB1	3378,3739,3384,3745,3720,3762,3375,3682,2973,3406,3370,3403,3403,3366
HG02577_ASB1	3302,3312,3315,1986,3312
HG02325_CLASP1	2982,2919,2988,2990,2995,2962,3002,3158,2996,2891
HG02284_ASB1	3748,3696,3692,1991,3747,2207,1985,3771,1722,3746,1969,1974,1983,2005,-2168
HG02308_ASB1	1946,3752,1981,1866,2005,3712,3525,3638,3674,3740,1976,3673,1787
HG02153_ASB1	1953,1996,1989,2000,1990,1981,1988,1968
HG02597_CLASP1	3011,1853,2321,2982,3007,2973
HG02895_CLASP1	2993,3009,2984,3000,3168,3122,3175,3075,2996,2580,3019,3136,2985,3005,3137,2967,1882,3124,3089,3004,3148,2962,2852,3164
HG02291_CLASP1	3098,3161,2986,3864
HG02568_ASB1	2435,2119,2145,2425,2147,2434,2431,2453,2106,2151,2431,2437,2421,2435,2428,11990
HG02384_ASB1	2142,2139,2005,1998,2082,1987,2155,1996,1989,2139,1987,2149,2143,2123,2125,2166,1993,1984,2157,2132,2140,2149,2155
HG02562_ASB1	3726,2148,3773,3749,2185,2143,2167,2143,2143,3729,2143,3759,2147,3753,3746,3751,2147,3726,2128,2159,2151
HG02156_ASB1	3300,1986,3264,2001,3223,3422,1997,3301
HG02429_ASB1	3933,3944,3942,2009,3954,2026,2011,2034,2020,2042,2051,1976,2035,1968
HG02165_ASB1	2000,1998,1985,1783,2406,1995,2432,2424,2432,1999,2437,1988,2437,2415
HG02595_ASB1	2770,2804,2779,2767,3597,2802,2765,2781,3747,3680,2793,2803,2770,2790,3767
HG02318_ASB1	1985,2369,2442,2006,2444,1990,1984,1962,1999,2003,2408,2459
HG02143_FOCAD1	4003,4380,3918,3720,3654,3986,4366,4407,3793,3779,3907,3986,3982
HG02144_FOCAD1	3899,3754,4322,4213,3986,4351
HG02180_ASB1	1987,1998,1976,2004,2426,1995,2449,2404,1998
HG02223_ASB1	2418,2451,2404,2435,2439,2427,2398,2446,2430,2441,2425,2411,2439,2440,2450,2446,2421,2429,2430
HG02275_CLASP1	2946,3006,3150,2933,3168,2989,3142,2988,2979,3139,2983,3085,3169,2986,3001,3155,2976,3162,2997,3074,3140,2992
HG02253_CLASP1	2966,2995,3005,3014,2975,3002,2982,2989,2984,2988
HG02189_ASB1	2264,2268,2262,2374,2221,2439,2230,2436,2251,2237,2442,2448,2291,2416,2425,2235
HG02136_ASB1	2156,2173,2413,1997,2148,2156,2150,2134,2143,2236,1992
HG02307_ASB1	1979,1958,1997,3364,1992,3236,2009,1975,3368,1989
HG02292_CLASP1	2986,2501,2979,2957,2949,2993,2972,2936,2985,2979,2963,2868,2942,5310,2977,2863,2687
HG02888_CLASP1	3147,2993,2638,3015,2974,3159,3089,2976,2930,2740,2953,2992
HG02224_ASB1	2438,2432,2321,2308,2377,2437,2393,2437,2366,2393,2328,2401,2417
HG02154_ASB1	2269,2282,1987,1998,2274,2288,2152,2295,2272,2269,1993,1994,2257,2001,2000,2000,2264,2253,1974,2274,1970
HG02155_ASB1	3323,2273,3322,3301,2224,2244,2210,3335,3301,2289,3304,3282,2259,3290,3282,3317,3282,3310,2280,3317,3308,3322,2281
HG02558_FOCAD1	3811,4172,4175,4194,3990,4006,3976,4165,4007,3953,3991,3517
HG02588_ASB1	2163,2160,2109,2388,2149,2439,2418
HG02139_ASB1	1986,1996,1981,1981,2004,1983,1999,2034,2002,1980,1993,1984,1979,1997,1968,2000
HG02277_ASB1	2448,2433,2428,2440,2434,2464,2442,2438,2444,2428,2440,2438,2453,2433,2444,2430,2317,2446
HG02332_ASB1	3304,3297,3316,3299,2693,3292,3313,3303,3128,3302,3282,3328,3273,3260,3325,3325,3317
HG02184_ASB1	1981,1984,1996,1981,1989,1998,1961,1988,1972,1933,1964,2001,1886
HG02271_CLASP1	3089,3188,3075,3166,2888,3043,3171
HG02137_ASB1	1997,1999,1970,1972,1910,1987,1644,1977,1998,1993,1992,1990,2000,2002,1972,1996,2009,1979,1996,1991
HG02582_ASB1	2776,3860,3901,2543,3390,2767
HG02485_FOCAD1	4128,4046,-14337,3864,4117,4362,4362,4369
HG02153_CLASP1	3124,2979,2585,2991,2991,3131,3142
HG02455_ASB1	1967,1968,2002,1994,1929,2004,1985,1998,1999,1995,1998
HG02490_FOCAD1	4363,4373,4340,4356,4348,4344,4352,4298,3830,4371,4276,4352,3889,4358,4180,4367,2991,4195,4364
HG02318_CLASP1	3158,3055,2917,3159,3001,3162,2827,3178,2979,2519,12454,1266,3148,2923,3137,3140
HG02554_FOCAD1	3974,3954,3993,3933,3989,3950,3986,4002,3928,3975,3584,3995,3930,3933
HG02250_ASB1	2014,1985,1991,1888,1964,2409,1989,2365,2411,1980,2457,1939,2434,2414,2399,2431,1992,1856
HG02178_ASB1	3172,3304,3317,2419,2428,2446,2337,2424,2438,3282,3304,3229,3202,3275
HG02274_ASB1	2009,1994,1982,1998,2252,2269,2281,2001,2272,2250,1868,2263,1996,1993,2281,1984,2228,2277,1966,2270,2284,1993
HG02521_FOCAD1	4389,3991,3965,3917,2756,3993,4329,4225,4326,4381,4267,4348,3981,3950,4353,3909,3958,3957,4373,3975,4352,4368,3917,4369,3837,3986,4344,4670,3970,3778
HG02496_FOCAD1	3990,3915,4357,4362,3830,3984,4360,3913,3954,4398,4371,3994,3983,3810,4367,3685,4196,3952,3970,4382,4323,4303,4344,4321,3964,3965,4096,4382,3918,3913,4366,4343,3980,4014,4338,4374,4338,4362,4368,4379,3968,4293
HG02545_FOCAD1	4267,4294,4350,4374,4366,4372
HG02156_CLASP1	2977,2973,2998,2977,3002,2997,2995
HG02524_FOCAD1	4000,3998,4402,4367,4357
HG02238_ASB1	2434,2421,2437,2418,2425,2409,2435,2433,2433,2421,2413,2447,2424,2434,2433,2436,2440,2438,2432,2438,2424,2440,2453,2416,2403,2443
HG02144_ASB1	2359,2430,2425,2427,2435,2361,2417,2453,2393,2427,2417
HG02372_CLASP1	2987,2911,2997,2987,2992,2820,2984,2980,2980,2473,2915,2978,2990,3013,3006,3005,2987,2981,2939,3012,3005
HG02429_CLASP1	3005,2987,-20628,3049,3155,2990,2949,3212,3131,3102,3169,3084,3154
HG02180_CLASP1	3157,2996,3159,2997,2975,2702,2973,2932,3001
HG02337_CLASP1	3064,3160,3120,3146,3145,3150,3098,3187,3172,3190,3073,3119,3012,3142
HG02522_FOCAD1	3919,3854,3978,3996,4379,4376,4338
HG02494_FOCAD1	4018,3961,3949,3831,3903
HG02546_FOCAD1	3972,3982,4004,4554,4003,4488,4565
HG02493_FOCAD1	4373,4374,3983,4343,4005
HG02477_ASB1	3026,3019,3044,3795,3748,3000,2985,3039
HG02231_ASB1	2430,2448,1983,1984,2430,2357,1998,2454,1978,1669,2446,1979,1998,1985,1957,1991,2475,1991,1964,1989
HG02283_ASB1	2135,3306,2155,2160,2133,3304,2157,2140,2148,2149,1841,3312,2168,3310
HG02239_ASB1	1666,1984,2003,1740,1995,2417,2437,2431,2436,2418,1993,2005,2438,2448,2418,2432,2443,2394,2436,2428,1978,2000,2398,1992,2412,2362,1934
HG02138_CLASP1	3150,3152,3051,3173,3153,3165,3155,3155,3137,3155,3174,3169
HG02139_CLASP1	2985,2999,2987,3001,2986,2947,2990,2875,3015,2976,2979,2990,2995,2992,2999,3006,2976,2996,3098
HG02332_CLASP1	2999,2991,2967,3000,2992,3111,3168,3125,3153,3100,3139,3148,2990,3139,3160,3021,3002
HG02573_ASB1	2796,2766,2414,2440,2359,2637,2789,2779,2783,2781,2435,2791,1939,2011,2793,2426,2416
HG02133_ASB1	1736,1885,2010,1996,1979,2000,2006,1943,2001,1982,1996,1550,2001
HG02152_ASB1	2185,2216,1781,2255,2254,2220,2437,2434,2419,2428,2227,2344,2334,2240,2273,2405,2397,2440,2440,2280,2408,2219,2265,2442
HG02382_ASB1	2262,2189,2270,2282,1903,2259,1984,2000,2167,2000,2211,1883,1973,1977,2251,2271,2210,1957,2002,1977,1994,1990,1969
HG02307_CLASP1	2932,-20815,3009,2452,3012,3091,2972,2930,3127,3133,2994,2996,2994,3121,3001,2959,2842,2993,2954,2981,3127,3009,2905
HG02137_CLASP1	2992,2944,2994,2956,2989,2859,3000,2987,2940,3002,2980,2993,2973,2990,2982,2974,2981,3008,2999,3001,2987,2994,2992,2980,3000,3003,2989,2980,2985,2974,2931,2940,3004,2998,2986,2908
HG02364_CLASP1	2979,3058,2963,3004,3149,2992,3081,2932,3056,2901,2997,2961,3148,2990
HG02285_CLASP1	3115,3136,2527,3140,3117,3130,3139,3147,3132,3145,2964,3134
HG02562_CLASP1	3131,2641,3174,3156,3194,3079,3061,3157,3138,3102,3136,3165
HG02588_CLASP1	2989,3175,3174,3085,2975,2894,2909,3165,3122,2549,2999
HG02164_CLASP1	2985,2995,3011,2978,2957,2488,3016,2801
HG02582_CLASP1	3014,2983,3155,3003,2975,2926,2976
HG02367_CLASP1	3146,3122,2959,3120,3006,2983,2994,2916,3120,2970,2994,2916,2974,3002,3001,3006,3007,3145
HG02314_CLASP1	3175,3170,2986,2998,2984,2931,3000,2918,2961,2962,2995,2979,2977,3122,3170,2726,3086,3139
HG02420_ASB1	2015,1896,1992,1972,1747,2016,2023,1952,1961,2022,1968,2003,1997
HG02561_ASB1	2427,2435,3748,-3068,2438,3701
HG02146_CLASP1	3150,2967,2990,3096,2290,2644,3146,3053,3111,-3913,3078,2887,2932,2975,3121,3027,3011
HG02143_ASB1	4034,3946,4300,4279,4334,3943,3930,4328
HG02182_CLASP1	2993,2993,2998,2975,2988,3002,2992,2914,2963,2990,3002,2978,2982,3001,3001
HG02524_ASB1	1965,1991,1969,1991,1998,1995,2011,1991,1985,1991,1966,1989,2001
HG02485_ASB1	2020,2033,2795,2041,2777,2805,2760,2764,1717,2793,1956,2805,2038,2030,2800,2040,2787,2758,2786,2773,2040,2771,2034,2040,2012,2024,2027
HG02477_CLASP1	3184,3177,3173,2992,3128,3166,3048,3155,2835,3133
HG02250_CLASP1	2990,2992,2985,2980,3143,3124,3129,3099,3147,2958,3173,2912,2991,3148,3052,3116,2893,2969,3164,2997,3177,4887,2984,3131
HG02308_CLASP1	3116,3001,3002,2995,-12908,3164,3022,3185,3000,3142,3138,2868,2999,3056,2960,2934,2731,3142,2984
HG02165_CLASP1	3160,3111,2913,3164,2994,2981,2824,3171,3080,3089
HG02274_CLASP1	2615,2962,2978,2805,2997,1622,2856,2956,3003,2997,2998
HG02309_ASB1	2717,2441,2430,2388,2422,2444,2779,2805,2792,2438,2444,2753,2713,-11730,2349,2432,2442,2803,2447,2431,2795,2434
HG02493_ASB1	2434,1971,2411,2204,1980,1993,2003,2013,2012
HG02284_CLASP1	3169,3104,3160,2996,3132,3113,3060,3157,2980,3139,3140,2993,3127,3132,2999,3013,3100,3132
HG02494_ASB1	2447,2435,2453,2439,2398,2435,2440
HG02133_CLASP1	2868,3155,2957,3108,3166,3056,2945,3107,3128,3095,2751
HG02136_CLASP1	3156,3083,3153,3128,2958
HG02410_ASB1	1989,1983,2010,1972,1980,1994,1996,2001,2000,1986,1981,1997,1985,2000,1984,2009,2001,1982,1964,1988,2004,1993,1800
HG02189_CLASP1	3159,3162,2990,2980,2998,2984,3034,3116,2676,2954,3175,3095,3143
HG02580_CLASP1	3163,3135,2978,3039,3058,3087,3154,3156,3184,3059,2967,2975,3149,3094,3092,3138,3159,3115,2977
HG02573_CLASP1	3084,3001,2993,3015,2977,3002,3117,2967,3069,2997,3051,3096,3086,3116,3099,2909,3123,3109,3126,3095,3103
HG02390_ASB1	2440,2412,2418,2459,2397,2410,2434,2429,2435,2429,2427,-41359
HG02577_CLASP1	2956,2879,3169,3107,2998,3145,3141,2989,2997,2987,3103,3217,2506
HG02561_CLASP1	2999,2973,3167,3162,2985,3172,2995,2911,2990,2673,2133,3161,2988,3156,2947
HG02384_CLASP1	3134,3123,3138,2979,2958,2987,2960,3146,2992,3132,2989,2891,2986,2956,3148,2983,3001,3134,2562
HG02490_ASB1	1912,1974,1995,1966,2004,1993,2002,2000,2006,1983,2009,2013,2001,1892,1989,1990,1939,1967,1993,2001,1928,1996,1981
HG02546_ASB1	2330,3948,2448,3930,3899,3911,3725,2442,2454,2419,2414,2420
HG02554_ASB1	2078,2133,2430,2033,2374,2431,2441,2144,2267,2435,2411,2106,2424,2407
HG02522_ASB1	3310,3261,3329,3308,3294,2431,2379,3292,2270,2438,3304,3294,2429,2442,2438,2437,2431,2416
HG02184_CLASP1	3088,3125,3123,2665,3137,3165,3150,3147
HG02402_ASB1	1928,1999,1996,1950,1997,1996,1998,1985
HG02277_CLASP1	3192,2996,3067,2861,2967,3150,2974,3017,2987,3003,3113,3116,3004,3167,3134,2984
HG02223_CLASP1	3006,2924,2996,3003,2979,3003,2998,2996,2979,2998,2488,2946,2988,2992,2986,2936,2997,2989,2962,2990
HG02524_CLASP1	3006,3157,3139,2990,2964,2935,2960,3160,3163
HG02224_CLASP1	2980,3019,3015,2787,2969,2993,2995,2758,2981,3008,2980,2937,2939,2998
HG02568_CLASP1	2995,2978,2940,2986,3012,2969,2990,2984,2847,3012,2964,2960,2610,2936,2986,2973
HG02154_CLASP1	3004,2956,2970,2985,2989,2976,2984,2979,3001,2997,2996,2992,2994,2954,2975,2997,2996,3011,2888,2988
HG02144_CLASP1	3071,2946,2989,2937,2997,3070,3003,-4679,2985,3111,3095,3134,3158
HG02155_CLASP1	2969,2996,2994,3005,2917,2912,2942,2977,2991,2954,3000,2987,2943,2994,2998,3022
HG02558_ASB1	2042,2441,1564,2017,2021,2030,2012,2410,2039
HG02485_CLASP1	2995,2974,2978,2994,3009,3002,3001,3018,2975,2999,3004,3005,2953,2987,2995,2959
HG02478_ASB1	1921,2002,1978,1875,2007,1997,1993,1985,2004,1998,1984,2019,1993,1954,1997,1960,1940
HG02595_CLASP1	38931,2992,2987,2956,3005,3167,2977,3157,3174,3155,3113,783,3167,2997,3160,2991,2983
HG02178_CLASP1	3003,2666,3001,2809,2957,3002,3005,2971,2930,2990,2793,2975,2973,2959
HG02545_ASB1	2002,2154,1995,1951,1973,1991
HG02410_CLASP1	2995,2990,2292,2974,3005,3000,2991,2986,2969,2971,2714,2921,2978,2998,2930,2802,2994,-2223,2865,2976,2979,3002
HG02283_CLASP1	2996,3138,3008,3142,3156,3134,2997,2980,3060,3064,3165,2948,3115,3107,3001,3051,3000,2978
HG02442_ASB1	2035,2439,2427,2327,1883,2443,2040,1712,1823,1941,2291,2008,2396,2419
HG02231_CLASP1	2993,2971,3024,3147,2638,2925,3154,2958,3155,3130,2972,3097,3164,3159,3155,2997,2989,2986,2978,2972,3146,2994,2568,2990,2994,3141,2968,2996
HG02445_ASB1	2341,2418,2418,2430,2426,2329,2448,2433,2421,2434,2389,2428,2412,1920,2414,2535,2396,1837,2444,2431,2313,2424,2448,2430
HG02490_CLASP1	2944,2900,2995,2985,2982,2956,2935,2980,2998,3005,2997,2961,2880,2990,2600,2925,2975,2998,2807,2782
HG02265_ASB1	2431,2004,2429,2449,2445,1997,1743,1990,1968,2389,1987,2009,2145,1968,2436,2436,2325,2002,1989,2011,1994,2432,1999,1988,1979,1851,2415,1998,2403,-4533,2428,2010,2440,2431,1995,1942,1982,1997,2423,1982,1995,2408
HG02554_CLASP1	3141,2883,3152,3142,3158,3174,3174,3159,3160,4812,2862,2963
HG02455_CLASP1	3152,2998,2982,3117,3153,2948,3116
HG02152_CLASP1	2928,3151,3163,3087,2992,3060,2984,3073,3123,3097,3129,3119,3086,3118,2999,2966,2979,3155,2966,3147
HG02143_CLASP1	2995,3156,3188,3154,2987,2390,3153,3007,3156,3005,3004,2968
HG02390_CLASP1	3152,3133,3130,3135,2980,3117,3046,3153,2736,3130,3064,3112,3144,3144,3060,3031,7184,3124,3154,3077,3154,3109,3151,3149,3112
HG02382_CLASP1	2965,2766,2930,3002,2942,2990,2901,2978,2904,2900,2954,2979,2976,2990,2537,2997,2947,2685,2912,2985,2986,3001,2988,2939,2920
HG02585_ASB1	2124,2094,2431,2135,2150,2434,2147,2429,2119,2406,2127,2122,2154,2159,2135,2163,2417,2138,2057,2161,2135,1975,2151,2440,2426,2089,2152
HG02239_CLASP1	3119,3069,3005,2991,3010,2997,2989,2955,3166,2994,2981,3153,2992,3144,3134,3082,2995,3003,2979,2911,2941,3164,2998,3007,3156,2986,3151
HG02031_FOCAD1	4152,3960,3998,4374,4319,3854
HG02238_CLASP1	2979,3004,3000,2968,2970,3000,2960,2995,2989,2867,3003,2960,3003,2984,2982,2995,2965,3000,2995,2966,2996,3003,2956
HG02069_FOCAD1	4348,4010,4347,4329,4384,4362,3917,4295,4348,4330
HG02020_FOCAD1	4367,3993,3960,3602,3794,3839,3916,4003,-2296,4352,4383
HG02521_ASB1	2103,2154,2107,2158,3317,2042,2125,3308,3300,3284,2160,2149,3265,3289,3311,2136,2151,3301,3270,2121,2155
HG02016_FOCAD1	3980,3936,3964,3997,3903,3976,3977
HG02017_FOCAD1	3969,3953,4011,3993,3956,3999,4010,3969,3974,3977
HG02064_FOCAD1	3966,3965,3857,3982,3907,4022,3958,3975,4164
HG02067_FOCAD1	4394,4360,4384,4227,4559,4344,4362
HG02060_FOCAD1	3993,3864,4003,3975,4000,4028,4001,3977,3992,4000
HG02309_CLASP1	2994,2995,2997,2974,3006,2984,3011,3001,2969,3026,3007,2713,2994,2916,3011,2960,3001,2988,2997,2999,3003
HG02009_FOCAD1	3997,4009,3973,3697,3954,3927,3941,3997,3979,3963,3978,3990,3996,3993,3979,3924,3999,3956,3979,3989,3847,3990,3997,3995,3852,3764
HG01939_FOCAD1	4004,4348,3768,4384,3965,4286,4002,4314,4094,4375,4536,4375,4367,4362,4353,4371
HG01988_FOCAD1	3959,3963,3991,3954,3994,4011,3963,3938,3934,3902,3954
HG01942_FOCAD1	3957,21644,4281,3956
HG02478_CLASP1	2983,3163,3090,3176,3019,3075,3131,2986,3151,3159,3109,3151,2954,2992,2454,2996,2985,3152,2989,2879,3003,2992,2970,3045,2025,3126,2992,2969
HG01990_FOCAD1	3987,3981,3936,3990,3971,3992,3975,4004,3971,3969,3971,4004,3965,3982,3983,3935,3942,3992,3996,3996,3960,3947,3973
HG02116_FOCAD1	4362,4342,4372,4345,4360,4357,4369,4370,4356,4365
HG01991_FOCAD1	4364,4381,4356,4376,4393,4347,4311,4398,4372,4260,4407,4222,4358,4361,3996
HG01967_FOCAD1	3393,4370,4401,4365,3974,4376,3991,4346,3564,3965,4355,3956
HG01971_FOCAD1	4371,4592,4299,4515,4570,4311,4584,4295,4575,4324
HG01965_FOCAD1	3880,3998
HG02014_FOCAD1	4363,4351,3110,4385,4383,4226,4321,3610,4371,4343,4381,3662
HG01983_FOCAD1	4373,4371,4379,4390,4196,4375
HG02010_FOCAD1	3955,4023,3972,3971,3998,3968,3994,3959,3968,3993,3982,3924,3963,3680,4002,3989,4000,3977,3938,3844
HG02013_FOCAD1	3963,4011,3949,3979,3965,3981,3979,3360,3962,3905,4008,3667,3989,3973,4304,3943,4358,3642,4364,3912,4009,3940,4380,4296,3981,4022,4354,4368,3938,4373,4305,3972,3979,3862,3982,3666,4364,4009,3988,4374,3973,4325,4211,3957,3993,3974,4342,4320,3979,4386,3940,3930,4187,4303,3973,3793,4367,4365,3993,3935,4376,4003,4351,4350,4000,4382,3976,3984,3961,3953,3935,4317,4352,3599,3258,4305,4049,3707,4392,3986,3959,4372,4005,4249,4013,3970,4383,4360,3973
HG02012_FOCAD1	3949,3974,3989,3967,6044,4000,4005,3995,3995,3963,3957
HG01985_FOCAD1	3981,3985,3977,3957,3870,3951,3535,3891,3945,3946,3885,3935,3898,3745,3897,3992,3795,3935,3958,3967,3882,3637,3962,3989,3820,3985,3954,3945,3914,3988,3971,3868,3896,3954,3835,3856,3928,3992,3963,3967
HG02006_FOCAD1	3937,4494,3970,3989,3958,3965,4470,3954,3987,4573,4516,224
HG02003_FOCAD1	3941
HG01977_FOCAD1	3966,3991,3958,3983,3993,3966,3971,3938,4001
HG01982_FOCAD1	4365,4374,4330,4337,4378,4339,4383,4377,4363,4151,4386,4189,4320,4355,4357,4326,4356
HG01945_FOCAD1	4403,4374,4345,4075,4367,4359,4356,4357,4325,4349,4326,4365,4372,4354,4359,4346,4390,4384,4369,4367,4360,4365,4298,4294,4330,4124,4028,4368,4285
HG02128_FOCAD1	3965,3984,3972,3955,4020,4014,3984,3986,3980,3994,3928,3996,3973,3989,3947,4006,4000,3698,3735,3955,3988,3980,3987,3951,3963,3972,3968,3975,4001,3961,3970,3974
HG02107_FOCAD1	3725,4008,4329,4378,3956,3998,4364,4368,4314,4039,3884,4293,4360,4350,3985,4334,3970,4395,4362,3913
HG02121_FOCAD1	3971,4353,4378
HG02058_FOCAD1	3872,4009,3975,3762
HG01992_FOCAD1	4338,4347,4363,4342,4350,4363,3758,4387,4350,4383,4380
HG02053_FOCAD1	4351,3855,3991,3980,4000,3954,4344,4386,4351,-1970,4128,3963,4002,4290,4362,3608,3755
HG01997_FOCAD1	4082,3853,3977,4295,3940,4329
HG01951_FOCAD1	3530,3912,3948,4003,3986,3978,3995,3959,3995,3974,3981,3996,3982,3886,3949,3810
HG01953_FOCAD1	4356,3967,3993,4354,4364,3962,3976,3917,4359,4359,4005,4307,4366,4357,3983,4256,3902,4374
HG01950_FOCAD1	3882,4013,3965,3797,3979,3977,3976,4003,3679,3986,3953,3943,3827,3992,3968,3994,3868,3928,3966
HG01947_FOCAD1	4350,4358,4367,4348,4363,4347,4379,4351,4020,4332,4325,4361,4374,4338
HG01961_FOCAD1	4248,4347,4332,4382,4374,4198
HG01948_FOCAD1	4337,4366,3964,4366,3970,4416
HG02111_FOCAD1	3877,3956,3929,3950,4004,3971,3964,3931,3974,3965,3993,4001,4038,3992,3959,3961,3958,3986
HG02087_FOCAD1	3960,3932,4002,3987,3972,3994,3968,3962,4003,3939,3979,3990,3982,3998,3700,3940,3995,3974,3967,3879,3978
HG02420_CLASP1	2999,2968,2953,3003,2798,2986
HG02494_CLASP1	2984,3000,2929,2993
HG02105_FOCAD1	3647,4358,3957,3972,4324,3958,3973,4004,4375,4232,4344,3954,3977,3983,3968,4313,4359,4295,4338,3944,4346,3956,3972,3973,3984,3880,3670,3654,3957,3979
HG02069_ASB1	1946,1999,1982,2004,1969,1989,1984
HG02031_ASB1	1937,3233,3300,3281,2000,3265,2004
HG02493_CLASP1	2986,2972,3001,2974,2962
HG02079_FOCAD1	4005,3959,4321,4334,3783,4337,4300,4320,3597,4014,4310,4329
HG02081_FOCAD1	4352,4366,4385,4372,4387,4392,4297,4360,4361,4306,4352,4356,4370,4367,4360,4363,3899,4367,4363,4299,4374,4372,4367,4386
HG02072_FOCAD1	3976,3979,4373,3942,4360,3979,3780,4312,3973,4352,3935,3985
HG02089_FOCAD1	4335,4375,4010
HG01942_ASB1	2288,2257,2265,2187,2274,2275,2282,2260,2290,2239,2213,2272,2215,2268,2271,2257
HG02082_FOCAD1	4043,4368,4369,4363,3993,4345
HG02020_ASB1	2005,3320,3150,1993,3309,1981,3301,1874,3248,3323,3282,1778,1996,2005,3290
HG02095_FOCAD1	3973,3997,3956,3985,3896,3953,3977,3992
HG02060_ASB1	2147,1996,1995,2000,1984,1995,2156,1981,1989,1983,1995,2006,1992,2165,2132,1981,2150,1993,2056,1987,1989,2154
HG02069_CLASP1	3139,3130,2900,3006,2968,2990,2942,2981,3141,3165,3170,3141,3000
HG02006_ASB1	1987,3296,3289,3291,1985,3102,1910,1993,1972,1962,3261,1996,1996,3244,3328,1996,1942,1959
HG02585_CLASP1	3155,3162,3138,3162,3034,3146,3020,3081,2898,3179,3156,3171,3147,3153,3070,3154,3134,3052,3123,-4452,3130,3160,3167,3140,3164,3149,3155,3107,3161
HG01977_ASB1	1991,1976,2000,2000,1995,1957,2013,1770
HG02546_CLASP1	2978,3022,2999,2969,2579,3002,2969
HG02445_CLASP1	2995,2963,2979,3014,2991,2994,2957,3155,3089,2992,3146,3163,2983,3005,3154,2988,2978,3112,2992,3118,2978,2983,3109,3161,3164,2993,2998,3079,2984,2988,2965,2990,2994,3104,3121,2986
HG02031_CLASP1	3175,3164,2999,2970,2997,3135,3152,3056
HG02402_CLASP1	3127,3162,3118,3147,3159,2992,2998,3175,3130,2993,3142
HG02016_ASB1	2012,1998,1981,1951,1839,2003,1990,1998,1985,1973,1974,1983
HG01971_ASB1	1988,2003,1999,1998,1976,1983,2000,1973,1950
HG01965_ASB1	2269,2274,2275,2202,1946
HG02003_ASB1	2413,2277,2430,2439,2409,2412,2416
HG01991_ASB1	2282,3310,3308,2271,2263,3305,3305,2289,2231,2270,3320,2268,3305,3300,3267,3298,3306
HG02020_CLASP1	2956,3146,3105,2949,3134,3013,3024,2992,3102,2993
HG01988_ASB1	1951,2000,2003,2002,1855,1983,1998,1988,1976,1991,1993,1974,1989,1982
HG01983_ASB1	2278,2288,2250,2284,2286,2260,2268,2275,2269,2269,2222,2286,2259,2266
HG02058_ASB1	3277,2402,3315,3308,2376,2405,2408,2414,3288
HG01939_ASB1	1992,1959,1994,1996,1996,2004,1965,1989,1981,1993,2001,1993,1988,1982,1996
HG01990_ASB1	4079,2432,2404,4017,4041,4036,2352,4069,4070,4089,4071,2427,3368
HG02522_CLASP1	3160,3134,3158,2891,3052,3152,3135,3071,3107
HG02067_ASB1	2264,2792,3257,2238,2238
HG02064_ASB1	2273,1987,2261,2034,2277,1979,1991,1943,2257,2279,1949,1989
HG02017_ASB1	1971,1995,1947,1996,1993,1991,1978,1971
HG02116_ASB1	1961,1998,1994,2430,2435,2000,2433,2434,1994,1981,2411
HG02012_ASB1	1975,3917,3921,3894,1987,1992
HG01961_ASB1	2000,1988,1849,1911,1987,1959
HG02016_CLASP1	3166,2994,2966,2975
HG01948_ASB1	2434,2027,1525,2088,1718,2426,4214
HG01965_CLASP1	3146,3009,3156,2933,3009,3153,3148,3082,3105
HG01942_CLASP1	2982,2988,2980,2959,2905,2990,3001,2982,3007,2959
HG01997_ASB1	2410,2416,2226,2383,2420,2425,2397,1947,2443,2008,1994
HG02121_ASB1	1999,2007,2275,2283,2274
HG02082_ASB1	2282,2005,2289,1980,1978,1977,2270,2247,2281,1999,1988,2267,2285,2283,1991,1998,2274
HG02010_ASB1	3314,3274,3323,3315,3312,3246,3296,3240,3296,3307,3319
HG01967_ASB1	2003,2005,1995,1981,2432,2440,1978,2435,2414,2000,1981,2001,2446,2002,2441,2416,1995,2424,2443,1975,1977
HG01971_CLASP1	2966,2960,2984,2998,2997,3004,2980,2957,2997,2981,2998
HG01951_ASB1	2409,2434,2171,2272,2266,2222,2217,2391,2241,2424,2438,2266,2428,2425,2265
HG02545_CLASP1	3008,3162,2987,2666,2964,2964,2964,2889,3169,3134,2956,2952,3133,3154,2815,3004
HG01991_CLASP1	2941,3002,2879,3002,2956,2980,2976,2987,2993,3004,3000,2991,2937,2996,2931,2865,3010
HG02442_CLASP1	3048,3115,-32502,3010,3019,3118,3125,3143,3147,3083,3145,3124
HG01992_ASB1	2252,2276,2272,2278,2266,2287,2278,2264,2260,2276,2261,2221,2276,2260,2274,2268,2285,2285,2260,2265
HG02014_ASB1	2298,4038,4040,2808,2832,3835,4029,4084,2534,4072
HG02496_ASB1	4338,3244,3320,4340,3293,4360,4345,3294,3319,3308,3301,3302,3306,3332,3312,4315,4354,4346,3290,3304,3313,4331,3299,4302,4344,4346,4413,4327,3249,3327,3225
HG02558_CLASP1	2241,3175,-855,3167,2636,3107,3158,3159,2836,3138
HG02017_CLASP1	2843,2964,2976,2993,2999,2976,2972,2978,2993,3008,2960,3002,2977,2966,2979,2978,2953
HG01983_CLASP1	2956,3073,3069,3139,2579,2894,3133,3126
HG01953_ASB1	2346,2441,2414,1905,1875,1988,2417,2397,2440,1806,1984,1988,2387,2322,1995,1988,2012,2459,2404,2009,2436
HG01947_ASB1	1963,2205,2226,2230,2245,1998,2222,1990,1987,2224,1945,2002,2223,2224
HG02053_ASB1	2440,2155,2431,2159,2132,2403,2155,2436,2149,2037,2153,2427,2439
HG02128_ASB1	2282,1994,1993,1978,2224,1988,2262,2260,2114,2000,2136,2263,1971,2268,1988,1997,1984,2279,2274,2262,1999,2005
HG02265_CLASP1	2984,2995,2981,2729,2989,2981,2985,2865,2957,2982,2995,2965,2999,3002,2886,2996,2992,2957,2996,2997,2969,2996,2433,2917,2657,2970,2860,3001,2998,3016,2967,3000,3011,2994,2970
HG01988_CLASP1	3002,2988,2959,3162,2863,2948,3008,2987,3006,2983,3132,2680,2999,2974,2999,3161,3173,3005
HG01990_CLASP1	3163,3173,2984,3008,2966,3151,2979,2942,3135,3148,3139,2972,1708,3001,3159,2972,2945
HG01982_ASB1	1998,1937,1997,1997,2024,1987,1990,1959,1985,1993,1965
HG01948_CLASP1	3004,2999,2990,2989,2496,2950,3135,2967,2975,3141,2890,3145,3148,3127,2952,2997,3137,2880
HG01950_ASB1	2272,1997,1995,1778,2018,1992,2306,2281,1994,2266,2382,2283,1975,2275,2269,2274,2271,2280,1986
HG02107_ASB1	2160,2439,2418,2422,2431,2161,2170,2151,2169,2434,2446,2148,2436,2422,2409,2141,2126
HG02121_CLASP1	3138,3148,2994
HG01997_CLASP1	3010,2890,3134,3070,3119,2908,2964
HG02116_CLASP1	3001,2961,2987,2995,2979,2981
HG02014_CLASP1	3170,3159,3111,3148,3088,3007,3032,3156,3106,3151,3140,3158,3144,1762,3162,2781,-2239,3171,3127,3140,2941,3154
HG02089_ASB1	2261,1993,1942,2271,2275,2000,2284,1955,1980,1987,2003,2260
HG02087_ASB1	2445,2432,2453,2364,2442,2436,2431,2435,2263,2447,2439,2447,2417,2378,2418
HG02009_ASB1	4007,2033,4057,3905,4061,4021,2043,4035,2044,4078,4037,2033,4044,4079,2067,1853,4045,2039,2041,2047,4050,1995,4043,2012,2052,2027,2032,2027,3990
HG01977_CLASP1	2959,2935,3093,3106,3112,3145,3001,3128
HG02060_CLASP1	3146,3137,3076,3089,3149,3141,3152,3125,3101,3131,2733,3137,3166,3047
HG01945_ASB1	4052,4080,2070,1718,3920,2171,4078,2154,4015,2858,2145,2083,2151,4075,4019,2128,2137,2142,4063,2164,2159,4022,4060,2169,3769,4084,2161,4062,4073
HG02010_CLASP1	2994,2978,2926,3142,2807,2792,3118,2890,3165,3015,3141,3010,2980,3095,3146,2972,3120,3160,2995,3143,3167,2734
HG02521_CLASP1	2989,2920,2977,2977,2921,2991,3004,2980,2979,2998,2977,2976,2975,2976,3001,2848,2989,3005,2928,2989,2980,2997,2996,2952,2999,2960,2973,2982,2954,2956,2989,2989
HG02111_ASB1	1900,2428,2441,2002,2415,1997,1976,2425,1880,1995,2440,1995,1991,2441,2423,1890,1994
HG02072_ASB1	2287,1994,1976,2001,2000,2269,2006,1997,2250,2295,2274,2276,2277,2276
HG02058_CLASP1	2988,2902,2952,2864,2881,2995,2993
HG02003_CLASP1	3147,2980,2987,2995,2985,3104,2929,3161,3133,3168
HG02012_CLASP1	3117,3064,3088,3153,3166,3165,3134
HG02006_CLASP1	2980,2974,2971,2977,2941
HG02082_CLASP1	2997,2973,2994,3001,3003,2971,2941,2915,2952,2997,2993,2960,2896,3013,2890,3004,3000,2928
HG02095_ASB1	2443,3716,2434,2445,2426,3757,2378,2393,2441
HG01982_CLASP1	2993,3003,2983,2986,2997,2967,2940,3005,2980,3013,3008,2994,2975
HG02064_CLASP1	3012,2976,3003,2786,2998,2955,2991,2986
HG02067_CLASP1	3085,3098,3152,3146,3183,3022,3149
HG02087_CLASP1	2989,2982,2994,2988,2963,2935,2995,2978,3010,2966,2972,2955,2980,2983,3008,3001,2989,2935
HG01961_CLASP1	2968,2979,2990,2966,2939,2948,3001,2996,2990
HG02079_ASB1	2141,2139,2139,1989,1994,2145,1993,2158,2135,1984,1993,1992,2001,2123,1943
HG02107_CLASP1	3159,3155,3149,3162,3165,3124,3163,3103,3040,3164,3152,3148,3151,3157,3164,3160,3038,3294
HG02089_CLASP1	2964,2950,2992,2958,1581,2980,2881,2962,2989,2965,2991,2981
HG02128_CLASP1	2905,2876,3151,2997,3164,2978,2954,2968,3148,2979,3125,3171,2967,2911,3172,3006,3106,2951,3168,3120
HG02105_ASB1	2261,2275,1990,2277,1986,1948,2268,1997,1996,2261,2296,1999,2255,2219,2259,2251,2285,2271,1994,1995,2240,2266,2284,2198,2278
HG02496_CLASP1	3160,3166,3155,3155,3178,3041,3163,3172,3143,3154,3152,3146,3152,3135,3103,3164,3141
HG02009_CLASP1	2906,2826,3094,3006,2950,2801,3007,2975,2378,2986,3148,3051,3141,2994,2819,2988,2984,3000,2138,3171
HG01985_ASB1	2421,2157,2149,2434,2352,2160,2362,2413,2443,2157,2133,2129,1914,2142,2153,2438,2144,2141,2138,2398,2448,2418,2145,2156,2430,2167,2144,2149,2428,2404,1997,2397,2153,2121
HG02081_ASB1	1991,1992,2001,1995,1986,1988,1999,1971,1979,1997,2003,1978,1990,1990,1988,1990,1967,2004
HG02053_CLASP1	3150,2987,3146,2969,3166,3159,3006,2981,3132,2954,2964,2965,3164,3165,3155,3056,3004
HG01967_CLASP1	3157,3165,3171,3165,3162,3105,3150,3154,3167,3180,3172,3150
HG02095_CLASP1	2999,3152,3040,2984,2996,3161,2938,3778,3116,3134,2179,2987,3149,2989,3118
HG01951_CLASP1	2959,3002,3000,2980,2993,2975,3003,2989,2971,2929,2964,3004,2995,2954,3011
HG02111_CLASP1	2977,3068,2973,2959,3190,3002,3162,2994,2966,2991,3177,3162,3173,3167,3107,2992
HG01947_CLASP1	2741,2939,3022,3001,2965,2429,3024,3010,3001,2967,2989,2979,2951,2975,3011,2979
HG01939_CLASP1	2990,2983,2909,2987,3006,2988,2953,2981,3005,3002,2981,2964
HG01953_CLASP1	3137,3137,3139,2986,3005,2990,1846,3122,2914,2664,3136
HG01950_CLASP1	3001,2948,2932,2984,2993,3009,2997,2978,2985,2969,2995,2967,3000,2972,2994,2885,3001,2994,2991,2960,2941
HG01992_CLASP1	3073,3091,3140,3137,3134,3137,2165,1893,3148,3113,3164,3146,3159,3133,3124,3155,3143,3144,3147,3118
HG02105_CLASP1	2988,2752,2918,2971,2996,2892,2989,2978,2952,2364,2994,2878,2563,2988,2980,2954,2985,2987,2855,2983,2993,2997,2967,2935,2145,3008,3002,2682,2853,2965,2851
HG02072_CLASP1	2998,2991,2994,2985,2999,2932,2995,3002,3003,3004
HG01865_FOCAD1	3860,3952,3978,3958,3917
HG01791_FOCAD1	3985,3978,3904,3897
HG01813_FOCAD1	3998,3990,3875,3993,3987,3986,3981,3989,3994,3971,2927,3943,3978,3936,3967,3979
HG01789_FOCAD1	3966,4000,3972,3983,3991,3735,3951,3973
HG01853_FOCAD1	3949,3992,4363,3934,3576,4334,4217,3569,3963,2720,4389
HG01851_FOCAD1	4001,3982,4008,3999,3970,4013,4002,3524,3956,3961,3974
HG01945_CLASP1	3004,2633,2982,2972,2897,2983,2964,2987,3032,2959,2987,2966,2971,3003,2981,2854,3001,2934,3040,2980,2961,2996,2957,2909,2994,2966,2971,2942,2963,2992,3005
HG01786_FOCAD1	3969,4379,3989,3812,3959,4352,3973,4345,4335,4341,3976,3993,4377,3937
HG01863_FOCAD1	4402,4358,4360,4334,4373,4257,4374,4351,4330,4369,4390,4302,4264,4353,4389,3287,4375,4235,4378,4369,4328,4339,4339,4359,4365,4375,4367,4378
HG01846_FOCAD1	3980,3937,3972,3989,3724,3981,3719,4302,3965,3989,3950,3971,4364,4343
HG01630_FOCAD1	4346,4370,4355,4302,3972,3847,4335,3987,4363,4007,4312,4376,4328
HG01815_FOCAD1	3984,3954,4051,3970,4304,4011,3977,3996,2913,3982,3986,4322,4344,4358,3934,3980,4385,4363,3993
HG01766_FOCAD1	4293,4332,3917,3912,4376,3967,3702,3978,3990,4105,3849,4347,3989,4386,4337,4357,4330,4361,3996
HG01676_FOCAD1	4001,3951,3984,3937,4019,3992,3977,3971,3874,3958,3961,3985,3672,3979,3943,4001,3875,4007,3999,3991,3956,3962,3980
HG01859_FOCAD1	4320,4272,4200,4268,4329,4348,4262,4248,4328,4231,4363,4337,4314,4247,4329,-811
HG01809_FOCAD1	4409,3984,4345,4348,3959,3979,4376,4366,3953,3975,4003,4388,4307
HG01617_FOCAD1	3988,3979,3717,3986,3963,3979,3609,3894,3941,4000
HG01817_FOCAD1	4399,4360,4511,3972,4356,4352,4363,4026,4354,3892,4360,4009,3966,3984
HG01840_FOCAD1	4004,3977,4009,4375,3985,3947,3974,3924,3957,4331,3979
HG01807_FOCAD1	4012,3983,3969,3865,3961,3758,3987,3960,3916,3920
HG01612_FOCAD1	3977,3964,3977,3878,3980
HG01673_FOCAD1	3981,4387,3995,3970,4376,4361,4348,4373,3986,4370,3957,3991,4343,4376,3603,3925,4354,3716
HG01589_FOCAD1	3938,3985,3979,3958,3982,4005,3989,3980,3932,3982,3951,3827,3638,3993,3962,3980
HG01606_FOCAD1	3843,4306,3897,4383,3965,4357
HG01626_FOCAD1	4353,4361,3991,4379,3963,3966,4369,3978
HG01605_FOCAD1	3966,3969,3929,3964,3972,3982,3988,3965,3958,3912,3990,3927,3997
HG01608_FOCAD1	3860,3951,3826
HG01595_FOCAD1	3999,4385,3987,4373,4014,3986,4004,4355,3982
HG01776_FOCAD1	4340,4387,4350,3898,4318,4363,4382,4117,4347,4344,4180,4350,4128,4355,4310,4288,4271,4290,4329,4142,4401,4344,4338,4372,4173,-33851,4228,4316,4377,4343,4098
HG01935_FOCAD1	4017,4182,3926,4381,14120,3987,3978,3808
HG01915_FOCAD1	4356,3547,3976,4364,3982,3548,4301,3966,3930,3975,3909,3980
HG01765_FOCAD1	3936,3990,3937,3977,3987,3945,3836,3959,3974,3982
HG01773_FOCAD1	4365,4381,4373,4362,4333,3998,3991,3961,3964,3976,3955
HG01796_FOCAD1	3982,3891,3970,3994,3981,3918,4381,4322,3916,4320,4227,4013,4360,3922,4375,4394,4378,4334,3672,3966,4072,4134,3828
HG01805_FOCAD1	4345,4381,4367,3333,3993,4395,4381,4360,4278,4024,3985,4243,4005,3956,4396
HG01779_FOCAD1	3993,3886,3962,3797,4370,4352,3968,3978,3997,3937,3968,4375,3914
HG01678_FOCAD1	4239,4364,4337,4283,4330,4355,4364,4368,4380,4378,4358,3972,4387,4357,4250,4368,4378,4378
HG01806_FOCAD1	4355,4284,3814,3891,3869,3729,3902,3685,4369,3849,4386,3949,3879,4375,4283,3979,3999
HG01600_FOCAD1
HG01700_FOCAD1	3962,3989,3989,3962,4001,3893,3989,3842,3962,3986,3947,3984,3990
HG01598_FOCAD1	4383,4335,4340,4365,4369,4358
HG01694_FOCAD1	4321,3970,3972,4316
HG01699_FOCAD1	4037,3981,3988,3932,4004,3974,3979,3973,3968,3769,3947,3983,3967,3804
HG01597_FOCAD1	4375,3629,4367,4386,4361,4386,4389,6683,4382,4387,4374
HG01596_FOCAD1	4009,3989,4020,3966,3949,3966,3975,3966,3995,3999,3995
HG01602_FOCAD1	3974,3865,4010,3966,3985,3935,3978,3984,3997,3958,3952,3985,3985,4002,3997,4038
HG01680_FOCAD1	4000,3977,3867,3997,3956,4003,3823,3641,3745,3967,3975,3939,3937,3958,3962,3894,3983
HG01684_FOCAD1	4331,4241,4372,4371,4325,4362,4404,4320,4315
HG01756_FOCAD1	4357,4318,4136,4379,4309,4326,4362,4348,4383,4366,4323,4339,4109,4294,4338,4041,4353
HG01933_FOCAD1	3984,3929,3993,3995
HG01896_FOCAD1	3348,3959,3795,3343,3311,3413,3988,3372,3986,3886,3978,3908,3945
HG01890_FOCAD1	4578,4373,4563,4536,4552,4045,4583,4579,4364,4365,4416,4348
HG01985_CLASP1	2981,3000,3152,3138,3155,3149,2975,2984,2990,3163,2985,3166,3175,3009,3003,3165,7939,3079,2886,3144,2956,2950,2945,2973,3097,2954,3043,2981,2902,2970,2880,3126,3000,2820,2960
HG01894_FOCAD1	4002,3975,3963,3981,3982,3964,3929,3875
HG01865_ASB1	1993,3307,3311,3297,1985,3314,2016,1972,3284,1999,1975,3320
HG01917_FOCAD1	4357,4372,4334,4315,4362,4381,4358,4351,4327,4341
HG01923_FOCAD1	3966,4015,3990,3982,3989
HG01932_FOCAD1	4005,3984,3972,3992,3949,3996,3986,3972,3131,3906,4016,3835,3988,3992,3728,4000,3954,3624,3988
HG01918_FOCAD1	4366,4370,3983,3989,4353,3901,4365,4369,4379,3867,3972,3983,4373,4360,4361,3989,4353,3957,4367
HG02079_CLASP1	2997,2920,2974,2991,2985,2925,2975,2974,2947,2998,3019,2915,2997,3021
HG02081_CLASP1	3135,3092,2989,3102,3158,2975,2973,3052,3134,2972,3135,2927,3118,3174,3143,2991,3100,2566
HG01694_ASB1	2228,1976,2353,1993,2404,2390,2387,1973,1862
HG01789_ASB1	2403,2434,2407,2445,1976,2460,2002,2434,1980,1992,1986,1996,2433,2434,1446,2444,1993,2428
HG01870_FOCAD1	3884
HG01773_ASB1	3250,3241,2446,3295,3314,3305,2437,2435,2403,3291,2373,3256,3286,3314,2417,2431
HG01600_ASB1	3406
HG02013_ASB1	2434,2434,2427,2421,2391,2432,2453,2414,2476,2441,2428,2386,2440,2461,2426,2435,2414,2387,2430,2416,2396,2413,2412,2447,2435,2434,1915,2421,2426,2424,2435,2429,2427,2429,2443,2425,2428,2446,2458,2414,2418,2393,2441,2421,2435,2446,2382,2400,2434,2426,2442,2448,2441,2439,2427,2427,2437,2390,2428,2440,2440,2442,2416,2409,2417,2442,2423,2338,2456,2001,2420,2436,2443,2419,2388,2422,2417,2438,2438,2409,2442,2430,2428,2442,2439,2280,2431,2415,-1227,2409,2429,2428,2381,2438,2444,2428,2463,2355,2446,2427,2357,2431,2399,2427,2409,2418,2404
HG01608_ASB1	2004,1896,2007,1997,1993
HG01605_ASB1	2448,2440,2436,2419,2415,2416,2149,2431,2430,2433,2441,2439,2432
HG01880_FOCAD1	4355,4381,4369,4353,4104,4362,4368,4387,4372,4384,4335,4368,4359,4370,4350
HG01617_ASB1	62635,1994,1882,2003,1877,1982,1957,1982,2003,1971,2007
HG01879_FOCAD1	3925,3990,4374,3889,4351,3933,3994,3258,4336,3955,3686,3994,4404,3517
HG01791_ASB1	2366,2430,2454,2451,2419,2444,2418,2396,2444,2433,2434,2402,2428,2439
HG01589_ASB1	1995,1994,2011,1995,1929,2000,1974,1994,1979,1976,1961,1982
HG01883_FOCAD1	3977,3987,4004,3970,3935,3985,4005,3990,3983,3987,3915,3985,3977,4014,3919,3984,3974
HG01866_FOCAD1	4386,4358,3967,4286,4342,4002,3986,3756,3997,4346,4314,4361,3551,3977,4334
HG01840_ASB1	2000,1991,2445,1999,2412,2433,1988,2434,2422
HG01933_ASB1	1940,2275,2280,2282,2272
HG01807_ASB1	1986,1992,1981,2020,1995,1685,1990,2003,1828,2006,1991,2002,1984,1992,1991,1995,2003,1997,1931,1982
HG01598_ASB1	2431,2433,2000,2443,2442,1992,2005,1994
HG01817_ASB1	2001,1967,2002,1977,2006,1969,1986,2031,2000,2009,1970,2009,1994,1969,1981,1996
HG01809_ASB1	2272,2267,2283,2286,2279,1982,1936,2175,2279,2269,2263,2244
HG01595_ASB1	2025,2000,1991,1990,1990,1998,2005,1994,1991,1984,1993
HG01600_CLASP1	2968,2959
HG01766_ASB1	2437,2428,1988,1986,2434,2002,1976,2436,1988,2442,1876,2430,2436,1987,1939
HG01612_ASB1	3308,3312,2429,2404,2425,2432,3308,2289,2421,3161,2432,3315,2446,3306,2753
HG01606_ASB1	1990,1960,1990,2001,2000,1985,1978
HG01597_ASB1	2287,2275,1963,1990,2295,1984
HG01915_ASB1	3260,4062,3311,4070,3324,3319,3311,3274,4065,4015,4052,2689,3292,3300
HG01700_ASB1	1949,1988,2002,1967,1989,1998,2004,1960,1979,1985,1968,1881,2010,1976,1952,1987,1989,2000,1993,1432,1982,1997,1984,2004,1993,1979
HG01805_ASB1	3292,3315,3271,3306,3254,3306,3308,3284,3315,3315,3320
HG01851_ASB1	1979,1999,1993,1988,1992,2004,2000,2005,1939,1998,2011,1946,1981,2007,1975,1995,1992,2004,1995,1991
HG01596_ASB1	1995,1957,2000,2000,2004,2017,1999,1987,1982,2010,2017
HG01873_FOCAD1	4358,4377,3957,19684,4352,4311,4320,4377,4386,4299,4372
HG01871_FOCAD1	3977,3985,2666,3987,3942,3948,3932,3963
HG01872_FOCAD1	3966,3999,4011,3745
HG01798_FOCAD1	3731,4334,4352,4352,4400,4387,4300,4369,3903,4286,4314,4321,3848,3951,3955,3996,3992,4361
HG01794_FOCAD1	3969,3950,3940,3873,3991,3986,3963,3967,3991,3967,3960,3975,3969,3956,3872,3983,3968,3979,3852,4003,3997,3949,3913,3922
HG01800_FOCAD1	3945,3974,3952,4035,3920,3983,3982,3949,3964,3949,3989,3989,3974,3979,3857,3859
HG01694_CLASP1	-31798,2779,2946,2989,2988,3008,3055,2963,3019,3001,2968,2940
HG01935_ASB1	2002,2253,1992,1974,2009,1934,1971,1964,1955
HG01676_ASB1	1996,2436,2415,2024,1991,2423,1985,2413,2427,1964,2436,1998,1994,1945,1993,2002,2422,2426,1764
HG01813_ASB1	1970,2005,2277,2276,1996,2266,2268,1996,2264,1976,1987,1995
HG01626_ASB1	1998,1999,2007,1987,1938,2004,1993,1998,2001,1999,1977,2009,1867,1998,1978
HG01602_ASB1	2402,2433,2376,2430,2434,2431,2436,2392,2403,2442,2435
HG01859_ASB1	1982,1955,2277,1840,2279,1997,2252,2291,2193,1961,1971,2266,1973,2277,1952,2268
HG01786_ASB1	1950,2007,1979,1930,2002,1996,2006,1988,1990,1985,1989,1981,1976,1989,2002,1993,2016
HG01840_CLASP1	2961,2950,2989,2844,2964,3013,2969,2971
HG01765_ASB1	2436,1999,1989,1999,2445,2004,2006,1984,2440,2458,2414,1990,1983
HG01796_ASB1	3310,1969,3295,1989,1998,1959,1991,1988,3332,3280,3304,3295,1975,1993,3318,3295,3258,3295
HG01846_ASB1	1981,2439,2004,2401,2438,2444,1985,2443,1977,1997,2419,2444,2444,2428,1863,1992,2367,2426,1985,1932,1996
HG01817_CLASP1	2999,2977,2977,2991,2980,3003,2889,2975,3009,3006,2993,2998,3001,2988,2906,2956,2987,2981,3002,2954,2990,2952,2964,2988,2993
HG01680_ASB1	1854,1871,2459,1861,2397,1870,2433,2390,1870,2445,2437,2636,2385,2407,2402,2434,1873,2354,1886,1871,1867,1875,2392,2441,1885,2446,2408,1871
HG01630_ASB1	2450,2431,2437,2428,2423,1965,1971,1987,2461,2443
HG01773_CLASP1	2926,2984,2984,2920,2800,2984,2990,2979,2953,2913,2967,2992,2955,2961,2984,2963,2833
HG01853_ASB1	2435,2439,1925,2426,2182,2415,2451
HG01932_ASB1	2245,1988,1973,1996,1990,2004,1968,2287,2275,1979,1990,1888,1952,2264,2283,2000,1983,2011,1708,1982,1980,2270
HG01813_CLASP1	2914,2988,2978,2987,3013,2992
HG01684_ASB1	1942,1979,2424,2436,2421,1993,1913
HG01779_ASB1	2415,2462,2378,2437,2433,2399,2380,2432,2447,2440,2454,2414,1794,2431,2421,2428,2426
HG01851_CLASP1	3153,3153,2998,2997,2973,3000,3152,3001,2253,3163,3167,2970,3169,2979,2985,2952,3162,2995,3000
HG01894_ASB1	3762,3748,3756,2442,2436,2410,3757,3684,3752,2421,2427,2376,3732,3726,3743,2424,3720
HG01872_ASB1	3288,3308,3289
HG01871_ASB1	2144,2103,2148,2154,2151
HG01678_ASB1	2027,2410,1993,2392,2447,2442,2449,1991,1990,2431,2420,2420,2447,2446,2442
HG01608_CLASP1	2996,2997,2447,2973,2986
HG01923_ASB1	2256,2401,2252,2094,2441
HG01700_CLASP1	2993,2996,2990,2992,2943,2913,2972,3007,2973,2544,2973,2988,2992,2992,2944,3005,2999,2996,2980,2968
HG01870_ASB1	3318,1999,3284,3333,2006,3225
HG01673_ASB1	2391,2004,1987,2402,2433
HG01935_CLASP1	3122,3124,3001,2973,3150,3128,3146,2979,3124,3002,3108,2990,3139,3144
HG01865_CLASP1	2946,2986,3025,2917,2953,2940,2957,2998,2943
HG01863_ASB1	2008,1984,1950,1986,1981,1950,1998,2006,1992,1872,1900,1987,1993,1995,1983,1976,1967,1990,1998,2011,1969,2000,1998,1981,1957,1997,1994,1986,2005,1984,1993,1993,1984,2001,1540,-1317,2004
HG01915_CLASP1	3181,3171,3131,3158,2993,3134,3106,2967,2523,3169,3109,3160,3168,3163,3099,5752,2995,3164,2697,3166,3155
HG01866_ASB1	1966,1993,2000,1992,2001,1982,1958,2009,1994,1999,1995
HG01805_CLASP1	-41781,2968,2997,2990,2987,2984,2991,3012,2984,3002,2978,2989,2949
HG01917_ASB1	2285,1982,2273,2281,2003,2288,2290,1995,1986,2260
HG01890_ASB1	3715,1980,1993,1975,2011,1994,3751,3774,1990,3731,3773,1989,1999,1987,3736,3723,1934,3744
HG01896_ASB1	3638,3743,3758,3765,3235,3757,3289,3745,3315
HG01789_CLASP1	2995,3005,2990,2492,2991,2984,2960,3005,2979,2992,3000,2941,2999,2983,2997,3019,3004,2950,2977,3002
HG01765_CLASP1	2984,2967,2971,2973,2997,2759,2992
HG01699_ASB1	1992,2428,2430,2440,2393,1936,1996,2457,2443,2402,2321,2432,2434,1911,2338,2332,1976
HG01606_CLASP1	2983,2997,2969,2934,2983,2992
HG01756_ASB1	1830,1959,1996,2422,1745,2412,1995,2452,2374,1997,2410,2398,2002,2437,1977,1980
HG01598_CLASP1	3239,3154,3112,3129,3125,3024,3087,3143,3089,3161,3090,3159,3129,3089
HG01617_CLASP1	3173,2998,3175,3162,3161,3140,2998,2901,3176,2951,3140
HG01589_CLASP1	3142,3158,3151,2985,3141,3140,3057,3127,2927,3001,2383,2922,3153,3073,2965
HG01605_CLASP1	3135,3164,3151,3154,2977,2964
HG01809_CLASP1	2968,2966,2967,3002,2994,2975,2989,2962,2985,2994,2979,2910,2959,2981,3004,2991
HG01595_CLASP1	3098,3188,3160,2958,2988,3130,2975,3157,2991,2958,3053,3005,3010
HG01597_CLASP1	2993,3011,3004,2999,2961,3003,3001,2999,3001,2919,2979,2999,3006,2988,2987
HG01673_CLASP1	3009,2986,2826,3000,3001,2978,3005,2929,2999,2960,2966,2926,2990
HG01846_CLASP1	3147,3137,2867,3066,3079,3139,3059,3149,3157,3110,3160,3140,3277,3162,2866,3081,3127,3148
HG01872_CLASP1	3000,2950,3001,2986,2888,2993,3001,2995,2981,2990,2991
HG01815_ASB1	1978,1970,1987,1985,1976,1970,1975,2001,1987,1965,1998,1995,1992,2000,2002,2001,1989
HG01791_CLASP1	3020,3015,2991,2983,6714,2997,2973,2978
HG01596_CLASP1	3004,3171,3166,3017,3008,3171,3178,3136,3006,2991,3117,2994,3141
HG01612_CLASP1	2978,2996,2975,2976,2949,3009,2995,2974,3000,3005,2995,2983,2048,3002,3021
HG01678_CLASP1	2994,2980,2987,3006,2750,2924,2882,2975,2985,2980,2439,2997,2954,2984,2973,2997,2979,2645,2929,2974,2983,2911,3394
HG01798_ASB1	1999,1985,1968,2036,2029,1997,2032,1992,1994,2003,1931
HG01766_CLASP1	2989,2948,2470,3171,2964,2974,3151,3164,3166,3175,3002,2925,3168,3177,3171,3165,3153,3153,3167,2997,3173,3090
HG01602_CLASP1	2992,2993,2957,3001,3006,2966,2997,3002,3000
HG01676_CLASP1	2991,2937,2968,2961,2998,2883,2557,2988,3004,3010,2973,2997,2967,2957,2973,3100
HG01807_CLASP1	2974,2963,2979,2996,2990,2976,3000,2995,2993,2973,3014,3009,2974,2942,2974,2906
HG01786_CLASP1	2989,2879,2839,2942,2976,2906,2979,2965,3005,2997,3027,2969,2763
HG01806_ASB1	2412,2389,2451,2431,2121,2160,2379,2391,2160,2387,2448,2447
HG01873_ASB1	2266,2277,1937,2269,2274,2266,2290,2261,2251,2139,2253,2290,2266
HG01859_CLASP1	3091,3010,3049,2955,2933,3135,3107,3163,3122
HG01896_CLASP1	3130,2965,2997,3161,3127,2975,3105,3156,2965,3161,3035,3144
HG01879_ASB1	3318,3320,3312,2036,3323,2038,3330,2025,2036,2017,3335
HG01800_ASB1	1987,1993,1990,1999,1994,1995,1978,2000,1996,1916,1893,2003,2004,1980
HG01626_CLASP1	2957,2988,2990,2934,2972,2876,2956,2984,3007,2996,3019,2986
HG01853_CLASP1	2984,3020,2978,2974
HG01880_ASB1	3306,3315,2420,3325,2438,2351,2426,3317,3311,2436,3310,2433,3350
HG01933_CLASP1	2984,2985,2766
HG01796_CLASP1	3121,3093,2981,2995,3126,3092,3146,2971,2984,3146,3120,2932
HG01883_ASB1	2166,1503,3346,2161,2101,3299,2150,2132,2157,3313,2150,2154,2139
HG01630_CLASP1	2990,2916,3116,2979,3118,2996,3133,3140,2980
HG01815_CLASP1	2979,2988,2959,2994,2995,3004,2955,2997,2939,2986,3001,2967,2990,3093,2961
HG01776_ASB1	2444,1803,2403,2414,1904,2001,2409,1989,1914,1986,1986,1989,1998,1992,1997,1975,2240,1967,2004,2001,2425,2409,2385,1973,2414,2311,2427,2403,2027
HG01794_ASB1	3322,3280,3328,3307,3311,3305,3286,3301,3328,3283,3168,3317,3345,3301,3307,3295,3284,3329,3309
HG01918_ASB1	2273,1998,1985,1999,1993,1999,2278,1983,2286,1992,2274,2273,2293,1920,2285,2271,2005,2277,2285,1999,1996
HG02013_CLASP1	3131,3159,3169,3145,3152,3121,3155,3173,2987,3108,3095,3144,3078,3131,3148,3187,3173,3174,3024,3142,3152,3138,3159,3172,3027,3172,3100,3140,3146,3163,3179,3135,-7354,2981,3122,3139,3139,3170,3162,3146,3119,3160,3142,3155,3141,3099,3090,3167,3130,3154,3174,3143,3158,8952,3159,3133,3163,3140,3141,3073,3147,3156,3056,3141,3079,3119,2652,3110,3119,3133,3122,3162,3179,3137,3161,3159,3159,3150,3168,3138,3152,3176,3157,3161,2317,3132,3158,3154,3142,3157,3149,3157,3160,3145
HG01798_CLASP1	2994,2962,3003,2920,2964,2982,2993,2974,2980,2991,2996,2998,2996,2976
HG01870_CLASP1	2999,3004,2993,2992,2931
HG01779_CLASP1	2830,2997,2818,2967,3012,2997,2923,2982,2993,2961,2985,2996,2820,2975,2970,2986,2994
HG01866_CLASP1	2985,2983,2984,-30313,2967,2952,2987,3022,2499,2992,2990,2996,2990,2995,3084,2899,2982,2973,2993,2951
HG01800_CLASP1	3108,3187,3161,3163,3121,3119,3134,3190,3137,3156,3122,3162,3150,3144,3168,3123,3141,3143,3074,3166,3221,3175
HG01923_CLASP1	3146,3034,2995,2984,2986,3127,1834,3162,3093
HG01863_CLASP1	3145,3183,3167,2998,3149,2994,2839,2979,3131,2266,3139,3133,3136,3160,3003,3128,3135,2735,2994,3170,2981,3136,2887,3022,2993,2990,3013,3003,3104,11291,3164,2988,3172,3148,3164,3104,2948,2974
HG01894_CLASP1	3015,3126,3158,2943,3152,2995,3164,3002,3124,2998,2988,2930
HG01932_CLASP1	2999,3020,3005,2986,2970,2985,2989,2916,2937,3004,2977,2973,3010,2982,2982,2974
HG01398_FOCAD1	4385,4363,4008,3985
HG01412_FOCAD1	4372,4363,4004,3973,4348,3979,4381,3966
HG01572_FOCAD1	3982,3988,4373,3998,4338,3973,4365,3976,3983,3985,3988
HG01311_FOCAD1	3973,3976,3990,3973
HG01871_CLASP1	2996,3004,2978,2991,2938,3003,3000
HG01256_FOCAD1	3983,3953,4011,4366,3532,4356,3847,4311,4381,4337,3960,3889,4373,3956,4375,3946,3899,3971,4220,4333,3943,3961,4386,4304,4214,3963,4352,3964,3974,3999,4376,3988,4374,4342
HG01699_CLASP1	3003,2992,2993,2992,2892,2754,2985,2955
HG01392_FOCAD1	4419,4380,3995,4361,3996,4005,3958,3990,3991,3975,3998,4016,4359,3967,3989
HG01259_FOCAD1	4339,4333,4353,4376,4357,4372,4384,4355,4330,4349,4363,4369,-6793,4354,4318,4368,4289
HG01278_FOCAD1	4357,4374,4005,4346,4352,4345,4362,4357,4357,4335,4305,4306,4364,4358,4232,4355,4346,4331,4248,4370,4083
HG01347_FOCAD1	4365,3892,3867,4365,4375,3705,4363,4340,3976,4349,4346
HG01348_FOCAD1	3604,4341,3984,3945,3848,4380,4367,3792,4121,4382
HG01684_CLASP1	2995,2947,2931,2929,2968,2940,2819,2993,2993,2974,2959,2981,3005,2941,3020
HG01258_FOCAD1	3970,3974,3933,3979,3981,3964,4002,3966,3939
HG01257_FOCAD1	3972,3849,3913,3959,3967,3945,3888,3968,3939,3901,3771,3971,3980,3967,3822,3981
HG01275_FOCAD1	3993,3795,3992,3964,3974,3982,3970,3984,3931,3916,4005,3932,3985,3997,3984,3983,3976,3953,3919,3978,3978
HG01396_FOCAD1	3902,3948,3623,4081,3472,3959,3463,4186,3928,4174,3966,4007,3708
HG01341_FOCAD1	3962,4262,3174,3987,3949,4314,3974,4023,3974,3979,3993,4237,4293,4375,3972,4198,3945,4369,4377,3911,3975,4004,4358,4269,3977,4361,4248,3990,4382,4010,4293,3968,4340,3984,4347,4387,4346,4351,4328,4333,3965,4355,4376
HG01286_FOCAD1	3962,3974,3890,3989,3989,-17425,3995,2825,3968,3860,3376,4015,3945,3985,3983,4006,3987,3839
HG01345_FOCAD1	4300,3571,3602,4211,3604,4388,3422,4377,4360,4363
HG01269_FOCAD1	3968,3726,4257,4370,3975,4337,4391,3991,4331,3929
HG01586_FOCAD1	4004,3962,3908,3984,3990,3936,4010
HG01566_FOCAD1	3966,3990,3983,3788,3966
HG01344_FOCAD1	4379,4198,4313,4373,3970,3957,4320,4365,3945
HG01390_FOCAD1	3951,3987,3991,3983,3968,3941,3947,3686,3980,3974,3943,3996,3960,3964,3973,3996,3991,3933,3840,3993
HG01302_FOCAD1	3988,3977,4356,3983
HG01578_FOCAD1	4373,4358,3925,3945,3979,3965,4242,3976,4364,4197,3952,3625,3989,4360,4130,3995
HG01577_FOCAD1	4336,4397,3009,4003,4438,3726,3953,3979,3986,4267,3938,3972,3946,3996
HG01917_CLASP1	2987,2988,2987,2997,2983,2983,3006,3157,3125,3192,3002,2942,3173,3116,3001
HG01284_FOCAD1	3931,3964,3944,3945,3978,3994,3785,3881,3976,3968,3980,3995,3833
HG01308_FOCAD1
HG01389_FOCAD1	3530,3950,3989,3971,3923,3976,3936,3763,3806,3984,3945,3917,3993,3897
HG01384_FOCAD1	3924,3994,4274,3954,4354,4345,3976,3972,3606,3991,3962,4359,3983,4360,3947,4325,3931,4338
HG01571_FOCAD1	4348,4353,4226,4355,4370
HG01366_FOCAD1	4368,3928,4401,3960,3991,4371,4342,4190,4359,4034,4375,4379,4377,4352,3990,4004,3956,4363
HG01356_FOCAD1	3899,3956,3974,3974,3983,3982,3987,3959,3978,3977,3985,3265,3964,3800,3188,4003,3793,3994,3985,4011
HG01375_FOCAD1	4329,4339,4170,4339,4369,4388,4336,4325,4220,4395,4347,4377,11740,4303,4313,4244,4376,4354
HG01550_FOCAD1	3952,3954,3963,3950,4387,3995,4349,3972,4323,3920,4366,4345,4368,3921,3983,3887,4395,3925,3837
HG01362_FOCAD1	3976,3969,3983,4020,3948,3998,3976,3957,3945,3997,3979,3918,3994,3984,3978,3978,3970,3952,3989
HG01377_FOCAD1	4269,4359,4357,4412,4353,4336,4342,4364,3565,4187,4373
HG01551_FOCAD1	3953,4000,3987,3989,-40460,3996,3909,3987,3799,3801,3966,3780,3962,4007,4008,3826,3931,3978
HG01890_CLASP1	2997,2972,3001,3004,2993,2995,2979,3168,2956,2959,3006,2978,2993,2955,2960,2996,2965
HG01241_FOCAD1	3971,4372,4329,4348,3995,3962
HG01583_FOCAD1	3986,4022,3902,3901,4348,4388,4343
HG01197_FOCAD1	3986,3992,3991,3915,4001,3980,4005,4012,3943,3987,3923
HG01187_FOCAD1	3977,3856,3953,3952,3962,3995,3989,3997,3987,3974,3993
HG01518_FOCAD1	3806,3951,3935,3974,3963,3995,4005,3847,3990,3934,3586,3845,3990,4001,3992,3952,4020,3902,3970
HG01188_FOCAD1	3951,3923,3940,3997,3965,3935,3880,3971,3796
HG01242_FOCAD1	4003,4377,4368,4392,4310,3982,3964,4363,3995,4302,4329,4008,3952,3975,4141,4344,3900
HG01512_FOCAD1	4378,4365,4334,4371,4378,4369,4337,4305,4374,4372,4240,4286,4238,4266,4339,4372,4362,4401,4380,4379,4399,4296,4340
HG01527_FOCAD1	4370,4216,3971
HG01530_FOCAD1	3953,3942,3973,3991
HG01198_FOCAD1	3976,3993,4006,3809,4000,4010,4000,3989,3940,3813,3989,3974
HG01513_FOCAD1	3631,4369,3881,4349,4333,4271,4230,4304,3935,4334
HG01680_CLASP1	2998,3002,2976,2974,2869,2979,3020,2982,2283,2817,2992,2947
HG01308_ASB1	2439,1991,1559
HG01311_ASB1	2421,2410,2004,1992,1703,1984,2009,2431,2429,2442
HG01806_CLASP1	3146,3122,3141,3099,2770,2921,2960,2960,2996
HG01566_ASB1	1999,2002
HG01519_FOCAD1	4343,3981,4343,3985,4364,4367
HG01525_FOCAD1	3962,3991,3990,4005,3973,3943,3975,3986
HG01586_ASB1	1986,1997,1993,2001,1993,1966,1984,1979,1974,1998
HG01756_CLASP1	2630,2913,2881,2933,2930,2976,2972,2909,2946,2976,2993,2977,2721
HG01308_CLASP1	3004
HG01530_ASB1	2421,1993,1987,2439,2429,2421
HG01794_CLASP1	2985,2982,3169,3004,3000,2875,3097,2980,3154,2982,2988,2994,2996,2879,2994,3162,3151,2795,2901,3173,2984,3160,3138,2984,3137,2622,2992,3146
HG01527_ASB1	1991,1953,2011,1994,2449
HG01571_ASB1	2005,1983,1989,1998,1972,1981,1987,1970,1991,1999,1994,1975,1974,1995,1977
HG01506_FOCAD1	3931,3871,3934,3922,3799,3801,3923,3925,4000,3944,3984,3999,3991,3944,3982
HG01507_FOCAD1	3993,3983,3988
HG01500_FOCAD1	4396,4361,4350,4378,4373,4180,4337,4374
HG01504_FOCAD1	3983,3967,3986,4024,3917,3993,3981,3922,4004,3773,3979,3988,3957,3975,3925,3914,3989,3947,3989
HG01311_CLASP1	2980,3002,2950,2996,2999,2920,2953,2905,2981,2986,2957,2225,2981,2909,2974
HG01566_CLASP1	2950,2966,2995,2995
HG01879_CLASP1	2997,3159,2997,3176,2996,2900,2990,2993,3117,-5220
HG01509_FOCAD1	3947,3940,4235,4344,4354,3914,4000,3877
HG01398_ASB1	1964,1994,2445
HG01302_ASB1	3299,2000,3317,1999
HG01348_ASB1	2264,2219,2440,2268,2276,2264,2417,2434,2401,2436,2414
HG01880_CLASP1	3170,2904,2959,3162,3175,2741,3162,3083,3179,2981,3162,3168
HG01492_FOCAD1	4330,4395,4252,4361,4376,4353,4329,4403,4354,4353
HG01494_FOCAD1	4370,3777,4321,4358,3907,3973,4333,4009,3944,3991,4338,4354,4371,4340,3901,4300,3898
HG01489_FOCAD1	3988,3956,3984,3978,3962,3976,3961,3983,3992,3904,3984,3945,4005,4086,3983,3930,3948
HG01474_FOCAD1	3894,3939,3852,3982,3976,3929,4364,3886,3982,4095,4368,4348
HG01455_FOCAD1	3854,3989,3977,3955,3993,3933,3977,3984,3975,3909,3942,3998,3977,3975,3991,3942,4003,3972,3987,3987,3801,3942,3950
HG01198_ASB1	2276,2447,2114,2427,2270,2429,2270,2437,2279,2257,2275,2429,2440,2270,2437,2434,2438
HG01377_ASB1	3319,3232,3288,3296,3312,3321,3215,3310,3313,1999,3254,3310,3319,3002,1972
HG01345_ASB1	2345,2378,1970,2300,2438,2442,1934,1992,2397,1937,2457,2007,2394,2427
HG01479_FOCAD1	4363,3963,4376,4340,4351,4371,4332,3881,4357,3988,4368,3996,3990,4401,4328,4365,3978,3849,3983,4267,3786
HG01465_FOCAD1	4295,3948,4294,4377,4370,4300,4129,4366,4184,4311,4368,4382,4346,4337,4382,4345,4080,4373
HG01412_ASB1	1998,2457,2396,2422,2434,2425,2013,2306,2437,1974,2424,2454,1999,1985
HG01464_FOCAD1	3982,3939,4006,3925,3983,3970,3779,3984,3988,3971,3998,3952,3566,3973,3992,3982,3105,3939,4000,3995,3992,3975,3983
HG01453_FOCAD1	4360,4345,4353,4376,4405,4358,4379,4389,4382,4361,4375,4169,4380,4246,4349,4365,4386
HG01447_FOCAD1	5154,4361,4028,4298,4312,3867,4948,4677,5520
HG01344_ASB1	2003,1911,1987,1983,1977,1955,1989,1946,1996,1994,1980,1995,1936,1999,2014,1993,1901,1992
HG01776_CLASP1	3001,2937,3012,2995,2913,2994,2900,2988,2632,2994,2979,2957,2962,2977,2893,2985,2911,2894,2979,2971,3795
HG01572_ASB1	2273,1993,1996,2260,1992,2287,2282,1996,1988,1987,2275,2275
HG01197_ASB1	2442,2277,2431,2442,2425,2273
HG01578_ASB1	2448,2292,2421,2436,2270,2284,2421,2280,2280,2302,2266,2276,2269,2284,2437,2240,2439,2364,2275,2446,2274,2275,2285,2455
HG01302_CLASP1	2103,2975,3169,3170,2963
HG01398_CLASP1	3127,2999,3163,3138
HG01390_ASB1	1855,1993,1994,2438,1990,2004,1988,2432,2434,2002,2419,1998,2011,1993,2407
HG01259_ASB1	1995,1973,1987,2443,1993,2439,2424,2441,2440,2000,1958,2367,1995
HG01551_ASB1	2000,4074,1968,4072,1987,4077,1983,1994,4059
HG01507_ASB1	2441,2421
HG01519_ASB1	2413,2422,2443,2428,1977,2422,2426,1684,2399,2413,2427,1988,2431
HG01873_CLASP1	3187,28777,3158,3177,3168,3135,3148,2691,3159,3131,3136,3116,3178
HG01257_ASB1	2275,2238,2264,2241,2377,2441,2453,2440,2394,2278,2421,2274,2287,2288,2270
HG01389_ASB1	1996,1990,1973,1999,1991,2005,1979,1976,1968,1953
HG01384_ASB1	1994,1997,1993,1982,1984,1969,1988,1991,1995,1992,1987,1994,1998,1997,1974,2004
HG01396_ASB1	2432,2439,1947,2412,2391,2455,2404,1955,1764,2318,2435,1930,1778,2397,2427,2432,1946
HG01258_ASB1	2000,2422,2430,2439,1986,2428,2424,2397,2434,1994,2420,2430,2431
HG01392_ASB1	1993,1982,1574,1985,2007,2006,2001,1991,2006,2001,1990,1968
HG01883_CLASP1	3148,3141,3117,3138,3039,3141,3046,3156,3151,3126,3132,3153,3166,3134,3162,3159,3152,3161,3116,3141,3137,3134,3134
HG01583_ASB1	2434,1981,1952,1912,2431,2431,2423,2049,1996
HG01284_ASB1	2223,2426,2293,2431,2416,2442,2435,2429,2256,2250,2401,2258
HG01362_ASB1	1976,2251,1893,1992,1949,1967,1987,2010,1995,1989,1987,1908,2000,2017,1997,2010,1970,1996,1987,2000,1976
HG01278_ASB1	1986,1997,1968,1967,2416,2413,1677,1992,2447,2425,1995,2415,2436,2432,2414,1988,2437,1980,2461,1993,2401,1975,1991,2417,2438,1992,2431,2408,2404,1992,1993,1961,3871,2425
HG01577_ASB1	1992,2019,1997,1997,1988,1994,1973,1991,1947,1987,2016,1981,1940,1944,1996,1970
HG01918_CLASP1	2988,3000,2988,2983,2995,2991,2982,2971,2999,3001,2974,3004,2986,3003,2998,2996,2896,2871,2997,3012,2987,2702,2992,2901
HG01241_ASB1	2441,3319,3312,3310,2427,2447,2431,3322,3255,3272,3364,3259,2435,2406,2440,3320,2420,2446,3270,2444,2441,2341,2443
HG01347_ASB1	1997,1985,1935,2003,1984,1993,2287,2007,1982,1988,1980
HG01507_CLASP1	2984,2866
HG01269_ASB1	2384,2122,2410,2124,2142,2144,2147
HG01375_ASB1	2263,1985,2266,2287,2284,1994,2273,1971,2005,2269,2273,2284,2005,1986,2262,1986,2287,1990,2269,1978,2273,2282,2257,2280,2280,2244
HG01513_ASB1	1992,2321,1958,1981,2433,2395,2447,2434,2006
HG01197_CLASP1	2997,2764,2984,3001,2976,2994,2959,2967,2996,3004,2988
HG01198_CLASP1	2255,2973,3160,2996,2978,3074,3153,3157,2964,2962,3002,1983,3171,3164
HG01572_CLASP1	2960,2994,2203,2962,2995
HG01377_CLASP1	2988,3120,2993,3007,3136,2960,7378,3130,2987,3008,2992
HG01187_ASB1	2424,2438,2447,2250,2267,2279,2245,2287,2266,1490,2263,2280,2291,1698,1576,2280,2431,2436,2285,2273,2434,2240
HG01504_ASB1	3241,3324,3280,1943,2009,2007,2004,1994,1997,3335,3312,2010,1994,3311,2012
HG01286_ASB1	2430,2430,2427,2458,2443,2439,2437,2449,2437,2442,2449,2440,2432,2393,2396,2440,2448,2419
HG01344_CLASP1	3171,2940,3160,2007,2704,3147,3092,3138,3173,3172,3171,3150,3161,3162,2237,2906,3193,3165,3121,3076,3100,3164,2923,3162
HG01519_CLASP1	2972,2992,2994,3092,3136,3150,3159,3149,2990,3146,3150,3131,3092,3133
HG01525_ASB1	1975,1995,1980,1982,1996,1959,1984,2008,2011,1998
HG01389_CLASP1	3013,2964,2971,2923,2986,2945,2949,3001,2986,3005,3004,2941,2823,2988,2985,2949,2947,2964
HG01258_CLASP1	2989,2991,2985,2998,3005,3000,2908,2974,2991,2962
HG01257_CLASP1	2931,2961,2674,2949,2994,2989,2988,3004,2992,2977,-2195
HG01506_ASB1	2430,2388,1989,1954,2433,1998,1977,1964,2419,1996,2379,2454,1819
HG01578_CLASP1	2977,3025,3766,2992,3001,2986,3001,2982,2846,2992,2981,2969,2981,2976,2977
HG01348_CLASP1	3138,2996,2993,2992,2991,2950,3003,2984,2975,2997,3114,3000,3003,3154,3103
HG01259_CLASP1	2999,2990,2683,2972,2989,2967,2972,2997,2991,3007,2982,2903,2990,2979,3010,3003,2985,2976,2940,3002,2990,2995,3004,2985
HG01518_ASB1	2439,2422,2443,2445,2431,2425,2435,2460,2422,2397,2444,2421
HG01530_CLASP1	3010,3002,2950,2984
HG01492_ASB1	2240,2290,2001,1935,2282,1996,2008,2244,1997,2006,1945,2081,2251,2185,2003,1958,2263,1996
HG01284_CLASP1	2979,2948,2889,2939,2988,2979,2651,2961,2983,2962,2987,2976,2961,2988,2988,2965,2984,2975,2962,2421,2986,2993,2975,2930,2906
HG01586_CLASP1	2974,3013,2984,2931,3007,3059,2991
HG01527_CLASP1	2977,2984,2979,2996
HG01583_CLASP1	2997,3170,3158,3162,2954,2995,2974,2981,3170,2995,2996,3122
HG01242_ASB1	2441,2398,2422,2438,2441,2422,2431,2432,2431,2388,2452,2388,2420,2427,2416,2439,2439,2432,2434,2423,2433,2417,2439
HG01356_ASB1	1965,1935,3296,2080,1978,3306,1975,1986,3328,2014,3295,1962,3312
HG01384_CLASP1	3056,2986,2988,2816,2992,2958,2890,2980,2968,2858,2691,2993,2964,2974,2975,2973,3017,2994,3005
HG01269_CLASP1	2995,2973,2938,2983,2995,2816,2792,2994,2995
HG01366_ASB1	1992,2425,2435,1988,2436,2429,2432,2000,2436,1981,2003,2005,2002,2382
HG01474_ASB1	2279,2265,2451,2431,2407,2425,2427,2292,2434
HG01550_ASB1	1970,2421,2389,2377,2008,1996,2427,1946,2036,1966,2435,2431,2416,2469,1907,1977,1996,1961,1818,1988,1979
HG01509_ASB1	3298,3313,3317,2000,3306,2432,3325,3321,3295,3291,3301,3234,3297
HG01455_ASB1	1989,1982,3313,1973,1901,1978,1992,1984,3308,2002,1994,3222,1975,2003,1956
HG01513_CLASP1	2879,2992,3004,3002,3016,3002,2995,2939,3005,2976
HG01500_ASB1	2113,3292,2156,2155,2145,2157,3283,2157,2155,1695,2103,3335,3317,2155
HG01518_CLASP1	2978,2967,2994,2997,2974,1940,3010,3004,2272,2976,2993,2977,2988,3016,2911,2987,3007,2947,2998,2623,2969
HG01188_ASB1	2419,2425,2392,2444,2395,2411,2444,2427,2419,2408,2434
HG01286_CLASP1	2996,2639,3002,2621,2999,2641,2630,2991,2625,2975
HG01465_ASB1	2424,2399,2429,2297,2434,2409,2429,2321,2430,2411,2424,2434,2420,2422,2425,2406,2394,2383,2443,2426,2421
HG01571_CLASP1	2994,3011,2961,2993,2995,3000,2992,3001,2931,3001,2968,3006,2940,3002
HG01375_CLASP1	3110,2994,2922,3164,2994,3158,3145,2986,3162,3168,3167,2974,2983,3182
HG01506_CLASP1	2933,2828,2838,2983,2987,2995,2860,2979,2970,2991,2945,3001,2982
HG01494_ASB1	2433,2447,2366,2418,2433,2393,2432,2443,2424,2425,2421,2444,2426,2401,2429,2436,2433,2432,2398,2421,2412,2448,2422
HG01412_CLASP1	2988,2997,2982,2979,2961,2989,2983,2987,3001,2979,2973,3000,3019,2978,3004
HG01390_CLASP1	3161,3014,2838,2982,2997,3182,2994,3068,2977,2928,3160,3013,2983,2988,2998,2997,3078,3150,2956
HG01474_CLASP1	2994,2993,2957,2986,2995,2869,2975,3005,2985,2981
HG01396_CLASP1	2981,2982,2961,2902,2959,2912,2986,2793,2994,2948,2984,3001,2405,2632,2894,2977,2989
HG01447_ASB1	2006,1995,3067,3291,1979,3147,1976,3325,3305,3314,3307,3328,1967,2004,1997,1946,3310,3140
HG01345_CLASP1	2994,-24193,2998,2899,2987,2992,2915,2990
HG01500_CLASP1	2850,2967,3001,2989,3091,3177,3161,2999,3122,3143,3092,3148,3169,2997,2110,2990,2997,2989,2991
HG01551_CLASP1	3097,2999,2868,2972,2470,3167,3011,2998,3156,3143,3129,2759,2996,3158,2713,3145,3160,2979,2954,3154,3123,3145,3144,2631
HG01392_CLASP1	2985,2984,3012,3001,2991,2985,2980,3004,2930
HG01242_CLASP1	3012,3006,2992,2974,2998,3011,3113,3005,3154,3126,3146,3140,2936,2995,2987,2965,3001,3000
HG01275_ASB1	3327,3282,3299,3318,3298,3263,2426,2396,2435,3298,2434,3321,2426,3321,3319,3315,3300,2447,2430,2438,3311,2448,3319,3294
HG01256_ASB1	2304,1987,2280,1984,2000,1981,2264,2249,2281,2250,1984,1998,1983,2184,2008,2275,1884,1999,1980,2257,2290,2000,2259,2006,2154
HG01362_CLASP1	2987,2959,3014,2991,2986,3005,2987,2998,2955,2980,2966,3000,2887,2949,2939
HG01492_CLASP1	2981,2989,3002,2929,2993,2995,2944,2999,2953,1816,3004,2975
HG01550_CLASP1	2669,2974,2955,3014,2964,2813,2963,3000,3001,2935,2972,2873,2991,2950,2927,2998,2999,2932,2988,2960,2958,3013,-4388,3002,3005,3002
HG01187_CLASP1	3140,3121,3169,3083,3011,3065,3113,3137,3109,2969,2978,3012,3155,3149,3167,3130,2979,3002,3135
HG01453_ASB1	1996,2003,2265,1998,2280,2000,2238,2282,2276,2286,2267,2242,2286,1941,2276,2277,1986,2289
HG01241_CLASP1	2985,2982,3156,3067,3171,3000,3160,3001,2973
HG01347_CLASP1	3011,3001,2991,2992,2996,3000,3003,2990,3005,2983,2968,2999,2992,2957
HG01577_CLASP1	2712,2630,3000,2647,2633,2635,2640,2611,2987,2991,2647,2977,2931,3004,2637,2603,3007,3001,2980,2989
HG01512_ASB1	1991,1982,2003,1971,1991,2016,2003,1988,1997,1997,2013,1998,1990,2007,1995,2002,2003,1993,1984,1993,1991
HG01525_CLASP1	3007,2980,2989,2968,2988,2901,2995,3005,2966,2984,2968,2984,2987,2958,-2660,2986,2983
HG01504_CLASP1	2987,2985,2999,3009,2973,2973,2989,2995,2994,2988,2985,2996,2985,3002,2994,2879,3002,3000,2988,2993,2991
HG01356_CLASP1	2980,2978,2979,2778,2935,2992,2994,2616,2989,2104
HG01479_ASB1	1784,2275,2287,1960,2257,2013,1993,2280,1999,2244,2271,2275,2281,2264,1933,1984,2269,2274
HG01366_CLASP1	2990,2993,3011,3008,2362,2953,2999,3008,2998,2999,2990
HG01188_CLASP1	3141,2974,2988,2983,2991,2966,3013,2959
HG01494_CLASP1	2693,2978,2979,2990,3013,3015,2998,2967,2980,2989,2728,2959,2730,2504,2976,2993,2965,2990,3008,2996,2955,3000,2997,2967,2991,2883,2975,2792,2510,3015,2908,2996
HG01447_CLASP1	2988,2994,2603,2907,2960,2947,2976,3042,3006,2950,2982
HG01278_CLASP1	3159,2985,2997,3154,3165,3011,2976,2980,2983,3143,3157,3042,2991,3011,2916,3006,3118,2871,3158,2963,3090,3126,3144
HG01085_FOCAD1	4357,4354,4343,4331,4361,4217,4271,3994,4332,4360,4379
HG01055_FOCAD1	4005,3929,3980,3994,3958,4015,3954,3982,3873,3968,3975,3957,4026,3968,3980,3796,3960,3928,3983,3951
HG01060_FOCAD1	4265,4357,4359,4363,4362,4360,4290,4310,4212,4371,4357,4395,4361,4386,4340,4367,4368,3295,3940,4340,4154,4371
HG01058_FOCAD1	2569,4381,4372,4362,4329,4322,4344,4350,4346,4354,4335,4384,4364,2834,4293,4266,4334,4013
HG01073_FOCAD1	3976,3957,3991,3978,3987,3968,3986,3982,3979,3998
HG01072_FOCAD1	4559,4026,4576,3997,4592,4009,3959,3958,4563,3969,3992
HG01174_FOCAD1	3994,-4739,3948,-1638,3943,3978
HG01066_FOCAD1	4334,4179,4262,-48852,4349,4329,4373,4396,4322,4363,4384,4340,4375,4368,4350,4350,4390,4207,4350,4343,4344,4361,4376,4372,4248,4339,4348,4380,4346
HG01489_ASB1	1917,1955,1969,1988,1998,1973,1979,1979,1981,1934,1998,1977,1991,2004,1963
HG01047_FOCAD1	4320,4341,3989,3706,3943,3886,-17745,3924,3720,4334,4365,4373,3986,4189,4288,3814,3917
HG01509_CLASP1	2994,2937,2989,3008,2866,2871,2971,2857,2982,2980,2989
HG01028_FOCAD1	4343,4343,2860,4380,4354,4325,4347,4323,4354,4338,4319,4280,4376,3408,4353,4306,4082,121
HG01130_FOCAD1	4344,4360,4340,4367,4297,4268,4374,4356,4309,4383,4285,4370,3889,4350
HG01054_FOCAD1	3722,3976,4025,3959,3989,3973,3999,3943,3980,3990,3989,4000,3980,4004,3981,3976
HG01048_FOCAD1	3984,3997,3959,3984,3959,3984,3919,3934,3994,3964,3934,3988,4004,3978,3969,4026,3998
HG01148_FOCAD1	3988,3966,3978,3167,4002,3981,3967,3919,3966,3982,3989,3964,3868,3990,3976,3963,3980,3966,3778,3968,3999,3982,3944
HG01136_FOCAD1	3980,4389,4364,3973,3987,4384,3996,4001,3965,3988,4360
HG01137_FOCAD1	3480,4129,4386,3977,3959,4275,4349,4351,4365,4163
HG01142_FOCAD1	4381,4372,-59842,4366,4328,3998,4359,4364,3969,3983,4002,4318,4382,4348,3945
HG01168_FOCAD1	4339,4368,4368,4338,4372,4347,4249,4342,4254,4347,4359,4239,4291,4347,4356,4264,4351
HG01455_CLASP1	3260,3070,2872,2691,2986,3155,2950,2992,3163,2969,3111,3126,2985,3174,2878,2995,3146,3001
HG01167_FOCAD1	3959,4291,4310,3979,4404,3901,3945,3947,3794,3897,4209,4345
HG01341_ASB1	1989,1998,1984,1997,1985,1997,1981,1989,1978,1997,1943,1990,1982,1987,1985,2010,1993,1619,1987,1984,1989,1948,1998,1981,1976,1988,1994,1995,1999,1743,1981,2000,1913,1992,1794,1985,2012,2017,1973,1979,1984,1945,1984,1998
HG01464_ASB1	1992,1986,2168,1975,2004,2114,1980,1994,1989,1966,2137,2179,1992,1994,1974,2156
HG01121_FOCAD1	4099,4344,4345,4122,4260,4159,4348,4263
HG01119_FOCAD1	3958,4189,3792,3954,4347,4391,4379,3760,3973,4369,3998,3942,3997,4371,4349,4003,4346,4259,3968,3992,4032,4353,3946,4238,3979,3971,4349,3985,4365,3866,3977,399,4221,3999
HG01124_FOCAD1	3976,3980,4370,4350,4336,4407,3970,4000,3417,4000,4367,3827,3567,4332,3988
HG01134_FOCAD1	3958,4330,4319,3951,3984,4094,4163,3967,4382,4299,4313,3897,3970,4343,3925,4349,4384,4359,3958,2830,3967,3976,4365,3970,3991
HG01131_FOCAD1	4363,4352,4351,4338,4376,4345,4223,4252,4368,4061,4349,4388,4196,4136,4331,4337,4284,4277,4341,4307,4348,4339
HG01133_FOCAD1	3965,3916,3983,3984,3922,3985,3970,3976,3947,3939,3968,3989,4004,3984,3993,4049,3997,3977,3965,3818,3958,3984,3892
HG01465_CLASP1	2982,2978,2982,2850,2921,2960,2997,3009,2979,2974,2929,2996,3010,2991,2926,2996,3008,2723,2994,3010,2986,2957,2976,2986,2956,3005,2943,3000,2986,2906,2985,3064,3272
HG01479_CLASP1	3024,3003,2976,2897,2739,2988,2994,2993,3027,2997,2977,2979,2939,2900,2988,2989,2655,3001,2996,2995,3001,2974,2964,2967,2985,2983
HG01256_CLASP1	2965,2983,2978,2969,2995,2654,3002,2918,2984,2898,2952,2999,2978,3001,2984,3004,2984,2952,2999,2948,2963,2990,3003,2985
HG01073_ASB1	2408,2413,2432,2415,2321,2429,2420,2439,2424,2417,2440,2444,2435,2432
HG01089_FOCAD1	3972,3927,3812,3929,3967,3962,3952,3566,3971,3995,3936,3964,3968,3995,3983
HG01086_FOCAD1	4381,3969,4381,4356
HG01102_FOCAD1	4001,4287,4237,3938,4344,3894,4350,4247
HG01107_FOCAD1	3986,3977,3528,4009,3976,3957,3989,3966,4370,4312,4040,3984,4341,4363,4361,521
HG01108_FOCAD1	4355,4318,3158,4341,4256,4346,4358,4374,4357,4350,4407,4364,4237,4354,4402
HG01101_FOCAD1	3835,3893,3991,3888,3984,3963,3969,3999,3973,3925
HG01104_FOCAD1	4370,4371,4067,3985,3910,4373,3979
HG01085_ASB1	2442,2382,2416,2459,1932,1998,1987,2008
HG01174_ASB1	2426,1975,1987,2426,1942,1983,1993,2410,2439
HG01072_ASB1	2014,2000,1992,1989,1996,1899,1989,1998,1989,1971,2007,2000,1990,1993,1998,1980,2003,1971,1995,1995,1974,1980,1990,2013,2001,1945
HG01073_CLASP1	3140,2963,2898,2976,3138,3146,3123,3159,3000,3149,2812,3130,2961,2989,3001,3126,3153,3007,2997,2988,3162,3031,3173,3002,3139
HG01168_ASB1	1993,2003,1998,1982,1999,1999,1972,1997,1977,1773,1971,1994,1997
HG01060_ASB1	2331,2427,2406,2428,2436,2431,2423,2434,2443,2312,2422,2423,2430,2451,2425,2420,2442,2434,2376
HG01101_ASB1	1999,1997,1850,1996,1998,1997,1916,1881,1982,1994,1982,2008,1857,1991,1862,1914,1906,2005,1998,1990,1892
HG01054_ASB1	1990,2444,1994,2002,2442,1988,1920,2457,2441,1996,2435,1950,1990,1981,2405,2437,2446,1993,2007,2001
HG01174_CLASP1	2967,2973,2975,2983,2630,2993,3001,2770,2921
HG01028_ASB1	2406,2388,2423,2261,2437,2283,2281,2432,2273,2246,2220,2271,2187,2415,2442,2276
HG01142_ASB1	1989,1996,2262,2224,2274,2282,2260,2246,1996
HG01055_ASB1	2298,2441,1988,2434,1951,1987,2421,2435,2419,2344,2302,2009,2442,2414,1981,2416,2266,2001,2439,2443,1963,1971,1992
HG01102_ASB1	2424,2004,1974,1972,2453,1995,2401
HG01489_CLASP1	2976,2991,2991,2992,3005,2991,2979,2997,2730,2985,2981
HG01124_ASB1	1934,2000,1992,1983,1980,1888,2011,2000,1993,1983,1998,1984,1943,1991,1983
HG01167_ASB1	3226,3084,1967,3287
HG01104_ASB1	2416,1997,2428,1983,1997,1982,2420,2423,1979,2429,2405,2002,1991,2428,1982,1980,1989,1941,1993,1999
HG01058_ASB1	2437,2307,1997,1829,2378,1843,1941,1966,2419,1925,1996,1984,1979,1990,1999,2387,2438,1955,2426
HG01453_CLASP1	3139,3137,2992,2985,2990,2872,2996,3147,2995,2996,2979,3158,2966,3075,3136
HG01048_ASB1	2008,1988,2433,1963,2004,1988,1967,2420,2412,1993,2407,2441,1972,2437,1994,2432,2415,1519,1988,2451,2439,2391,2005,2441,1987,2444,1991
HG01512_CLASP1	2984,2983,2962,3006,2993,3001,2955,2967,2996,3021,2956,2853,2989,3002,2419,3038
HG01107_ASB1	1916,2260,2290,2275,2281,2280,2259,2172,2295,2048,2286,2260,2283,2270,2283,2242
HG01136_ASB1	1969,1996,2232,1999,2308,2271,2260,1875,2311,2277,1990,1920,1989,1992,2272,2267,2278,1994,2278
HG01168_CLASP1	2978,2982,2970,2896,2987,2984,2968,3014,2987,2968,2965,2976,2988,2971,2895,2993,2987,2932,2948,2986,2992,2992,2741,2995,2996
HG01086_ASB1	2350,2414,2451,2407,2421,2432,2416,2373
HG01130_ASB1	1930,1989,2004,1962,1983,1992,1999,1992,1754,1995,1994
HG01275_CLASP1	2993,2994,2976,2979,2995,2974,2971,2976,3002,2958,2809,2995,2903,2980,2994,3002,2982,2944,3002,2223,2985,2890
HG01085_CLASP1	3003,3011,2928,2982,2961,2992,2888,2985,2980,2974,2937,2992,2960,2929
HG01102_CLASP1	3004,3000,2977,2857,2938,3059
HG01121_ASB1	2404,2239,1962,1926,2436,1972,2347
HG01464_CLASP1	2985,3148,3156,3162,2990,2979,3137,2974,3111,3165,3000,3152,3130,3146,3132,3116
HG01055_CLASP1	2982,2992,2938,2991,2990,2979,2979,2998,2917,2982,2981,2975,2980,3007,2968,2991,3001,2925,2979,3001,2907,2994,2804,2995,2996,3023,2971,2998,2980,3001,3355
HG01142_CLASP1	3008,2807,2972,2995,2986,2985,2919,2925,3005,3002,2980,2217,2999
HG01131_ASB1	2276,2252,2437,2222,2426,2262,2429,2282,2450
HG01124_CLASP1	3053,2990,3127,3080,3177,3095,3150,2960,3139,3134,2970,2990,3147,3174
HG01130_CLASP1	3010,2984,2979,2996,3006,2992,2970,2964,2999
HG01133_ASB1	2437,2440,2440,2446,2409,2364,2387,2436,2405
HG01086_CLASP1	2911,2941,2940,2972,2967,2948,2971
HG01341_CLASP1	2964,2926,2997,2517,2946,3008,2961,2968,2957,2974,2993,3010,2978,2954,2711,2974,2930,2992,2931,2950,3000,2968,2929,2994,2981,2970,2898,2996,3015,2972,2926,2937,2983,3000,2965,2945,2925,2973,2989,2972,2932,2975
HG01137_ASB1	2426,2435,2441,2417,2410,2440,2367,2404,2449,2447,2418,2412,2418
HG01134_ASB1	2000,1982,2028,1984,1983,2020,2383,2443,1999,2440,1966,2425,2004,2002,1990,1983
HG01148_ASB1	3302,3301,3298,3297,2957,3297,3288,3292,3242,3317,3301,3305,3306,3274
HG01060_CLASP1	3065,2981,3068,3153,3125,3000,3146,2976,2671,2913,3155,2970,3159,4931,3098,3000
HG01072_CLASP1	2870,3005,2911,2909,2985,2788,2993,2974,2977,2945,3028,3006,2968,2993,2525,2976,2977,2969,2934,2944
HG01089_ASB1	2017,2005,1996,1953,1995,1826,1972
HG01028_CLASP1	2981,2996,2992,2899,3015,2995,3008,2980,2971,2951,2841,2647,2996,2991,2941,2954,2900,2945
HG01047_ASB1	2440,1960,2420,2395,1983,2429,1980,1996,1987,2440,1990,2272,2387,2438,2443,2438,2440,2419,2421,1969,1975
HG01108_ASB1	1995,1982,2433,2440,2432,2435,2440,1988,1949,2441,1972
HG01133_CLASP1	2969,3041,2989,2975,2993,533,2970,2982,2976,2952,2940,3005,2989,2997,2954,2954,3012,2968
HG01167_CLASP1	2981,3163,2922,2985,2978,3080,2991,3138,2860
HG01066_ASB1	2011,2001,2020,3778,1977,2002,3754,1960,1576,3701,3794,3785,3794,3799,1984
HG01101_CLASP1	2944,2983,2950,2908,2977,2996,3003,3002,2987,2985,2994,2969,2976,3002,2981,2990,2966,2987,2927,2932
HG01054_CLASP1	2993,3145,3151,3119,3026,2984,2999,3091,3132,2993,2891,3001,2974,3112,2965,3130,3002,3168,3118,3004,2966
HG01134_CLASP1	2985,2974,3000,2960,2999,2894,2855,2979,2919,2986,2981,2870,3007,2969,2607,2959,2992,2983
HG01058_CLASP1	2995,3177,2875,2965,3143,3150,3162,2950,3105,2998,3135,3165,2994,3146,2988,2996,3120,3129,3182,2947,2860,2680,3157
HG01119_ASB1	2348,2426,2422,2434,1981,2398,2431,1973,2430,2421,2368,2413,2398,1695,1996,1962,2414,1999,1969,2418,1997,2441,2442
HG01048_CLASP1	2880,3009,2989,2998,2988,2978,2985,2986,2986,2993,2990,2935,2983,3005,2986,2990,3011,3018,2981,2985,3014,3014,2992,3005,2974,2946,2971,3007
HG01104_CLASP1	2991,2959,2955,2951,2995,2966,2989,2428,2926,3006
HG01121_CLASP1	2986,2937,2931,2386,2856,828,2983,2959,2972,2944,2817,2934,2980,3009
HG01107_CLASP1	2993,2967,2990,2987,2992,2996,3008,2912,2996,2813,2998,2968,2974,3008,2988,2931,2995,2694
HG01066_CLASP1	3001,2995,2994,2997,2982,2988,3003,3001,2997,2975,2982,2978,2995,2985,3003,2981,2992,2865,2996,2959,2982,2960
HG01136_CLASP1	2963,2991,2987,2982,3002,2438,2962,3048,2946,2994,2991,2994
HG01131_CLASP1	2971,2957,2989,2974,3012,2984,2972,2988,2989,2972,2943,2988,2961
HG01137_CLASP1	2983,2984,2996,2983,2934,2976,3003,3004,2832,2972,2991,3006,2965,2986,2971,2750,2971
HG01148_CLASP1	2992,3127,2983,3158,3078,3016,2969,2982,3101,2968
HG01119_CLASP1	2993,3174,2919,3019,3031,3070,2993,3166,3172,2977,2967,3067,3158,2980,2986,3004,3056,2963,3129,3147,2988,2984,2985,2899,2950,3155,3015,2947,2988,2925,3052
HG01089_CLASP1	2939,2991,3012,2935,2966,2891,2788,2928
HG01108_CLASP1	2978,3170,3165,3172,2994,3159,3093,2658,2857,2325,3185,2924,3156,3000,2987
HG01047_CLASP1	3147,3011,3142,3066,3134,3146,2731,2959,2977,2951,3154,3002,2968,3149,3120,3116,3106,2986,3155,2999,2987,3110,3149,3151,3145,3077,2947,2993,3153,3104,3003,2989
HG00096_ASB1	2437,2437,2363,2451,2431,2459,2410,2441,2437,2432,2371,2439,2227,2108,2106,2352,2433,2426,2430,2403,2430,2404,2439,2447
HG00096_CLASP1	2996,2984,2805,2907,2976,2958,2948,2992,2955,2989
HG00096_FOCAD1	3891,2885,3489,3990,3963,3805,3799,3960,3995,3971,4001,3970,3885,4011,3980,3973,3983,3960
HG00098_ASB1	1995,2444,2419,2438,2437,1986,1990
HG00098_CLASP1	2974,3004,2989,3006,2990,2585,2914,3011,2980,2995
HG00098_FOCAD1	3917,3953,3887,3988,3963,3928,3969,3988,3945,3981
HG00099_ASB1	2441,2438,2389,2304,2426,2410,2384,2421,2455,2423,2398,2455,2403,2433,2441
HG00099_CLASP1	3001,3015,3001,2983,2946,2700,2897,2936,3023,2956,2991,2418,2957,2945,2991
HG00099_FOCAD1	4331,3936,3960,4344,4093,4343,3791,3985,4343,3957
HG00100_ASB1	2428,1620,1995,1973,2443,1980,1983,2429,2412,2442,2402,2374
HG00100_CLASP1	3006,2983,2802,2996,2999,3004,2997,2978,2984
HG00100_FOCAD1	4345,4363,4379,4346,4365,4357,4338,4316,4305,4362,4161,4383,4253,4328,4357,4370,4389,4354,4215
HG00101_ASB1	1996,2002,1986,3319,1966,1999,3332,1984,3285,1990,3296
HG00101_CLASP1	2976,2996,2981,2997,2998,2986,2996,2979,2989,2949,2873,2960,2992
HG00101_FOCAD1	3978,4367,4005,3394,3985,4370
HG00103_ASB1	2434,2433,2297,2411
HG00103_CLASP1	2981,2984,2994,2980,2996,2999,2895,3014,3000,2408,2975
HG00103_FOCAD1	4363,3983,3787,3967,4329,3700,4431,3504,3613,4357,4389,3968
HG00106_ASB1	2443,2442,2447,2006,2430,2424,2005,2519,1965,2005
HG00106_CLASP1	2995,3008,3007,2994,2986,2991,2992,2990,2988,2990,2978,3015,3022
HG00106_FOCAD1	3966,4005,3994,3955,3992,3993,3956,3975,3974,4113,3825,3966
HG00107_ASB1	2426,2647,2453,2420,2438,2425,2452,2427,1993,1980,2430,1979
HG00107_CLASP1	3033,2961,3154,2995,2988,3158,3159,3175
HG00107_FOCAD1	3976,3977,3927,3977,3999,3846,3749,3931,3968
HG00111_ASB1	1989,2000,1990,1956,1993,2003,1967,2017,1989,1990,1990,1897,1998,1983,1994,1995,1969,2003,1998,1967,1980,1980,1987,1994,2004
HG00111_CLASP1	3005,2981,2995,2893,2960,2956,2981,2993,2998,2967,2934,3008,2965,2998,3000,2989,2973,3006,2989,2998
HG00111_FOCAD1	3953,3188,3979,3989,3963,2798,3982,4006,3975,4012,3952,3966,3989,3905,3965,3924,3971,3987
HG00114_ASB1	1978,2411,2393,1677,2361,2439,2445,2434,2423,2021,2006,1996,1790,2004,1990
HG00114_CLASP1	2958,2936,2997,2991,3026,2994,2985,2928,3003,2988,2984,2918,2993,2990,2986,2975,2994,2998,2990
HG00114_FOCAD1	4363,4324,4005,3979,4370,3970,3997,4358,4349,3975,3994,3988,3952,4348
HG00117_ASB1	2449,2423,1996,1985,1997,2414,2434,2436,2452,2424,1982,1995,2408,1977,2448,2007,2339,2420,2438
HG00117_CLASP1	2861,2961,2974,2977,2948,2978,2999,2980,3005,2991,2969,2972,2984
HG00117_FOCAD1	3963,3940,4013,3951,3977,4000,3976,3971,3997,3995,3627,3993,3970,3862,3863,3878,3979,3983,3467,3978,3944,3950,3981,3993,3999,3266,3981,3984,3997,3997
HG00120_ASB1	2317,2441,2417,2433,2484,2438,2419,2437,2433,2437,2436,2448,2416,2411
HG00120_CLASP1	2973,2973,3002,2971,3142,3156,3166,3124,2997,2987,3003,2965,3139,2933,2965,2872,3002,2926,3163,3707,2977,2966
HG00120_FOCAD1	3989,3996,3973,4292,3937,3929,3998,3980,4327,3990,3975,4362,3947,4363,4470,3959
HG00123_ASB1	2017,2354,2378,2403,2308,2440,1912
HG00123_CLASP1	-29921,2969,2374,2603,1512,2998,2920,1924,2892
HG00123_FOCAD1	3928,4261,3953,3916,4328,3775,4331,3976,3890
HG00124_ASB1	2451,2405,2410,2353,2435,2427,2437,2431,2411,2425,2433,2390,2430,2430,2435,2405,2437,2441,2405,2444,2447,2439,2444
HG00124_CLASP1	2988,2998,2991,2942,2996,2997,2997,2948,2983,3001,2882,2992,2984,2988,2878,2953,2996,2826,2716,2941
HG00124_FOCAD1	3968,3953,3983,3976,3957,3980,3987,3978,3887,3920,3942,3980
HG00125_ASB1	1969,2001,1986,1994,1956,1929,2012,1995,1701,1998,1767,1995,2008,1998,1998,1942,2004,1924,1983,2004,1997,1975
HG00125_CLASP1	2999,2982,2955,-48345,2991,2956,2989,2888,2974,2986,2975,2962,3006,2971,2985,2965,2963,3000,2987,2994,2726,3001,2984,2959,2991,2996,2996,2981,2997,2936,2980,2969,3002,2926,2995
HG00125_FOCAD1	4386,3971,3980,3945,4363,4352,3935,4219,4368,3941,4356,3944,4342,3980,4361,4281,4368,4356,4357,3930,4358,3132,3975,3955,4353,4368,4335,4387,4384,4378,4330,4365,3986,3828
HG00128_ASB1	2409,2437,1977,2428,1991,2404,1993,1993,1971,2421,2463,2445,1923
HG00128_CLASP1	3180,2989,2903,3138,2978,2894,2887,2742,2981,3161,3142
HG00128_FOCAD1	4079,4355,4344,3953,3977,4193,4307,4297,3788,3948,3985,3931,3805,-877,3959,4301,4336
HG00129_ASB1	2170,2099,2159,1993,2142,2154,2157,1424,1995,2158
HG00129_CLASP1	2967,3009,2998,2983,2998,2991,2877,2999,2984,2999,2985,2992,2952,3001
HG00129_FOCAD1	3983,4353,4348,4350,3984,4270,3980,4339,4325,4353,3983,3987,3921,3968,4322,4414,3997,3989,3954
HG00130_ASB1	2409,2441,1935,2003,2437,1982,2007,2434,2436,1994,1948,2001,1997,2413,2008,2424,2005,2004,2024,1992,2368,1867,2000,2429,2001,2444,2442
HG00130_CLASP1	3158,3116,3169,3079,3000,3170,2979,2867,3153,3188,3001,2994,2984,3159,2967,3143,2992,3152,3160,2966
HG00130_FOCAD1	3974,3965,4005,3989,3924,3974,3995,3952,4002,4016,3979,3964,3986,3995,3979,3985,3995,3900,3981,3967,4006,4001,3358
HG00131_ASB1	1961,1993,2003,2423,1833,2412,1983,2424,2000,2424,1980,2433,1988,2400,2428,2405,2426,2002,2002,1972,2018,1987,2428,2427,2001,2426,1994,1941,2399,1985,2434,2003
HG00131_CLASP1	3019,2904,2957,2994,2968,2845,2974,2972,2959,2968,2965,2888,3001,2979,2923,2990,2992,2967,2945,2617,2952,2995,2995,2979,2973,3006,2983,2986,2914
HG00131_FOCAD1	4337,4357,4359,4303,4378,4366,4358,4240,4364,4295,4336,4361,4314,4408,4334,4318,4138,4243,4324
HG00133_ASB1	2043,1997,1984,1976,2003,1995,1995,1998,1980,1974,1989,1993,1976,1978,2003,1950,1658,1819,1983,1988,1990,1975,1992,1993,1968,1936,1967,1951,1965,2019,2000,1992,1981,1982,2000,1965,1986,1990,1994,1947
HG00133_CLASP1	2839,2973,3041,3012,2970,3146,3087,2973,3135,2905,2963,2997,3107,3156,3118,3106,3150,2970,2962,3003,2998,2971,3006,2912,2966,2965,2972,3011,3111,3127,2964,2981,2967,2996,2967,2987
HG00133_FOCAD1	3961,4508,4519,4547,4565,3953,3981,4548,4478,4026,4483,4569,3979,4536,4525,4512,4555,3783,3716,4456,3934,3969,4495,4411,3983,3977,3996,4512,4568,4475,4562
HG00137_ASB1	2429,2417,2433,2400,1261,2422,2434,2441,2400,2425,2421,2382,2408,1958,2387,2429,2427,2430,2427,2511,2412
HG00137_CLASP1	2985,-24085,2995,3002,2405,2942,2881,2983,2977,2936,2978,2982,2977,2983,2999,2986,2967,2995,2979,2894,3007,2537,2226,2984,2964
HG00137_FOCAD1	3944,4363,3991,3972,4341,3979,4343,3917,3947,4368,3893,4375,3950,4361,3751,3909,4401,4353,3990,3937
HG00138_ASB1	2001,1988,1982,1966,2005,1962,1993,2000,1984,1988,1996,2003,1986,1987,1939,1923,1963,2015,1986,1970,1996,1955,1978,1983,2000,1990,1990,2010,2005,2003,1998,1994,1986,1932,1986,1995,1987,1989
HG00138_CLASP1	2992,3146,2980,3144,2954,2990,2678,3139,2873,2976,2938,2995,3000,2994,3009,2991,2997,2970,2992,2984,2623,2996,2998,2990,2902,2914
HG00138_FOCAD1	4348,3985,3976,4292,4276,3967,4173,3983,3953,3942,3944,3941,4352,3441,3987,4337,3982,3963,3968,3980,3954,4405,4005,3719,3978,3974,3995,4014,4362,3911
HG00139_ASB1	2355,2432,2413,2431,2423,2423,2431,2404,2441,2443,2416,2433,2426,2425,2408,2413,2436,2436,2403,2436,2428
HG00139_CLASP1	2979,3019,2990,2457,2989,2975,2991,2983,2951,2960,3024,2982,2969,2784,2901,2969,2988,2978,2994,2992
HG00139_FOCAD1	3882,4354,4360,4373,4297,3978,4005,4379,4331,4364,3977,4349,4017,4351,3987,3964,3986
HG00141_ASB1	2431,2355,2444,2427,2436,2414,2422,2409,2410,2448,2435,1988,2453,2008,1994,1977,2416,2440,2428,2005,1990,2001,2431,2431,2414,1962,2441,2436,2448,1989,1990,1977,2434,2433,2447,1931,2002,1971,1969,2312,2000
HG00141_CLASP1	3007,2910,2987,3010,3002,2919,2971,2982,2919,2951,2986,2729,2986,2926,2972,2991,2918,2988,2991,2984,2959,2952,3002,2987,3002,2994,2970,2984,2890,2964,3000,2805,2978,2981,2956,2927,2996,1884,2508,2980,2942,2812,2976,2991,2936,2984,2986,2998
HG00141_FOCAD1	4384,3975,4308,4323,3701,4372,3997,3954,4397,4372,3952,4364,4356,4315,3795,4325,3975,4363,4363,3999,4347,3963,4360,4363,3995,3994,3966,4244,4370,3892,3944,4388,3947,3969,3966,3982,4379,4350,3984,4354,3876,3996
HG00146_ASB1	1993,2276,1983,2268,1979,2008,2275,2010,2265,2267,2001,2278,2260,2269,1985,1987,2279,2261,2260,2278,2265
HG00146_CLASP1	2971,2991,2980,2986,2993,2996,2985,2950,2479,2968,2999,3002,2971,2992,3001,2669,2974,2984
HG00146_FOCAD1	4392,3968,4379,4256,3847,4381,4227,3949,3805,3813,3997,3964,4362,4362,3978,4333,4344,4386,4367,4356
HG00148_ASB1	1995,2000,2422,2403,2409,2438,2366,2434,2418,2461,2418,1959,2002,1934,2430
HG00148_CLASP1	2969,2961,2977,2986,2906,2944,2927,2975,2980,2922,2964
HG00148_FOCAD1	3937,3969,3972,3959,3965,3966,3526,3955,4011,3981
HG00149_ASB1	1988,1977,1988,1992,1971,1975,1995,2004,1995,1968,1999,2024,1977,1990,1986,1994,1992,1985,1926,1921,1985,1999,2002,1973,1892,1987,1988,1969,2104,1999,1921,1982,2001,1997,1973,1915,1819,2005,1983,1986,1830,1995,1994,1876,1982,1995,1996,1987
HG00149_CLASP1	2661,2982,2999,2580,2851,2677,3004,2995,2975,2986,2994,2991,3005,2988,2975,2979,2526,3006,2923,3003,2995,2986,2973,2896,2987,2978,2955,3011,3006,3002,2901,2985,2726,2960,2098,2917,2965,2924,2984,2830,3007,3032,2994,2978,2684,2996,2978,2968,2960,2958,2985,2953,3004,2973,3001,2789,2978,2973,2996
HG00149_FOCAD1	3969,3953,4377,4187,3956,4266,4100,3984,3991,4053,4346,4334,3971,3943,4263,4354,4248,3956,3670,4348,4157,3972,3512,3979,3965,4278,3928,4226,4360,4342,3977,4291,4333,4250,4352,4370
HG00152_ASB1	1967,1826,2011,1966,1968,1995,1998,1987,1979,2006,1994,1983,2002,1764,1938,1973,1996,2003,2003,2009,1982,2002,1989,1989,1985,2003,1995,1992,1996,1990,2000,1978,1953,1988,1987,1998,1962,1997,2005,1940
HG00152_CLASP1	2979,3003,2783,2982,3004,2953,2897,2996,2996,2952,2988,2959,3005,2996,2996,2978,2868,2974,2999,3002,2993,2998,3018,2994,2988,2980,2057,2995,2956,2959,2967,2945,2990,3007,2966,2985,2976,2945
HG00152_FOCAD1	4364,4384,4382,4012,3966,3980,3915,3977,4233,3927,4334,4362,4354,3970,3982,3983,3921,4369,4016,4225,4348,4000,3984,4304,4365,3932,3995,3911,4103,4036,4003,4364,4337
HG00157_ASB1	2007,1965,2162,2157,1881,1933,2168,2138,1998,1999,1802,1981,1984,1996
HG00157_CLASP1	2967,2990,3002,2988,2997,2867,2974,2983,3038,2987,2506,2996,2978,2854,2981,2800,2992
HG00157_FOCAD1	4355,3951,3936,3988,4377,4361,3892,3977,3952,3979,3980,4394,3545,4389,4372
HG00158_ASB1	1993,1983,2004,1974,1980,2010,1976,1991,1993,1981,1894,1997,2007,1966,2000,1967,1995,1988,2003,1990,2002
HG00158_CLASP1	2991,2723,3003,2951,3022,3015,3053,2968,3026,3000,2993,2500,3415
HG00158_FOCAD1	3974,3991,3958,3965,3636,3962,3975,3978,4004,3980,4078,3982,3963,3906,3988,3851,3894,3982
HG00159_ASB1	1981,2011,2351,2412,1979,2430,1976,2444,1982
HG00159_CLASP1	2915,2999,2881,2975,2990,2976,2955,2996,2949,3012,2862,2925,2984,2975
HG00159_FOCAD1	3751,3988,3887,3904,3993,3972,3801,3953,3949,3909,3997
HG00171_ASB1	1999,3333,3316,1913,3302,2004,2008,3317,1977,1931,3305,3231,3295,3316,3287,2168,1988,1983,2002,1999
HG00171_CLASP1	2994,2980,2952,2988,2965,2992,2776,2964,2999,2983,2936,2983,2988,2997,2974,3023,3000,2966,2976,3006,2963,2986,2887
HG00171_FOCAD1	3799,3981,4003,4374,3976,4369,4312,4340,4400,3974,4007,4153,4331,4364,3541,4378,3963,3967,3858,3980,3991,4338,3967,4366,3993,3901
HG00173_ASB1	1974,2411,2432,2430,2448,2361,1962,1981,1964,1985,1986,1997,2446,2442,2442,2000
HG00173_CLASP1	3004,2991,2999,3000,2829,2983,2989,2984,2969,2982,2976,3003,2976,2986,2953,2995,2992,2878,2978,3001,2989,2988,2995,2961
HG00173_FOCAD1	4335,4390,4001,4357,3909,4289,3977,3991,4397,4346
HG00188_ASB1	1998,1977,1999,1996,2397,2375,1892,2427,2004,1981,1951,2434,2447,2439,1993
HG00188_CLASP1	2993,2926,2959,2842,2970,2844,2984,2981,2993,3001,3002
HG00188_FOCAD1	3976,3987,3979,3993,3973,3984,4019,3952,3995,3990,3989,3992,3994
HG00190_ASB1	1997,2158,2161,2154,2038,1966,1972,2003,1999,2012,2148,1050,2155
HG00190_CLASP1	3146,2986,3148,3157,2893,3011,2492,3018,3117,3011,3011,3132,3149
HG00190_FOCAD1	3983,3976,4008,4000,3974,3992,3976,3442,4019,4001,3998
HG00235_ASB1	3329,3323,1935,2006,3312,3178,3292,2008,1973,1992,2021,3135,3303,1988,1975,1986,1999,1940,1992,1963,3306,3304,3282,1961,2008,3298,3312,2001,1923,4969,3223,3236
HG00235_CLASP1	3011,2976,2957,2974,2987,2990,2921,2997,2965,2564,2909,2984,2975,2865,2989,2964,2981,2969,2984,2939,3000,2988,2999,2972,2991,2995,2971,2981,2979,2952,2991,2971,2994,2885,2981,2971,2987,2975,3005,2825
HG00235_FOCAD1	4341,4343,4344,3960,4375,4363,4310,4076,4369,3984,4368,4357,3927,3948,4005,3932,3941,4084,4299,4006,4330,3980,3956,3873,4318,3993,4010,4371,3963,3908
HG00242_ASB1	2011,1994,1975,2178,1959,2142,1994,2013,1961,2142,2156,2007,1982,2124,2191,1994,1997,2136,2155,2007,1901,2001
HG00242_CLASP1	2985,2985,2994,2984,2986,3006,2990,3004,2990,2960,2962,3004,2931,2955,2922,2982
HG00242_FOCAD1	4382,4356,4301,4354,4356,4379,4355,4366,4370,4363,4369,4344,4342,4339,4381,4302,4368,4395,4253,4371,4327,4329,4361,4342,4361,4331,4364,4291,4359,4303,4340
HG00243_ASB1	2431,2426,2426,2421,2422,2421,2422,2444,2405,2431,2425,2448,2428,2441,2421,2437,2525,2448,2438,2409,2455,2431,2443,2425,2438,2440,2401,2406
HG00243_CLASP1	3095,3149,3150,2944,2870,2924,2993,3130,3098,2996,3102,2980,3115,3153,2936,3127,3154,2988,3131,2958,3132,2399,2985,3141,2999,2874,2992,2993,2978,3144,3172,3144,2948,3131,3087,2815,2952,3141,3161,2967,2984,2947,3004,3155,2992,2983
HG00243_FOCAD1	3942,3973,4012,3484,3539,3386,3659,3754,4000,3944,3939,3994,3997,3974,3983,3943,3961,3953,3957,3896,3975,3952,3931,3920,3942,3967,2332,3996,3955
HG00247_ASB1	1930,1972,2009,2000,1998,1933,1557,1986,2007,1984,2001,2019,2001,1633,2015
HG00247_CLASP1	2946,2991,2995,2943,2906,2912,2989,1871
HG00247_FOCAD1	4017,3978,3995,3988,3945,3951,3977,3951,3960,3888,3888
HG00252_ASB1	2399,1748,1978,2426,2445,2419,1971,1992,1967,2428,2440,2421,2434,2420,1948,1981,1902,2428,2415,1990,2444,1817,2428,1974,1999,1993,1998
HG00252_CLASP1	3017,2976,2999,2975,3005,2975,2975,3002,2986,2968,2989,2871,2956,2999,2905,2966,2969,3051,2998,2981,2939,2981,2976,2796,2962,2944,2947,2972,2993,2946
HG00252_FOCAD1	4341,3957,4393,3975,3964,4368,4362,4374,3921,3967,3972,4413,4189,4011,3966,3961,3996,3965,4371,4376
HG00254_ASB1	2438,2453,1990,2024,1999,2438,2396,1986,1999,2437,2430,2436,2013,1996,2441,1937,2414,2006,2427,1996,2420,2402,1989,2425,2445,2017,2443,2409,1921,1971,2021,1994,2491,2441,2437,2427,1985,2433,2002,2449,2434,2411,1997,2443,1947,1988,1368
HG00254_CLASP1	2910,2986,2998,2991,2863,2995,2931,2928,3005,2889,2982,2902,2889,2975,2990,2996,2990,3003,2974,2951,2985,2977,3028,2503,2639,3008
HG00254_FOCAD1	3641,4202,3473,3930,4004,4360,4009,4322,3817,3979,4003,4333,4010,4377,4390,3981,4367,3981,3995,3959,4002,4396,3814,4379,3991,4336,4355,3984,3838,3979,4356,3980,3762,4381,3929,4384,4329,4331,4324,4355
HG00255_ASB1	1970,1964,1957,1993,1976,1989,2002,1996,1989,1989,1995,1931,1975,2000,1997,1998,1962,1983,1989,1987
HG00255_CLASP1	3144,3005,2945,3132,2416,3152,3006,2978,3010,3063,9619,3119,3137,-2954,3160,3161
HG00255_FOCAD1	3937,3867,4006,3481,3980,3902,3938,3986,3935,3977,3979,3923,3797,4003,3967,3970,3972,3941,4013,3979
HG00258_ASB1	2324,2422,2448,2435,2444,2432,2444,2414,2378,2357,2421,2422,2450,2441,2433,2420,558,2449,2439,2341,2419,2429,2420,2417,2390,2443,2448,2329,2436,2426,2435,2421,2445,2397,2441,2326,2435,2362,2430,2432,2427
HG00258_CLASP1	2972,2987,3000,2994,2990,2976,3008,2982,2986,2999,2955,2845,3002,2543,3002,2952,2978,2999,2947,2985,2984,2931,2991,2682,2981
HG00258_FOCAD1	3978,4007,3890,3948,3988,3994,3987,3983,3921,3940,3986,3963,3994,3989,4002,3996,3962,3943,3975,3901,3970,3980,3979
HG00261_ASB1	2002,1769,1672,2001,1954,1912,1969,1988,2003,2002,1973,1990,2001,1950,1995,2007,2015,1981,1424,1990,1989,1998,2005,1988,1986,1982,1981,1997,1993,1997,2001,1997,2004,1963,1986,1952,1989
HG00261_CLASP1	2986,3159,2998,2533,2996,2986,3156,3160,3083,3000,2849,2982,3161,2878,3016,2992,3096,2983,2926,2898,3171,2960,2995,2993,3142
HG00261_FOCAD1	3980,4370,4356,4199,3705,4002,3962,3903,3916,3988,4327,4281,3986,4328,3925,4171,4322,4351,4004,3865,4297,3961,3979,4353,4340,4372,3983
HG00268_ASB1	1950,2441,1993,2441,2443,2436,1987,2442,2456,2003,2438,2425,1967,1999,2433,2418,2417,1998,1984,1992,2428,1941,2448,2019,1888,1987,2434,2525,1985,2428,1987,2409,2397,2440,1999,2442,1993,2008,2442,2401,2443,2446,1993,2436,2393,2290,2431,1971,2432,1998
HG00268_CLASP1	2985,2998,2992,2992,2978,3005,2906,3014,2959,3026,2960,2989,2939,2970,2942,3006,2940,2986,2950,2992,2972,2980,3004,2990,3249,2980,2967,2982,2945,2956,2971
HG00268_FOCAD1	3997,4376,4402,3991,4349,4349,4392,3980,3978,3978,4104,4380,4003,3987,4386,3976,3363,3970,4376,4007,3959,4109,4359,3992,3545,3943,4359,4322,4384,3750,3933,4247,4353,3980,4367,4381,3741,4373,3997
HG00269_ASB1	2431,2149,2443,2436,2129,2151,2048,2160,2442,2359,2436,2081,2161,2160,2115,2426
HG00269_CLASP1	2994,2995,2973,2991,2981,2996,2957,2979,2938,2986,2991,3008,2987,2970,2977,2999,2994
HG00269_FOCAD1	4399,4351,4373,4373,4271,4352,4371,4388,4371,4367,4382,4324,4371,4374,4355
HG00271_ASB1	2408,2282,2414,2287,2429,2265,2268,2274,2437,2430,2438,2272,2427,2275,2240,2270,2254,2269,2254
HG00271_CLASP1	3126,2835,3119,3170,3137,3003,2941,2986,2987,2989,3156,3197,3158,2986,3147,2749
HG00271_FOCAD1	4356,3901,4386,4363,4328,3952,4351,4355,4372,4314,4302,4356,3991,3971,4382,3988,4366
HG00273_ASB1	1983,1983,1987,1995,1995,1853,2004
HG00273_CLASP1	2996,2988,2999,2993,2967,3023,2975,2933,2999
HG00273_FOCAD1	4394,4369,4344,4375,4378,3999,3989,3974,4387,4358,4326
HG00274_ASB1	1995,1990,2014,2005,1986,1997,2001,1999,1964,1992,1981,1999,1999,1996,1982,1973,1991,1993,1995
HG00274_CLASP1	2961,3012,2975,2950,3000,2964,2965,2977,3003,2981,2933,2937,2920,2995,2983,2942,3004,2615,3028,2996,3005,3000,2976,2980,2990,2970
HG00274_FOCAD1	3971,3893,3982,3970,3941,3993,3971,3984,3984,4365
HG00278_ASB1	2434,2433,2419,2442,2438,1996,1987,2436,2426,1989,1971,1930,2444
HG00278_CLASP1	2984,2991,2945,3000,2843,2974,2996,2980,3015,2966,2988,2932,3011,2985,2617,2995,2962,2981,2998,2929,3018,2995,2997,2992,3366
HG00278_FOCAD1	4368,4358,4190,4371,4376,4339,4364,4349,4350,4368,4338,4308,4347,-3152,4325,4328,4352,4341,4362,4384,4347,4319
HG00282_ASB1	2011,2008,1978,1994,1970,2004,2017,2005
HG00282_CLASP1	3005,2960,2996,2987,2985,3005,3010,2995,3006,2972,2978,2964,2994,3000
HG00282_FOCAD1	3984,4126,3983,4359,3956,4344,3984,3996,4010,4391,3979,3974,4359
HG00284_ASB1	1980,1974,1968,1894,2005,1958,2002,1973,1991,2003
HG00284_CLASP1	2975,2987,2992,2939,2275,2970,2976,2984,3008,2990,2982,2984,2714,2980
HG00284_FOCAD1	3973,3814,4352,3989,3935,3781,4389,4273,4176,4350,3992,4326
HG00311_ASB1	1983,2001,1982,1962,1998,1995,2415,1994,2443,2007,1954,1969,2435,1964,2440,2228,1990,1990,2435,1993,1979,2426,1983,1973,1971,1992
HG00311_CLASP1	2649,2974,3001,2991,2982,2979,2792,2983,2977,3004,2949,3009,2992,2991,2988,2979,2973,3004,2998,2983,2831,2989,2920,2985,2998,2903,2992,2972,2988
HG00311_FOCAD1	4378,4363,4011,4361,4364,4003,3971,3994,4376,4353,4350,3984,4305,3945,4346,4340,3967,4348,4351,4279,3984,3971,3971,3977,4377,4323,4193,4342,4326,4399,4371,3945
HG00312_ASB1	1982,1982,3233,3319,1964,3292,1961,1968,3253,1933,3250,1947
HG00312_CLASP1	2929,3162,3094,2755,2977,2853,2876,3156,2792,2264,3162
HG00312_FOCAD1	4388,4361,4072,4181,4292,4352,4286,4374,4361,4256,4319,-6127,4315,4184,4325,4314,4338,4329,4291
HG00313_ASB1	1993,1958,1999,1844,1978,2005,1996,2036,1991
HG00313_CLASP1	3007,2977,2972,2287,2860,1535,2953,2977,2970,2994,2948,2993,3004,3002,2962,3003,2991,2981
HG00313_FOCAD1	6349,3953,4370,4372,4360,4384,4333,3990,4344,4378
HG00315_ASB1	2389,2428,2422,2008,2346,1961,1967,2031
HG00315_CLASP1	3002,2765,2988,2954,2994,3008,3000,3002,2978,2952,3003,2992
HG00315_FOCAD1	4187,4326,3677,4352,3613,4385,4338,3970,4384,4357,3992
HG00321_ASB1	2158,2422,2148,2154,2158,2154,2436,2111,2147,2433,2152,2451,2442,2428,2347,2459
HG00321_CLASP1	2981,2994,2999,2999,2950,3011,3020,2997,2483,3007,3010,2967,2941,2949,3002,2986,2989,2987,3001,2985,2989,3008,2996,2987
HG00321_FOCAD1	3990,3861,3982,3981,3929,3997,3965,3967,3963,3978,3953,3980,3969,3963,3557,3983,3951,3914,3847,3978,3981
HG00323_ASB1	2365,1993,1993,1991,2432,2431,1977,1990,1989,1980,2422,2004,2428,2417,2434,1978,2001,1994,2436,2005
HG00323_CLASP1	2977,3032,2994,2987,2992,3000,2995,2971,2996,2985,2976,2971,2954,2798,3014,2990,2995
HG00323_FOCAD1	3968,3982,3960,3998,4004,3829,4008,4008,3678,3987,3997,3977,4008,3873,3992,4003
HG00324_ASB1	2410,3273,2403,3298,3312,3314,3319,2395,3278,2424,3339,2358
HG00324_CLASP1	2991,2995,2792,2996,2993,3007,1706,2954,2706,3042,2997,2955
HG00324_FOCAD1	3988,4236,3991,3976,3966,-16457,4359,3949,4021,4355,4376,4009,4378,4353,4285,4010,4366,4336,4365
HG00325_ASB1	1994,2001,1921,1986,1988,1970,1993,1984,1937
HG00325_CLASP1	2992,2966,2972,2988,3005,2908,3013,2989,2999,2966,23509,2995,2995,2993,3001,3001,2982,2999,2948
HG00325_FOCAD1	3995,3999,4356,4374,3992,3997,4378,3941,4374,3970,4354,3619,3988,4377,4329,3967,4404,4372,4370,4382
HG00334_ASB1	1993,2011,2005,1900,1991,1975,1984,1999,1989,1980,2006,1955,1914,1975,2003,2001,2003,2005,1986,1974
HG00334_CLASP1	2969,2999,2989,2992,2976,3012,2998,2855,2982,2847,2984
HG00334_FOCAD1	3960,3977,3976,3977,3979,3983,3988,3979,3969,3952,3991,4002,3816,3888,3960,3874,3975
HG00335_ASB1	2406,2415,1936,1990,1940,2428,1965,1989,2429,2440,2443,2431,1992,2122,1984
HG00335_CLASP1	2986,2998,2928,2677,2958,2990,2974,2980,2991
HG00335_FOCAD1	4368,4340,4364,3962,4204
HG00336_ASB1	2102,2130,2147,1965,2161,2120,2136,2071,1979,1977,2003,2150,2142,1997,1940
HG00336_CLASP1	2724,2955,2979,2798,2966,2950,2960,2951,2975,2914,3000,2990,2956,2983,2859,2858,3008
HG00336_FOCAD1	3971,3910,3847,4065,3787,3967,4259,4357,4351,3934,3953,4316,4228,3998
HG00338_ASB1	2148,2135,2433,2405,2125,2439,2423,2132,2143,2114,2155,2167,2431,2233,2157,2420,2435
HG00338_CLASP1	2986,3001,3015,2974,2993,3011,2919,2928,2917,2986,2983,2941,2889,2989
HG00338_FOCAD1	3772,3987,3961,3893,3995,3860,3913,3962,3976,3967,3930,3911,3828,3953,3977,3935,3959
HG00342_ASB1	1990,1960,1986,2445,2445,2420,2005,1950,1998,2431,2420,2433,1986,1994,2001,1983,1980,1963,2393,2423
HG00342_CLASP1	2995,2975,2985,2948,2997,2956,2994,3006,3027,2986,2958,2982,2945,2987,2990,2997,2951,2914
HG00342_FOCAD1	4353,3918,4359,4383,3982,4379,4373,3933,3998,3994,4374,4371,3994,4306
HG00346_ASB1	2001,2005,1984,1974,1976,2006,1972,1909,2021,2009,1971,2008,2001,2003,1998,2015,1996,1987,1994,1987,1994
HG00346_CLASP1	2329,2991,2936,2867,2986,2858,3002,2986,2995,2743,2996,2949,2994
HG00346_FOCAD1	3985,3953,3981,3798,4338,3971,4368,3985,4370,4009
HG00349_ASB1	1970,1972,1992,1994,1988
HG00349_CLASP1	2960,2974,2979,2947,2793,2930,2972,2984,2989,2933,2975,2957,2951,2972,3000,2962
HG00349_FOCAD1	3949,3989,3969,3862,3961,3968,3851,3988,3993,3978,3718,3945,3995
HG00357_ASB1	2004,1979,1991,2002,1961,1935,1986,1966,1981,1890,1962,1988,2004,1906,1861,1994,1989,1998,1968,1979,1936,2001
HG00357_CLASP1	3014,2753,2994,2917,2959,2996,2984,2986,2977,3001,3003,2986,2990,2973
HG00357_FOCAD1	4305,4355,4332,4388,4365,4366,4351,4351,4352,4362,4351,4346,4327,4405,4362,4371,4363,4361,4318,4378,4306,4341,4363,4360
HG00360_ASB1	2400,1982,2443,1993,1975,2455,1992,2442,2445,2428,1942,2441,2420,2449,2020,2387
HG00360_CLASP1	2979,2996,2979,3029,2976,3003,2999,2982,2991,2979,2956,2996,2983,2948
HG00360_FOCAD1	4370,3983,3950,3990,3929,4406,3988,4359,3991,4250,4337,3892,3990,4362
HG00361_ASB1	1976,1976,1999,2005,1990,1802,1964,1994,1952,1997,2002,1993,1981,1940,1993,1995,1991,1994,1985,2007,1984
HG00361_CLASP1	2943,2850,2974,2467,2980,2787,2990,3017,2969,2994,2942
HG00361_FOCAD1	4333,4265,4274,4340,4244,4321,3549,4360,-17991,4373,4359,4151,4378,4367,4363,4240,3734
HG00365_ASB1	1996,2010,1875,1897,2016,1878,1993,1984,1984,1879,1997,1986,1873,1841,1890
HG00365_CLASP1	2986,3007,3014,2994,2977,2987,2953,2958,2960,2995,2959,2990,3009
HG00365_FOCAD1	4337,3955,3990,2618,3961,4007
HG00367_ASB1	2412,2379,2432,2416,2430,2478,2427,2440,2441,2403,2425,2426,2435
HG00367_CLASP1	2821,3000,3012,2986,2994,2987,2997,2983,2902,2876,2961,2995,2774,2999,3002,2485,2766,3002,2993,2962,2981,2948,2916
HG00367_FOCAD1	4101,3658,3835,3930,4362,3990,4321,3995,3962,3839,3961,3768
HG00368_ASB1	2412,1839,1983,1890,2451,2013,2439,1975,1894,1961,1998,2252,1952,2012,1981,2433,2405,2450,1984,1983,1984,2414,1926,1994,1972,2393,2259,2394
HG00368_CLASP1	2954,2976,2926,2662,2989,2972,3098,3005,2656,2989,3002,3140,2985,3156,2927,3163,2991,2748,2990,2888,3160
HG00368_FOCAD1	4214,4155,4369,4364,4365,3933,3938,4092,3975,3972,4209,4042,4348,4323,3791,4304,3983,3870
HG00377_ASB1	3314,3307,3313,3310,3240,3275,2437,2378,2435,3306,2426,3289,2443,2426,3282,2398,3314,3277,2440,3312,2342,3292,3347,2434,3298,3292,2434,3293,2441,3314,2432,2410,2437,3300,3313,2543,3198,3297,2437,2433,2442,2443,2446,2434,3302,3305,3295,2426,3299,3310,2440,2445,2402,3302,2400,2423,3270,2427,3311,2437,2415,3283,2412,3218,3264,3327,2408,3264,2381,2446,3315,2451,3005,3255,3304,2432,3266,2351,2438,3287
HG00377_CLASP1	3002,2989,2996,2971,2988,2994,2980,2979,3001,2994,2987,2998,2997,2890,2968,2972,2989,2953,2982,2983,2991,2989,2982,2995,2957,3019,2983,2858,2998,2984,2983,2979,2941,2995,3006,2970,3003,3006,2998,3022,2953,2993,2991,2989,3002,2980,2982,2990,3006,2986,3001,2959,2966,2986,3007,3004,2988,1914,2915,2958,2935,3017,2930,2874,2977,3001
HG00377_FOCAD1	4360,3943,3995,3667,4300,4370,4369,3993,3998,3951,4360,4353,3995,3938,3983,3974,4310,3948,3973,3817,4354,3919,3999,3984,3989,4397,3959,4336,4229,4341,4385,3995,4355,4369,3987,4318,4352,4286,4140,4372,3441,4347,4011,3985,4011,4002,4378,4378,4005,4375,4369,4343,4356,4301,3980,4327,3964,3987,4029,4338,4312,3935,3965,3970,3885,3973,4363,3934,4003,3987,4340,3958,4365,4382,4066,3960,4358,4373,4286,4355,4362,4344,4335,4119
HG00378_ASB1	2103,1981,1937,1963,1963,1891,1990,1992,2171,1994,2146,1995,2139,1934,1962,1988,1836,2134
HG00378_CLASP1	-26381,2884,2743,2871,2967,2805,2492,2971,2964,2986,2997,2858,2946,2992,2996,2909,2999,2980,2526,2969,2961
HG00378_FOCAD1	4262,3737,4362,4342,4362,4335,4361,3898,4392,3699,4146,4168,4146,3920,3975
HG00381_ASB1	1991,2419,2401,2406,1998,2443,2448,1989,2199,2432,2378,1949,2431,1992,2437,2417,2427,2422,1950,1947,1997,1998,2415,1984,2009,1988,2433,2394,2430,2406
HG00381_CLASP1	2993,2872,2956,2993,2992,2990,2844,2964,2900,2491,3000,2984,2985,2972,3007,2975,2994,2978,3006,2996
HG00381_FOCAD1	3986,4011,3941,3960,3975,3969,3904,3950,3646,3972,3773,3983,4028,3981,3983,3985,3879,3968,3983,3946,3986,3969,4005,3978,3944,3964,3423,3995,3991,3995,3975,3989,3982
HG00404_ASB1	1992,2005,1995,2000,1769,2006,2007,1971,1918,1933,2003,1959,1993,1991,2002,1892,1991
HG00404_CLASP1	2996,2986,2975,2979,2992,2953,2972,3004,2988,3009,2996,2992,2996,2997,2990,2990,2994
HG00404_FOCAD1	3980,3988,4366,4313,4352,4364,3981,3970,3778,4002,3994,4305,4002,3959,3809,4371,4001,3754,4365,3986,3994,4309,4312,4364,3966
HG00407_ASB1	2007,1931,2013,2003,1987,1997,1998,1970,1994,1998,2008,2000
HG00407_CLASP1	2979,3138,2998,3156,3139,3143,3149,2958,2988,2983,3119,2995
HG00407_FOCAD1	4123,4405,4352,4359,4356,4370,4367,4320,4350,4359,4329,4341,4305
HG00409_ASB1	2006,2412,1991,2418,2006,2422,1991,1959,1987,2428,1956,1996,2401,1988,1972,1954,2436,2691
HG00409_CLASP1	2964,2926,2949,2999,2391,3009,2995,2984,3004,2977,2685,2997,2924
HG00409_FOCAD1	4390,4349,4348,4278,4386,4186,4374,3648,4352,3996,4356,4315,4356
HG00418_ASB1	1986,1930,1992,1988,1984,1990,1991,1975,1986,1984,2002,1993,1994,1948,1744
HG00418_CLASP1	2977,3006,2989,2992,3003,2964,2986,2997,2971,3004,2991
HG00418_FOCAD1	4375,4363,4389,4351,4353,4304,4163,4375,4317,4368,4376,3390,4357,4387
HG00419_ASB1	1967,1979,1997,2008,1994,2002,1984,1922,1990
HG00419_CLASP1	3093,3144,3132,3169,2972,2984,3049,3009,2991,2949,3142,3013,2965,3013,2340,3168,3151
HG00419_FOCAD1	3989,3987,3989,3976,4054,3974,3955,3995,3877,3987,3991
HG00420_ASB1	1997,1948,2006,2001,2000,1989,1998,1979,1793,1961,2007,1936,2004
HG00420_CLASP1	2954,2827,3142,2922,3117,2950,2959
HG00420_FOCAD1	3913,4357,4311,3982,3571,4005,4345,4159,4249,3894,3897,3671,4297,4263,3975,3823,404,3903,3945
HG00427_ASB1	2260,2011,2207,2292,1991,2187,2246
HG00427_CLASP1	2981,3008,2990,2971,3001,2978,2580,2993,3005,3015,2946,2994,2990
HG00427_FOCAD1	4324,4379,4378,4034,3989,4388,3995,4339,4368,4341,3961,4356,3699
HG00436_ASB1	3334,1989,1993,2000,1966,2986,1885,2009,1954,1995,3309,1957,1698,1994,1995,2005,1982,3302,1895,1942,1984,3266,1419,3321,3295,3295,3301
HG00436_CLASP1	2992,2966,3006,2942,2896,2976,3011,2996,2962,2990,2963,2986,2972,3002,2943,-1630,2950,2975,3025,2933,2961,2984,2938,2929,2997,2973
HG00436_FOCAD1	4347,4047,3965,3986,4343,4275,4346,4186,3667,3984,3785,4320,4340,3835,4340,4381,2588,4352,3815,3982,4360,4248,4305,3930
HG00442_ASB1	2437,2000,1885,2431,1983,2376,2003,2418,1999,2432,1998,2446,1993,1918,2344,2430,2447,1963,1954,2420,1900,1974,1987
HG00442_CLASP1	3127,3000,2986,2982,2941,3154,2982,3003,2945,2962
HG00442_FOCAD1	3966,3975,3930,4005,3869,3898,4280,3983,4357,3993,3894,4392
HG00443_ASB1	2028,1840,1990,2037,2005,1985,2035,1979,2037,2035,1978,2016,1944,1980,2002,-1101,1996,2014,2015,2000
HG00443_CLASP1	3092,3156,3110,2949,2598,3131,3116,2969,2973,3142,2565,3128,2997,3017,3162,2980,3141,2990,3135,2987,3118,3034,2992,3007
HG00443_FOCAD1	3981,4368,4276,4384,4017,3962,4357,4361,4393,3998,3991,4365,3947,3994,4342,4002,4339,4365,4362,4358,3998,4339,4372,4021,4293,4348,3982
HG00446_ASB1	2199,2282,2279,2435,2421,2248,2426,2456,2439,2442,2120,2388,2285,2282,2437,2440,2269,2413,2267,2279
HG00446_CLASP1	2988,2992,2152,2971,2993,2998,3019,2991,2987,2947,2989,2984,2994,2954,2673,2898,3000,2945,2932,3004,2979,2952,2721,3008,2986,2946,2904
HG00446_FOCAD1	4008,3998,4330,4345,3621,3984,3972,4356,4109,4362,3963,3896,4283,3972,4335,3565,4333,4374
HG00449_ASB1	2271,1989,1981,1971,2007,1984,2285,1999,1795,2263,1975,2250,1867,1980,2201,2057,1989,1797,2190,2277,2285,2203,2260
HG00449_CLASP1	3056,3079,3131,2973,3103,3094,3175,3079,3123,3131,2998,3096,3133,3220,3100,3107
HG00449_FOCAD1	3962,3980,3980,3745,3986,3867,3937,3980,3954,3880,3963,3925,3961,3954,3984,3942,3991,3987,3988,3972
HG00452_ASB1	2135,2007,2107,1988,2158,1947,1971,1988,1986,2101
HG00452_CLASP1	2994,3006,2977,2992,2989,3005,2981,3032,2972,2962,3009,2984,2989,2924,2955,2722,3003
HG00452_FOCAD1	4372,4333,4245,4356,4359,4365,4367,4182,3975,4344,4360,4289
HG00464_ASB1	2440,2420,3238,3312,2373,3262,3291,2425,2050,2921,2413,2429,3322,2432,3257,3323,2447,3281,3196,2446,3323,2418,3291,2440,2275,2442,-13514
HG00464_CLASP1	2983,3010,2074,2977,3001,2696,2973,2969,2987,2991,2971,2940,3003,2923,2990,2993,2977,2986,2939,2999,2925,3002,2993,2981,2957,2983,2972,2991,2983,2948,2602,2988,2883,2689,2852,2989,2752,2796,2959,2728,2994
HG00464_FOCAD1	3921,3889,3861,3995,3925,3667,3857,3976,3865,4013,3476,3974,3905,3397,3890,3851,3990,3984,3973,3207,3937,3988,4000,4003,3871,3982,3909,3958,3946
HG00472_ASB1	2456,2429,2443,2448,2442,2403,2411,2427,2465,2458,2439,2451,2403,2414,2392,2448,2442,2441,2405,2428,2426,2425,2425,2454,2442,2424
HG00472_CLASP1	3152,2996,2971,2852,3149,2952,3007,3117,2997,2993,2985,2997,2988,2986,2978,2956,3152,3058,2998
HG00472_FOCAD1	3989,3976,3945,4223,4367,4369,3951,4380,3999,3994,3958,3963,4347,3872,4359,4380,4336,4378,3953,4399,3975,3845,4368,4378,3919,4390,3979,4369,-508,3986,3996,3984
HG00475_ASB1	1988,1948,1991,1950,1992,2265,1978,1998,1991,1999,1991,1981
HG00475_CLASP1	2989,3160,2984,2992,2982
HG00475_FOCAD1	4370,4365,4373,4362,4355,4354,4364,4327
HG00479_ASB1	2004,2434,1999,1999,1990,2406,1986,1994,1996,1965,2000,2437,2428,2409,1973,1993,2411,2433,2445,1984,1953,1984,2442
HG00479_CLASP1	3167,2923,2978,2951,3171,2940,3156,3074,2995,2999,3030,3166,2908,3123,3172,2969,3161,2999,3131,2997,3167,3162,3015,2989,3158,3154,3160,2920,3014,3155,3166
HG00479_FOCAD1	4349,4367,4336,4381,3998,4357,-35760,4372,4354,4251,4332,4376,4271,4392,4358,4308,4382,4374,4188,4358,4360,4382,4284,3960,4367,4331,4363,4326,4330,4369
HG00513_ASB1	2000,1994,2093,2000,2009,2009,1627,2265,1986,1983,2238,2013,1990,2007,2272,2270,1987,1985,1988,2284,1993,1967
HG00513_CLASP1	2989,3000,2984,2966,2994,2990,2976,2911,3000,2994,2980,2981,2957,2983,2961,2928,2977,3011,2981,2987,3001,2986,3007,2957
HG00513_FOCAD1	3898,4342,4222,3461,4384,4384,4302,3979,4370,3983,4009,3947,3978,3955,4061,3990,4334,4365,3938,3941,4332,4009,3985,3978,3916,4352
HG00530_ASB1	2411,1967,2003,2430,1955,1996,1983,2392,2353,2005,1955,2430,2002,2435,2424,1978,1994,1968,2006,2005,2441,2432
HG00530_CLASP1	3151,3052,3141,3114,3100,3116,3129,3156,3090,3150,3083,3022,3121,2695,3102,2791,3129,3011,3110,2905,3153
HG00530_FOCAD1	3810,4344,3998,3228,3941,4363,3984,4347,4377,3985,4392,4370,3970,4340,3963
HG00537_ASB1	2440,3309,2426,3252,3273,3077,2443,2435,2395,3309,3274,2431,2421,2416,2409,2445,2447
HG00537_CLASP1	3140,3156,3142,3001,3109,2968,2999,2924,3050,2992,3036,3147,2989,2956,3064,2975
HG00537_FOCAD1	4357,4381,4395,4338,4376,4325,4348,4002,4353,4347,4370
HG00551_ASB1	1990,2423,2423,1975,2423,2391,2346,2383,2439,1961,2374,1727,2005,1994,1991,2280,2435,2344
HG00551_CLASP1	3154,2882,3005,3152,2977,3032,2985,2962,3201,3035,3000,3001,2974,3165,3057,3078,3156,3174,2991,2932,2953,2994,3127
HG00551_FOCAD1	3759,3933,3960,3777,3641,3948,3986,3959,3375,3985,4000,3903,3717,3868,3701,3888,3803,3928,3948
HG00565_ASB1	1996,1995,1967,1994,1982,1970,1995,1988,1970,2013,1976,1992,1996,1975,1995,2016,1986,1997,1986,1965,1989,1988,2003
HG00565_CLASP1	2990,2982,3161,3106,2990,3145,2961,2993,2956,-15341,3159,2997,2993,3005,2989,2493,3138,3008,2990,2951,3105,2867,3129,3032
HG00565_FOCAD1	4373,4364,4341,4363,4365,4353,4340,4335,4373,4334,4381,4350
HG00566_ASB1	2243,2246,3316,2269,2268,2269,2265,3317,3272,3304,3315,2278,2290,2262,3320,2275,3292,2272,3295,3184,2296,3277,2244,3308
HG00566_CLASP1	2994,3137,3129,3158,2943,3000,3141,3003,2980,2974,3155,3140,2975,3008,3124,2782,3126,2985,3006,2993,2950,3143,2822,3115,3152,2968,3154,2961,2986
HG00566_FOCAD1	3982,3991,3984,4005,3993,3949,3940,3995,3973,3843,3945,3996,3980,3969,3990,3850,3957,3976,3976,4012,3857,4002
HG00583_ASB1	2419,1986,1998,2452,1994,1993,2422,1873,1979,2435,2414
HG00583_CLASP1	2996,2995,3002,2991,2994,2968,2988,3010,2993,2976,3008,2985,2978,2851,3001,3012
HG00583_FOCAD1	4325,4329,4339,4373,4288,4339,4363,4241,4347,4299,3941,3480,4316,4284,4379,4363,4356
HG00584_ASB1	1983,2009,1963,1739,1918,2017,1961,1988,1980,1976,1982,1866,1995,1978,1877,1865,2000,1951,1959
HG00584_CLASP1	2940,2970,2942,2977,2924,2973,2986,2967,2977,2987,2982,2986,2946,2950,2953
HG00584_FOCAD1	4354,3961,4351,3984,3761,4341,3987,4305,3600,4373,3991,3966,3994,4345,4367,4352
HG00589_ASB1	2283,2142,2151,2165,2167,2280,2136,2209,2127,2281,1969,2154,2277,2290,1922,2233,2157,2274,2133,1721
HG00589_CLASP1	3140,3132,2965,3148,3005,2990,3140,3010,2993,3158,3067,2822,3129
HG00589_FOCAD1	3969,3466,3984,4355,4298,4394,3889,4317,4349,4337,3682,4377,4352
HG00596_ASB1	2284,2282,3305,3274,3325,3321,3316,3326,2270,2262,2264,3319,2279,2274,2276,3242,3319,3275
HG00596_CLASP1	3134,3134,2968,2977,2888,3161,3153,3171,2775
HG00596_FOCAD1	3948,3995,3974,3898,4005,3965,3871,3948,3942,3946,3977,3677,3978,3999,3922,3941,3987,3935,3993,3965,3958
HG00607_ASB1	2271,1985,2288,1984,1997,2276,2269,2284,1964,2267,1991
HG00607_CLASP1	3122,2996,13735,3126,2974,3137,3163,3001,2999
HG00607_FOCAD1	4360,4294,4374,4369,4368,4337,4344,4399,4352,4356,4328,4315,4359,4369,4376
HG00608_ASB1	1986,3304,3288,1950
HG00608_CLASP1	2982,2949,2960,2961,2957,2979,2980,2191,2992,2977,2978
HG00608_FOCAD1	3948,3953,3892,3982,3968,3993,3953
HG00610_ASB1	1988,1990,1932,2339,2005,1961,1935,2450,1975,2435,1965,2008,1987
HG00610_CLASP1	2988,2990,2345,3009,2984,2976,2944
HG00610_FOCAD1	3943,4360,3952,3957,3970,4365,4386,3971,4348,4368
HG00619_ASB1	1989,1990,2246,2283,1991,2275,2272,1970,2002,2275,2275,2267,2286,1990,2266,1951
HG00619_CLASP1	2987,2982,2996,3000,3000,2996,2972,2994,2998,2971,2953,2950,2994,3005,2973,2971,2997,2981,3000,2990,2964,2935,2954,3012,2988,3001,2848,-1521,2922,2673,2975
HG00619_FOCAD1	4362,4306,3966,4302,4368,3992,3948,4256,4314,4372,3764,3976,4009,3979,3940,4321,4358,4353,3972,4362,4381,3957,3989,4350,4359,3940,4366,3948
HG00622_ASB1	1981,1951,2278,1993,2168,2267,2293,1992,1984,1990,2251
HG00622_CLASP1	3001,2964,2989,3121,3174,2989,3155,2996,3165,3170,2965,3151,3163,2938,2393
HG00622_FOCAD1	3982,3977,3975,3990,3932,3996,3934,3940,3996,3985,3011,3967,3989,4032,3992,4024
HG00626_ASB1	2285,2429,2439,2408,2425,2282,2248,2427,2286
HG00626_CLASP1	2976,2895,2958,2994,2991,2984,3004,2986,2942,2981,2995,3011
HG00626_FOCAD1	4332,4360,4353,4395,4263,4362,4351,4336,4265,4370
HG00632_ASB1	2002,3306,2006,2008,3331,3310,2009,3296,1981,3304,3277,3333
HG00632_CLASP1	3015,2992,3140,2957,3173,3177,3110,3149,2994,3152,3162,3164,3008,2986,2983,2803,2997,2983
HG00632_FOCAD1	4369,4008,3709,3902,3647,4390,4357,4362,3980,4359,4382,3885,4387,3968,3989,3607,3960,3972,3999,3949,4353,4379,4351
HG00634_ASB1	2001,3312,3289,1987,3320,3305,3315,3317,3306,3338,1997,2006,3312,1996,1965,3297,3299,1993,1987,1994,1979,2009
HG00634_CLASP1	2984,2960,2993,2921,2995,2981,2983,2971,2998,2999,2994,3004,2999,2943,2984,2967,2942,2985,2980,2991,2958,2594
HG00634_FOCAD1	4357,4144,4333,4347,4394,4371,4207,4377,4383,4063,4289,4361,-21039,4257
HG00637_ASB1	1989,1912,1974,2281,1994,2278,1997,1983,2253,2275,2284,2263,2273,2278,2263,1997,2000,2231,1954,2264,2250,2274,1982,1972
HG00637_CLASP1	2988,3151,3148,2972,2991,3134,3145,2595,3007,2980,2981,3001,3150,2512,2993,3135,3130,2972
HG00637_FOCAD1	3995,3978,4008,3888,3990,3832,3995,3881,3979,3977,3990,3987,3984,4016,3120,3995
HG00641_ASB1	2411,2444,2431,2425,2407,2451,2445,2441,2419,2401,2443,2417
HG00641_CLASP1	2993,3003,2935,2953,2964,2967,3001,2988,3002,2999,3004,3001,2993,3001,2934,2992,2986,2997,3010,3016,2931,2990,2955,2906,2995
HG00641_FOCAD1	3989,3999,3981,3999,3926,3940,3878,3988,3970,3962,3987,3994,3971,3978,3969,3990
HG00650_ASB1	3266,3266,3299,3301,3317,3267,3289,3330,3292,3309,3270,3308,3304,3345
HG00650_CLASP1	2987,3133,2940,3203,3056,3096,3124,2998,2945,2842,3174,2995,2979,3151,2956,3131,2990
HG00650_FOCAD1	4365,4327,4285,4391,4361,4345,4332,4333,4383,4360,4347
HG00651_ASB1	1985,2278,2270,1980,1993,2253,2287
HG00651_CLASP1	2985,2963,3011,2985,3007,2959,2997,3000,2362,2994,2937,2988,2992,2942
HG00651_FOCAD1	3970,3987,4343,3987,4375,3989,4314,3981,3993,3986,4366,4001,4406,4006,4348
HG00657_ASB1	2279,2213,3322,2281,2276,3296,2264,3318,3235,2234,3253,3329,2240,2275,2090,2228,3262
HG00657_CLASP1	3004,2978,2968,2987,2970,2942,2991,2997,2974
HG00657_FOCAD1	3944,3865,3967,3998,3848,3977,3982,3952,3816,3987,3991,4007,4003,3946,3973,3972,3968,3990
HG00684_ASB1	1987,2006,1975,2011,1996,1980,1986,1984,1979,1994,1992,2000,1984,1989,1958,1989,1996,1996,1968
HG00684_CLASP1	2890,2977,2934,3010,3001,3001,2985,2973,2824,3006,3120,3157,3127,2989
HG00684_FOCAD1	4279,4307,3939,4377,3891,3997,3949,4365,3964,3962,4003,3985,3742,4347
HG00692_ASB1	1977,1907,1991,1997,1988,1988,1965,1998,2099,2139,1987,2148,1932,2145
HG00692_CLASP1	2898,2987,2961,2658,2985,3171,2924,3169,3151,2982,2995,2997,3002,2980,3176,2924,3140,2992
HG00692_FOCAD1	3801,3907,3982,3969,3987,3971,3925,3966,3969,3932,3969,3949,3908,4005,3981,4002
HG00702_ASB1	3311,2149,3300,2161,3304,2164,2159,3222,3320,2147,2148,2136,3279,1928,2142,3307,3258,3311,2144,2132,2154,2136,2150,2151
HG00702_CLASP1	2992,2995,2970,2959,2975,2990,2955,2985,2970,2995,2961,2962,2989,2981,2981,2992,3010,2981,3009,2949,2971,2999,2966,2971,2963,2994,2995,2992,2975,2963,3008,2913,2968
HG00702_FOCAD1	3976,3951,3936,3890,3986,3984,3981,3893,3987,3986,4030,3957,3991,3993,3979,3708,3977,3951,3996,3983,3991,3949,3925,3868,3995,3988,3987
HG00717_ASB1	1974,1907,1994,1959,1990,1966,1976,1977,1987,1984,1984,1999,1997
HG00717_CLASP1	3132,3120,3079,3091,3131,3087,3144,3121,3143,3154,3150,3143,3155,2960,3165,3083,3132,3148,3135
HG00717_FOCAD1	3933,3955,3619,3996,3963,3978,3977,3945,3956,3986,4000,3981,3994,3976,3918,3991,3944,4001,3969,3914,3716,3987,3978,3940,3989,3983,3989,3978,3567,3923,3980,3984
HG00731_ASB1	1995,1869,1929,1991,2009,2428,2246,1962,2425,1995,2321,1672,1986,2437,2347
HG00731_CLASP1	3150,2999,3032,2985,3150,2971,3134,2998,3157
HG00731_FOCAD1	3989,-12182,3964,3904,3960,4007,3895,3955,3960,3946
HG00736_ASB1	1989,1991,2405,2434,2437,2434,2423,1972,2431,1997,2431,1979,2437,2431,1988,2011,1971,1985,2365,1993,1981,2416,1999,2436,2004
HG00736_CLASP1	2991,2830,2966,2992,2992,2932,2975,2888,2996,2997,2977,2974,3005,2998,2983,3007,2974,2936,2847,2982,2987
HG00736_FOCAD1	4356,-42202,4346,4367,4358,4340,4318,4355,4364,4336,4369,4372,4367,4325,4214,4358,4287,4371,4214,4359,4308,4365
HG00737_ASB1	2008,2002,1983,1556,1990,1961,2004,2000,1945,1993,2003,1989,1993,2007
HG00737_CLASP1	2994,3103,3150,2857,3107,3159,2997,3002,2997,3117,3138,3007,2942,2942,3153,2989,3148
HG00737_FOCAD1	3971,3980,3646,3981,3958,3976,3992,3969,3990,3971,3990,3975,3897,3983,3977,3985
HG00739_ASB1	2382,2426,2474,1983,1989,2427,2430,1982,2437,2424,2002,2435,2442,1993,2412,1868,2416,1976,2426,1992,2454,2457,2456,1988,2413,2000
HG00739_CLASP1	3144,3157,3145,3155,2976,3084,2989,2975,3183,3117,2981,3148,3155,2982,3192,2996,3103,2922,3002,7434,2939,2917,2476,2979,3001,3002
HG00739_FOCAD1	3989,3924,3982,3952,3969,3967,3974,3981,3970,3982,3981,3986,3995,3973,3992,3981,4010,3996,4010,3963,3965,3996,3987,3579,3940,3985,4007,3988
HG00740_ASB1	1998,3775,1985,1999,-15238,3762,3769,3782,3833,1991,3766,3613,3730,3780,2004,3792,2007,1995,3807,1974
HG00740_CLASP1	3129,3125,3129,3146,3128,3082,3167,3165,3143,3168,3176,2053,3167,3153,3156,3160,3140,3184,3155,3114,3160,3138,3140,3176
HG00740_FOCAD1	3967,3810,4021,3976,3995,3803,3933,3981,3836,3991,3985,3969,3986,3972,3979,3979,3972,3954,3988,3985,3941,3995
HG00759_ASB1	1983,1993,1993,1992,1972,1999,1996,2001,1987,2013,1996,1870,1989,1980,1976,1960,1983,1992,1998,1985,1988,1964,2001,1989
HG00759_CLASP1	2997,2993,2994,3053,2746,3012,2931,2966,2978,2896,2983,2997,2980
HG00759_FOCAD1	3963,3471,3691,4015,3925,3962,3978,3831,3976,3985,3982,3792,3983,3983,3890,4006
HG00766_ASB1	2003,2009,2007,1970,2000,1977,1827,1996,1975,1972,1595,1989,1992,1986,2004,1964,2007,1963,1929,2015,2006,1982
HG00766_CLASP1	2989,2950,2951,2970,2966,3010,2967,3022,2976,2990,2963,2931,2995,2985,2960
HG00766_FOCAD1	4348,4388,4363,4365,4371,4366,4223,3706,4369,4365,4342,4372,4351,4298
HG00844_ASB1	2006,1984,1894,2386,2443,2002,2432,2409,1998,2434,2001,2442,2423,1993,1988,1997,1989,1991,6687,2448
HG00844_CLASP1	3148,3042,3149,3136,3149,3174,3082,3140,3142,3127,3137,3019
HG00844_FOCAD1	4323,4342,3981,4378,3979,4354,3956,4350,3952,3986,4364,3928,4383,4347
HG00881_ASB1	1966,2446,2386,2438,2448,2447,1988
HG00881_CLASP1	2893,2987,2962,2969,2985,2989
HG00881_FOCAD1	3929,3991,3934,3972,3949,3954,3972,4009,3923,3968,3986,3935
HG00982_ASB1	1988,1992,1982,1997,1961,1994,1999,1993,1977,1996,1990
HG00982_CLASP1	2981,3110,3124,3139,3004,2999,3003,3162,3154,3175
HG00982_FOCAD1	3984,4369,4368,3921,4355,3974,3808,3900,4261
HG00983_ASB1	2425,2447,2440,2442,2442,2435,2437,2424,2445,2444,2429,2407,2440,2424,2421,2262
HG00983_CLASP1	2969,2978,3006,2763,2994,2998,2997,2999,2877,2993,3004,2959,3011,2990
HG00983_FOCAD1	4293,4328,4391,4305,3996,4001,3982,3972,3983,3977,3860,4371
