NA21127	FOCAD1	2146,2174,2151,2165,2157,2166
NA21142	FOCAD1	2534,2548,2516,2147,2150,2532
NA21142	ASB1	1595,1156,1597,1156,1159,1603,1156,1602,1591,1595,1120
NA21127	ASB1	1172,1171,1156,1147,1155,1153,1154,1157,1153,1158,1144,1166,1159,1161,1163
NA21126	FOCAD1	2156,2552,2541,2534,2414,2147,2557,2167,2171,2530
NA21127	CLASP1	2153,2176,2200,2172,2199,2185,2201,2200,2196
NA21142	CLASP1	2181,2332,2223,2289,2344,2348,2268
NA21126	ASB1	1151,1158,1609,1157,1599,1162,1163,1597,1604,1596,1159,1145
NA21126	CLASP1	2410,2381,2187,2312,2345,2191,2182,2355,2352,2202,2207,1403,2205,2210,2340,2361,2197
NA21120	FOCAD1	2103,2160,1905,2147,2133,2144,2129,2044,2172,2159,2167,2150,2142
NA21124	FOCAD1	1945,2541,1977,1967,1952,2537,2549,1729
NA21118	FOCAD1	2137,2155,2143,2156,1508,2160,2174,2131,2167,2147,2162,2554,2526,2524,2549,2146
NA21124	ASB1	1154,1583,1155,1155,1158,1157,1597,1161,1575,1597,1575,1600
NA21120	ASB1	1157,1604,1599,1111,1597,1595,1161
NA21118	ASB1	1164,1601,1597,1256,1155,1161,1162
NA21120	CLASP1	2362,2348,2203,2193,2361,-1543,2179,2201,2196
NA21124	CLASP1	2210,2200,2193,2200,2205,2143,2205,2196,2177
NA21118	CLASP1	2202,2204,2192,2187,2201,2165,2193,2207,2162
NA21117	FOCAD1	2435,2434,2489,2530,2473,2537,2546,2370,2475,2506
NA21117	ASB1	1129,1083,1162,1114,1119,1158,1165,930,1147,1162,1117,1156,980,1161
NA21117	CLASP1	2190,2161,2204,2119,2093,2202,2183,2195,2183,1986,2165
NA21111	FOCAD1	2175,2157,2133,1944,2162,2153,2109,2128,2153
NA21114	FOCAD1	2521,2538,2541,2536,2149,2523,2542,2532,2156,2536,2530,2522,2165,2531,2511,2147,2154,2529,2164,2543
NA21110	FOCAD1	2134,2039,2154,2136,2126,2128,2156,2068,1938,2152,2131,2141,2141,2162
NA21103	FOCAD1	2133,2144,2137,2181,2156,2100,2149,2076,2157,2158,2176,2112,2135,2045,2122,2146,2160,1849,2173,2154
NA21111	ASB1	1154,1329,1322,1322,1169,1163,1338,1320,1164
NA21113	FOCAD1	2542,2546,2548,2531,2573,2532,2531,2490,2366,2149,2152,2517,2533,2149,2161,2309,2141,2519,2540,2176,2498,2107,2139
NA21111	CLASP1	2184,2203,2212,1879,2200,2199,2203,2202,2194
NA21110	ASB1	1171,1166,1539,1162,1175,1155,1149,1599,1079,1158,1575,1155,1601,960
NA21114	ASB1	1162,1149,1161,1601,1161,1141,1157,1104,1596,1603,1611,1155,1566,1155,1396,1158,1159,1588,1136,1164,1603,1162,1139,1150,1599,107
NA21103	ASB1	1159,1142,1163,1149,1167,1158,1153,1160,1145,1151,1159,1152,1131,1195,1142,1165,1164,923,1160,1149,1123
NA21113	ASB1	1607,1600,1578,1592,1591,1615,1152,1598,1585,1599,1174,1162,1153,1604,1137,1535,1165,1376,1155,1574,1162,1149,1157,1143,1601,1155,1169,1165,1283,1597,1588,1167,1577,1590,1593,1586,1601
NA21103	CLASP1	2216,2214,2355,2199,2351,2207,2197,2197,2187,2178,2348,2369,2212,2170,2362,2203,2303
NA21113	CLASP1	2190,2192,2191,2199,2199,2191,2199,2170,2204,2201,2156,2209,2202,2205,2195,2187,2202,2204,2186,2191,2208,2216,2197,2200,2186,2113,2213,2138,2204,2192,2212,2188,2017,2215,2175,2192,1944,2212
NA21110	CLASP1	2188,2177,2194,2195,2155,2130,2205,2156,2204,2169,2190,2219,2189,2223,2219,2190,2207,2199,2173,2205,2168
NA21114	CLASP1	2174,2196,2205,2185,2185,2158,2200,2203,2194,2200,2186,2196,2204,2002,2147,2196,2192,2196,2195,2195,2205,2179,2110,2193,2173
NA21098	FOCAD1	2522,2528,2539,2156,2551,1994,2170,2513
NA21101	FOCAD1	2172,2167,2163,2157,2156,2125,2163,2167,2135,2124,2153,2152,2122,2146,2148,2149,2139,2142,2150,2150,2163,2139,2167,2155,2163,2166,2141,2131,2088,2153,2074,2158,2160,2135,2094
NA21099	FOCAD1	2552,2524,2335,2538,2434,2544,2513,2332,2574,2509,2541,2555,2528,2535,2536,2542,2474,2520,2553
NA21102	FOCAD1	2527,2532,2096,2509,2151,2145,2532,2111,2147,2563,2166,2153,2152,2556,2538,2153,2151,2158,2194
NA20899	FOCAD1	2517,2152,2511,2531,2545,2153,2160,2150,2139,2480,2152,2530,2539,2543,2165,2126,2520,2174,2536,2160,2508,2516,2147,2507,1955,2135,2530,2542,2155
NA20901	FOCAD1	2093,2145,1976,2144,2157,2177,2148,2172,2146,2136,2059
NA20900	FOCAD1	2183,2541,2169,2507,2521,2514,2549,2538,2532,2141,2139,2535,2519,1974,2040,2106,2510,2502,2515,2526,2512,2461,2542,2155,2531,2536,2525,2478,2480,2141,2157
NA21101	ASB1	1166,1167,1151,1155,1163,1151,1168,1160,1163,1156,1066,1157,1146,1156,1145,1168,1157,1164,1163,1157,1163,1141,1159,1169,1155,1154,1160,1146,1132,1160,1087,1154,1144,1147,1156,1164,1156
NA21099	ASB1	1585,1596,1599,1608,1609,1516,1621,1601,1604,1606,1602,1610,1608,1600,1586,1595,1600,1590,1078,1614,1590,1364,124
NA21098	ASB1	1592,1558,1602,1596,1596,1605,1596,1151,1597,1587,1564,1163,1398,1604,1604,1284,-286,1534,56,1366
NA21099	CLASP1	2207,2162,2188,2181,2192,2201,2195,2203,2209,2268,2141,2208,2136
NA20901	ASB1	1594,1595,1607,1145,1603,1590,1154,1561,1594
NA21102	ASB1	1173,1135,1155,1160,1149,1149,1582,1576,1609,1591,1126,1149,1597,1164,1170,1598,1158,1592,1056,1171,1603
NA21098	CLASP1	2350,2314,2334,2205,2415,2355,2342,2209,2172,2202,2180,2201,2198
NA20899	ASB1	1160,1160,1163,1150,1149,1150,822,1165,1158,1155,1150,1155,1167,1165,1166,1152,1161,1162,1161,1164
NA21101	CLASP1	2170,2236,2193,2189,2188,2199,2197,2183,2203,2204,2200,2171,2175,2198,2176,2197,2188,2210,1824,2208,2190,2189,2149,2194,2179,2210,2124,2183,2203,2200,2193,2216,2212,2174,2197
NA20900	ASB1	1120,1166,1148,1159,1150,1159,1154,1157,1160,1149,1152,1145,1165,1155,1162,1149,1168
NA20899	CLASP1	2180,2203,2184,2078,2155,2187,2140,2178,2212,2191,2176,2128,2203,2198,2214,2174,2163,2169,2116,2172,2206,2158
NA20901	CLASP1	2197,2184,2362,2164,2378,2201,2170,2199,2188,2151,2345,2207,2164,2337,2144,2180,2195,2094,2203,2222,1805,2363
NA20893	FOCAD1	2152,2125,2171,2036,2126,2148,2141,2134,2167,2131,2151,2174,2143,2151,2147
NA20883	FOCAD1	2490,2150,2524,1902,2530,2140,2515,2485,2491,2167,2538,2147,2534,2168,2104,2151
NA20898	FOCAD1	2161,2536,2150,2170,2143,2103,2138,2139,2161,2148,2132,2541,2521,2130,2150,2095
NA20885	FOCAD1	2148,2141,2145,2114,2550,2541,1651,2151,2493,2163,2094,2476,2547,2139,2522,2528,2479,2129,2511,2167
NA20888	FOCAD1	2147,2514,2162,2520,2537,1907,2558,2179,2145,2288,2488,1574,2091,2147,2544,2130,2511,2518,2523,2149,2112,2152,2355,2145,2145
NA20873	FOCAD1	2139,2144,2149,2166,2163,2153,2140
NA20890	FOCAD1	2151,2532,2120,2528,2529,2491,2155,2502,1966,2148,2142,2493,2549,2039,2545,2144,2081,2075
NA20876	FOCAD1	-28795,2444,2542,2525,2395,2007,2543,2543,2532,2533,2378,2534,2524,2526,2527
NA20896	FOCAD1	2149,2071,2108,2140,2130,2161,2130,2140,2159,2142,2155,2159
NA21102	CLASP1	2393,2366,2370,2351,2189,2210,2365,2366,2190,2367,2268,2193,2196,2183,2366,2341,2107,2097,2352,2166,2301
NA20885	ASB1	1595,1585,1093,1135,1161,1605,1600,1158,1587,1601,1129,1162,1591,1556,1612,1146,1603,1587,1601,1594,1579,1166,1144,1599,1573
NA20883	ASB1	1574,1604,1608,1597,1602,1597,1582,1596,1587,1586,1561,1588,1575
NA20900	CLASP1	2042,2135,2211,2175,2189,2190,2115,2198,2184,2182,2197,2140,2193,2190,2200,2192,2199
NA20893	ASB1	1319,1594,1250,1409,1300,1477,1319
NA20883	CLASP1	2183,2189,2202,2200,2206,2153,2159,2170,2210,2126,2200,2200,2179
NA20873	ASB1	1165,1144,1157,1071,1135,1157,1159,1130,1158,1137,1058,1160,1146,1161,1160
NA20890	ASB1	1153,1156,1168,1162,1155,1035,1173,1165,1166,1138,1166,1152,1167,1160,1158,1041
NA20898	ASB1	2477,2470,2470,2488,2479,2484,2423,2445,2455,2476
NA20896	ASB1	1270,1358,1383,1387,1398,1394,1159,1382,1134,1122,1164,1156,1379,1152,1402,1161,1391,1394,1374,1399
NA20888	ASB1	1603,1602,1604,1154,1163,1155,1574,1591,1159,1150,1580,1156,18090,1154,1599,1155
NA20876	ASB1	1162,1149,1199,1154,1170,1128,1127,1158,1153,989,1149
NA20873	CLASP1	2199,2201,2196,2216,2082,2166,2202,2067,2163
NA20888	CLASP1	2361,2034,2200,2206,2368,2367,2210,2180,4214,1886,2185,2212,2186,2351,2363,2187,2188,1751,2216,2372,2113,2177,2185,2334,2197,2194,2166,2362,2183,2192,1871,2356,2366,2368,2349
NA20898	CLASP1	2195,2203,2154,2194,2186,2199,2196,2183,2202,2193,2203,2193,1716,2199,2147,2200,2203
NA20885	CLASP1	2121,2203,2190,2185,2196,2205,2195,2200,2214,2028,2164,2207,2176,2200,2167,2158,2222,2203,2189
NA20893	CLASP1	2287,2315,2195,2194,2341,2239,2166,2361,2330,2355,2377
NA20853	FOCAD1	2151,2154,2148,2174,2163,2161,2148,2160,2184,2158,2171
NA20858	FOCAD1	2502,2137,2542,2547,2500,2537,2571,2535,1677
NA20861	FOCAD1	2168,2153,2132,2055,2539,-25222,2154,2515,2154,2515,2439,2538,2145,2522,2530,2176,2145,2503,2166,2161,2379,2527,2495,2173,2131,2514
NA20890	CLASP1	2189,2139,2197,2190,2199,2187,2181,2160,2143,2209,2089,2188,2178,2199
NA20866	FOCAD1	2079,2147,2179,2135,2178,2085,2147,2138,2154,2132,2149,2127,2150,2161,2160,2161,2131,2116,2138,2149,2169,1831,2122
NA20867	FOCAD1	2167,2139,2147,2150,2107,2194,2155,2144,2020,1778,2171,2147,2164,2156,2161,2150,2164,2152,2156,2134,2139,2159
NA20863	FOCAD1	2112,2157,2143,2152,2165,2137,2131,2123,2098,2142,2160,2121
NA20852	FOCAD1	2136,2144,2144,2172,2144,2129,2114,2160,2153,2155,2166,2159,2146,2179
NA20876	CLASP1	2189,2209,2190,2151,2177,2130,861,2185,2181,2552
NA20896	CLASP1	2188,2197,2176,2180,2191,2199,2190,2203,2198,2207,2195,2170,2178,2195,1448,2204,2166,2226,2208,2214
NA20853	ASB1	1145,1148,1159,936,1160,1161,1161,1160,1150,1205,1149
NA20853	CLASP1	2349,2191,2359,2368,2375,2358,2280,2202,2174,2195
NA20852	ASB1	1349,1597,1597,1358,1604,1168,1610
NA20858	ASB1	1593,1594,1195,1600,1605,1599
NA20863	ASB1	1600,1586,1592,1592,1601,1155,1158,1367
NA20867	ASB1	1161,1150,1159,1162,1157,1157,1162,1160,1161,-11859,1144,1152,1176,1158,1150,1153,1165,1156
NA20863	CLASP1	2364,2205,2190,2344,2333,2353,2186,2372,2200,2357,2195
NA20866	ASB1	1153,1164,1158,1151,1128,1165,1159,1162,1157,1141,1161,1168,1163,1367,1154,1154,1154,1165,1155,1140,1170,1164,1156,1153,1115,1159,1152,1139
NA20861	ASB1	1149,1160,1597,1585,1138,1167,1602,1613,1093,1540,1136,1601,1133,1592,1599,1572,1138,1150
NA20858	CLASP1	2202,2199,2199,2179,2166,2225,2173,2173,1856
NA20852	CLASP1	2183,2365,2195,2183,2377,2345,2349,2345,2374,2185,2334
NA20867	CLASP1	2198,2176,2204,2198,2195,2191,2190,2188,2174,2184,2205,2089,2184,2203,2143,2201,2208,2209,2176,2100,2147
NA20866	CLASP1	2214,2146,2202,2194,2187,2215,2189,2210,2185,2189,2206,2286,2184,2184,2179,2177,2199,2201,2096,2191,2181
NA20795	FOCAD1	2163,2142,2150,2151,2152,2160,2112,2156,2152
NA20813	FOCAD1	2534,2478,2540,2523,2149,2152,2152,2519,2506,2157
NA20846	FOCAD1	2553,2538,2525,2117,2707,2133,2145,2489
NA20847	FOCAD1	2053,2519,2163,2495,723,2089
NA20805	FOCAD1	2142,2129,2104,2158,2533,1770,2119,2156,2168,2552,2544,2508,2158,2517,2536,2546
NA20820	FOCAD1	2162,2538,2153
NA20810	FOCAD1	2512,2547,2510,2164,1209,1728,2159,2546,2152,2547,1958,2545,2141,2166,2537
NA20785	FOCAD1	2534,2549,2169,2149
NA20801	FOCAD1	2157,2128,2151,2180,2138,2151,2438,2156,2134,2171,2147,2168,2130,2154
NA20787	FOCAD1	2137,2137,2157,2154,2156,2155,2168,2152
NA20822	FOCAD1	2154,2161,2151,1933,2153,2160,2164,2147,2174,2152,2157
NA20847	ASB1	1156,1155,1131,1157,1138,1152,1153,1152,1150,1153,1137,1158,1154
NA20861	CLASP1	2200,2198,2195,2184,2157,2193,2186,2220,2145,2202,2203,2205,2100,2160,2202,2132,2203,2199,2188,2201,2182,2207,2106,2196,2155,2204,2133
NA20795	ASB1	2472,1161,1152,1143,1155,1161,2472,1588
NA20810	ASB1	1163,1159,1155,1162,1161,1148,1155,1160
NA20787	ASB1	1584,1605,1595,1580,1593,1593,1591,1594,1571,1155,1591
NA20813	ASB1	1611,1602,1598,1606,1353,1603
NA20847	CLASP1	2215,2170,2199,2202,2188,2192,1840,2168,2179,2210,2207,2199,2189,2209,2185,2012,2202,2189,2200,2189
NA20805	ASB1	1157,1162,1158,1599,1560,1164,1157,1156,1595,1149,1595,1161
NA20822	ASB1	1596,1157,1149,1156,1162,1139,1590,1597,1560,1604,1168
NA20785	ASB1	1592,1559,1608,1568,1164,1593,1606,1587
NA20846	ASB1	1591,1158,1136,1149,1155,1565,1148,1154
NA20810	CLASP1	2197,2194,2196,1708,2180,2229,2185
NA20801	ASB1	1155,1176,1081,1155,1168,1164,1134,1166,1077,1165,1150,1082,1166,1162,1139
NA20805	CLASP1	2191,2188,2178,2203,2199,2199,2191,2176,2149,2142
NA20820	ASB1	1163,1165,1157,1168,1162,1163,992,1166
NA20846	CLASP1	2200,1823,2209,2177,2187,2169,2200,2206,2172,2165,2184,2185,2182,2165,2183,2178
NA20801	CLASP1	2134,2198,2186,2188,2188,2215,2157,2127,2200,2177,2195,2175,2205,2187,2198,2194,2165,1698
NA20795	CLASP1	2219,2190,2203,2204,2191,2357,2369,2184,2346,2359,2174,2363,2206,2363,2380,2337,2312,2336,2363,2202
NA20813	CLASP1	2162,2201,2215,2193,2206,2198,2182,2203,2196,2185,2169,2194,2204,2209,2202,2202,2201
NA20787	CLASP1	2198,2199,2208,2196
NA20822	CLASP1	2194,2157,2202,2197,2197,2187,2198
NA20785	CLASP1	2371,2355,2363,2339,2365,2357,2302,2272
NA20820	CLASP1	2207,2200,2244,2195,2200,1427,2215,2266,2196,2199,2095,2176
NA20540	FOCAD1	2527,2126,2588,2542,2545
NA20775	FOCAD1	2157,2151,2131,2141,2171,2129
NA20753	FOCAD1	2147,2145,2178,2142,2141,2162,2156,2149,2166,2159,2142,2155,2177,2154,2133,2150,2119,2157
NA20588	FOCAD1	2151,2166,2135,2112,2158,2128,2149,2165,2113,2091,2144,2153,2171,2144,2166,2137,2160
NA20757	FOCAD1	2527,2530,2439,1975,1986,2502,2117,2141,2536,2158,2525,2154
NA20778	FOCAD1	2448,2353,2152,2537,2511
NA20762	FOCAD1	2157,2139,2158,2062,2150,2139,2116,2163,2154
NA20769	FOCAD1	2100,2134,2140,2125,2156,2130,2132,2154,2158,2129,2136,2157,2148,2158
NA20587	FOCAD1	2155,2153,2101,2146,2147,2166,2157,2147,2171,2132,2151,2189,2159,2170
NA20585	FOCAD1	2548,2542,2538,2561
NA20764	FOCAD1	2159,2152,2050,2093,2141,2149,2141,2151,2172,2097,2109,1700
NA20761	FOCAD1	2122,2150,2156,2029,1828,2118,2157,2169
NA20775	ASB1	1136,1163,1165
NA20753	ASB1	1165,1160,1160,1181,1154,1151,1126,1160,1156,1190,1162,1157,1162,1163,1153,1157,1156,1157
NA20585	ASB1	1164,1162,1152,1150,1159,1160,1160,918
NA20540	ASB1	1171,1154,1160,1156,1168,1160,1160,1163
NA20761	ASB1	1142,1156,1148,1159,1125,1157,935,1155,1142
NA20587	ASB1	1552,1599,1595,1592,1577,1600,1573,1565,1610,1592,1109
NA20761	CLASP1	2177,2104,2179,2204,2173,2183,2189,2199,2183,2197,1874,2205,2198,2202,2209,2170,2203,2188,2194
NA20585	CLASP1	2188,2184,2185,2202,2185
NA20764	ASB1	1115,1152,1156,1318,1329,1159,1321,1151,1300,1311,1319,1307
NA20588	ASB1	1164,1165,1160,1605,1599,1606,1152,1156
NA20769	ASB1	1611,1604,1584,1545,1573,1603
NA20778	ASB1	862,1541,1594,1590,1552,1601,1580,201
NA20775	CLASP1	1622,2156,2157,2162,2202
NA20540	CLASP1	2250,2251,2247,1497,2309,2322,2343,2335,2332
NA20753	CLASP1	2198,2185,2180,2111,2181,1944,2204,2177,2217,2177,2223,2176,2069,2200,2143,2182,2210,2148,2197
NA20778	CLASP1	2162,2241,2369,2364,2180,-3395,2171
NA20587	CLASP1	2195,2176,2206,2170,2191,2202,2203,2063,2186,2192,2197,2199,2163,2196
NA20588	CLASP1	2201,2185,2202,2210,2204,2193,2211,2211,2131,2153
NA20764	CLASP1	2193,2209,2198,2180,2166,2201,2191,2101,2200,2174
NA20769	CLASP1	2218,1744,2199,2177,2216,2089,2186,2205,2190,2197,2200,2180,2169,2196,2185
NA20531	FOCAD1	2508,2158,2526,2504,2525,2099,2497,2140,2158,2508,2540,2139,2123
NA20504	FOCAD1	2102,2147,-2677,-1830,2142,2156
NA20538	FOCAD1	2508,2461,2153,2164,2529,2152,1933,2523,2491,2540,2497,2550
NA20525	FOCAD1	2136,2130,2211,2136,2153,1991,2529,2147,2144,2531,2500,2174,2558,2518,2517,2469,2156
NA20526	FOCAD1	2550,2551,2540,2541,2554,2536,2450,2450,2540,2647
NA20536	FOCAD1	2549,2522,2159,2135,2143,2119,1831,2543,2533,2072
NA20363	FOCAD1	2160,2152,2134,2157,2151,2006,2146,2148,2132,2175
NA20530	FOCAD1	2147,2153,2159,2154,2167,2143,2167,2102
NA20505	FOCAD1	2733,2530,2740,2713,2546,2736,2665,2540,2504,2523,2519,2528,2318
NA20534	FOCAD1	2379,2124,2415,2466
NA20514	FOCAD1	2143,2160,2162,1722,2539,2177,2524,2522,2527,2551
NA20532	FOCAD1	2164,2170,2149,2164,2138,2143,2150,2147,2202,2134
NA20520	FOCAD1	2145,2149,2133,2158,2152,2163,2039,2168,2116,1999,2161,1936
NA20503	FOCAD1	2167,2165,2154,2171,2155,2160,2158,2024,2159,2146,2158,2156,2139
NA20539	FOCAD1	2160,2137,1791,2166,2117,2736,2703,2731,2697,2165,2721,2757,2158,2738,2086,2189,2724,2155
NA20505	ASB1	1581,1598,1601,1602,1548,1599,1597
NA20504	ASB1	1563,1147,1153,1155,1160,1128,1192
NA20526	ASB1	1607,1601,1146,1596,1160,1172,1160,1140
NA20534	ASB1	2138,1157,1129,2087,1157,1160,2165,1144,1116,1162,1165,2173,2100,2064
NA20505	CLASP1	2119,2173,2203,2167,2170,1889
NA20504	CLASP1	2195,2191,1955,2185,2202
NA20532	ASB1	1588,1607,1157,1152,1147,1141,1593,1360
NA20530	ASB1	1591,1155,1089,1587,1159
NA20520	ASB1	1600,1589,1170,1599,1163,1596,1594,1155,1595,1588,1137
NA20363	ASB1	2477,2468,2455,2467,2476,2474,92
NA20503	ASB1	1158,1154,1606,1589,1158,1164,1599,1599,1170,1600,1579,1164
NA20531	ASB1	1598,1589,1140,1163,1173,1158,1569,1170
NA20538	ASB1	1596,1152,1097,1159,1589,1154,1599,1156,1012
NA20536	ASB1	1154,1152,1160,1156,1159,1162,1159,1082,1141,1135,1159,1159,1164,1161,1135
NA20514	ASB1	1134,1580,1161,1132,1601,1154,1589,1158,1165,1606,1599,1591,1585,1140,1594,1149,1158
NA20530	CLASP1	2146,2138,2164,2195,2169,2194,1152,2186,2195,2201,2189
NA20525	ASB1	1606,1588,2479,1569,1590,2474,2471,1548,1600,1604,1593,2480,1605,2466,1603,2467
NA20363	CLASP1	2203,2204,2185,2180,2201,2188,2181,2181
NA20520	CLASP1	2199,2317,2193,2149,2153,2201,1698,1953,2207,2338,2309,2353,2310,2345,2314,2192,2343
NA20526	CLASP1	2188,2195
NA20525	CLASP1	2202,2161,2174,2213,2179,2189,2180,2153,2198,2188,2197
NA20514	CLASP1	2196,2190,1828,2202,2177,2198,2209,2198,2204,2203
NA20539	ASB1	1597,1165,961,1155
NA20534	CLASP1	1647,2172,2168,2185,2173,2153,2184,2160
NA20503	CLASP1	2350,2321,2359,2370,2368,2337,2291,2174,2091,2353,2237,2197
NA20532	CLASP1	2231,2208,2171,2187,2184,2208,2193,2170,2185,2102,2185,2152
NA20531	CLASP1	2195,2204,2172,2193,2200,2193,2195
NA20538	CLASP1	2162,2187,1997,2164,2123,2191,2197,2156
NA20536	CLASP1	2173,2205,2125,2207,2187,2217,2173,2204,2180,2159,2190
NA20289	FOCAD1	1783,2528,2479,2532,2094,2149
NA20357	FOCAD1	2544,2544,2157,2160,2510,2154,2556,2153,2147,2549,2527,2118,2167,2513,2155,2537
NA20334	FOCAD1	2535,2500,2538,2134,2135,2417,2524,2147,2514,2498,2518,2160,2525,2095,2517,2137,2502,2559,2477,2533,2142,2156,2160,2521,2155,2147,2498,2530
NA20359	FOCAD1	2158,2161,2140,2157,2160,2151,2161,2149
NA20332	FOCAD1	1974,2103,2483,2458,2578,2599,2138,2100,2703,2138,1783,2145,2158,2035
NA20336	FOCAD1	2520,2127,2142,2484,2162,2562,2166,2162,2156,2161,2546,2544,2151,2509,2168,2152,2533
NA20356	FOCAD1	2538,2490,2523,2518,2537,2535,2531,2559,2499,2545,2537,-1393
NA20348	FOCAD1	2509,2464,2171,2511,2169,2324,2574,2522,2159,2175,2138,2165,2530,2162,2153,2543,2487,2551
NA20314	FOCAD1	2518,2553,2525,2549,2516,2519,2533,2508,2538,2534,2512,2497,2519,2518,2493,2345,2521,2546
NA20298	FOCAD1	2145,2161,2217,2170,2138,2152,2163,2183,2152,2114,2102
NA20294	FOCAD1	2148,2342,2312,2274,2326,2342,2358,2157,2199,2103,2318,2133,2024,2311,2331
NA20342	FOCAD1	2197,2101,2168,2175,2160,2138,2156,2151,2145,2110,2151,2160,2144
NA20346	FOCAD1	2159,2145,1811,2149,2153,2150,2146,2152,2123,2141,2162,2113,2128,2151,2137
NA20539	CLASP1	2207,2359,2200,2345,2337,2349,2360,2299,2351,2205,2184,2144
NA20289	ASB1	1556,1561,1583,1170,1604,1583,1570
NA20314	ASB1	1129,1011,1153,1144,1137,1152,1157,1160,1158,1148,288,1171
NA20289	CLASP1	2365,2367,2357,2370,2362,2358,2349,2391,2371,2360,2346,2339,2363,2325,2370,2273,2365,2346,2365,2372,2363
NA20298	ASB1	2881,2482,2344,2800,2864,2873,2485,2891,2491,2494,1390,-56
NA20332	ASB1	1945,1217,1432,1934,1945,1266,1872,1286,1304,1231,903,1290,1274,1280,1613,-3082,4096
NA20348	ASB1	919,1160,1159,1163,1170,1153,1153,1152,1154,1159,1158,1143,1126,1154,1154,1184,1159,1169,1165,1150,1162,1176,1161,1161,1166,1157,1195,1161,1154,1162,1160,909,1165
NA20762	ASB1	1595,1580,1065,1596,1596,1164,1526,1582,730
NA20334	ASB1	1154,1161,1164,1148,1156,1162,1159,1150,1140,1139,1159,1148,1150,1147,1139,1152,1157
NA20357	ASB1	1314,1595,1582,1609,1312,1315,1600,1589,1593,1592,1656,1594,1596,1074,1062
NA20336	ASB1	1601,1138,1148,1164,1152,1601,1575,1588,1591,1161,1162,1141,1591,1155,1603,1598,1573,1602,1585,1155,1584,1142,1606,1153,1101,1599,1598,1165,1598,1599,1519,1050,1594,1322
NA20298	CLASP1	1819,2356,1820,1383,2349,1777,2299
NA20356	ASB1	1163,2488,2481,1162,2501,2484,1517,2463,1149,1324,1155,2477,1160,1156,1172
NA20342	ASB1	2476,1564,2228,1558,1597,1575,1320,1590,2483,1727,1160,167
NA20294	ASB1	2480,2460,1423,2490,2450,1593,1324,1598,1702,2463,2464,2463,-131
NA20357	CLASP1	2221,1734,2157,2198,2194,2201,2183,2191,2353,2325,2352,2203,2186,2366
NA20346	ASB1	1197,1157,1151,1106,1201,1198,1165,1194,1160,1153,1190,1197,1144,1165,1200,1196,1201,1203
NA20342	CLASP1	2363,1443,2197,2028,2194,2169,2273,2371,2357,2393,2201
NA20336	CLASP1	2357,2206,2351,2200,2204,2370,2202,2367,2207,2351,2376,2331,2369,2197,2374,2199,2360,2341,2345,2195
NA20314	CLASP1	2167,2330,2175,2139,2366,2204,2314,2201,2328,2199,2146,2192,2161,2366,1928
NA20294	CLASP1	2152,2355,2187,2184,2354,2344,2355,2204,2192
NA20762	CLASP1	2194,2167,2182,2208,2204,2070,2164,2187,2170,2107
NA20332	CLASP1	2192,2111,2210,2348,1995,2362,2333,2181,2329,-7264,2181
NA20334	CLASP1	2362,2359,2380,2353,2346,2369,2355,2365,2361,2330,2384,2366
NA20356	CLASP1	2372,2361,2375,2371,2372,2382,2307,2203,2324,2370,2369,2082,2352,2359,2330,2366,2295,2368,2365,2369,2355,2241,2122,2371,2365
NA19819	FOCAD1	2158,2057,2119,2146,2149,2118,2018,2144,2160,2146,2158,2096,2118,2090,2091,-20249,2103
NA19818	FOCAD1	2721,2717,2151,2114,2715,2749,2724,2148,2679,2144
NA20348	CLASP1	2366,2094,2183,2208,2364,2347,2368,2187,2184,2189,2315,2200,2069,2195,2270,2341,2204,1935,2200,2328
NA19985	FOCAD1	2105,2177,2161,2150,2153,2140,2108,2137,2163
NA19908	FOCAD1	2522,2546,2258,2535,974,2541,2156,2138
NA19900	FOCAD1	2530,2156,2156,2165,2533,2497,2006,2131,2153,2501,2520,2104,2140,2140,2133,2521
NA19909	FOCAD1	2544,2514,2507,2155,2548,2116,2476,2526,2119,2528,1918,2110,2528,2533,2169,2542
NA19901	FOCAD1	2537,2542,2471,2551,2561,2509,2527,2496,2477,2515,2356
NA19828	FOCAD1	2718,2719,2148,2088,2153,2714,2155
NA20276	FOCAD1	2637,2118,2129,2098,2666,2698,2143,2141,2737
NA20278	FOCAD1	2492,2122,2163,2537,2110,2532,2549,2526,1922,2535,2115,2521,2151,2562,2519,2134,2164,2158,2154,2123
NA19916	FOCAD1	2152,2744,2146,2736,2157,2663,2717,2153,2162,2137,2693
NA19921	FOCAD1	2139,2056,2152,2115,2158,1815,2083,2149,2146,2152,2509,2117,2144,2152,2157,2542,2504
NA19904	FOCAD1	2723,2694,2727,2704
NA19835	FOCAD1	2524,2053,2100,2160,2095,2521,2122,2472,2178,2154,1997,2529,2543,2444,2127,1807,2493,2080,2526,2147,2139,2539,2107,2523,2129,2138,2402,2118,2155,2513,2526,2550,2358
NA20127	FOCAD1	2156,2131,2147,2159,2155,2162,2155,2147,2162,2182,2148,2115,2118,2116,2138,2152,2154,2153,2155,2171,2133,2115,2137,2142,2175
NA19834	FOCAD1	2154,2148,2164,2143,2148,2152,2128,2150,2142,2132,2157,2174
NA20281	FOCAD1	2538,2496,2538,2132,2137,2545,2513,1881,2146
NA20346	CLASP1	2201,2186,2186,2351,2199,2182,2374,2195,1364,2199,1548,2209,2362,2151,2201,2202,2208,2332,2372,2314,2205,1848
NA19819	ASB1	4410,1574,27192,1606,1610,4592,4581,1317,1601,1577,3689,7775,1476,2363
NA19916	ASB1	1325,3106,1321,940,1308,15615,3113,1317,1314,3001,3096,1307,3120,3420,1318
NA19909	ASB1	1317,1600,1319,1595,1611,1123,1459,1593,1605,1600,1591,1597,1312,1583,1345,1585,1318,1586,1549,1602,1590,1594
NA19921	ASB1	1150,1161,1156,1044,1116,1142,1123,1153,1150,1153,1145,1144,1150,1154,1151,1167
NA19834	ASB1	1613,1598,1746,1592,1747,1264,1578,1297,1718,1520,1604,1603,1745,1732,1751,1299
NA19908	ASB1	1569,1563,2455,2466,-4964,1591,1578,1510,1523,1199
NA19985	ASB1	1160,1332,1164,1172,1159
NA19904	ASB1	1466,1161,1481,1158,1447,1147,1156,1485,1146,1462,1150,1168,1483,1160,1152,1477,1144,1452,1424
NA19901	ASB1	1317,1165,1121,1316,1329,1053,1127,1143
NA20276	ASB1	1155,1567,1135,1173,1148,1180,1603,1593,1574,1132,1596,1595
NA19900	ASB1	3244,3217,2325,2915,2911,2927,2900,3240,2911,3241,3293,1257,187,-388
NA19909	CLASP1	2212,2157,2357,2360,2200,2372,2357,2349,2365,2193,2362,2359,2186,2164,2346,2349,2169,2204
NA19818	ASB1	1432,1447,1435,1330,1432,1437,1296,1320,1129
NA20281	ASB1	2468,1159,1164,1205,2478,1169,2441,2475
NA19985	CLASP1	2201,2185,2191,2195,2221,2213,2194,2200,2134,2191,2201,2122,2190,2196
NA20127	ASB1	1184,1602,1593,1320,1284,1330,1309,1590,1494,1600,1597,1585,1604,956,1297,1601,1603
NA19819	CLASP1	2156,2143,2243,2315,2326,2310,2365,2331,2349,732,2170,2326,2126,2166,2359,2012,2374,2198,2296,2201,2178
NA19904	CLASP1	2356,2331,2295,2332,2358,2388,2304,2374
NA19818	CLASP1	2201,2214,2203,2188,2201,2209,2167,2196,2192
NA20276	CLASP1	2158,2305,2370,2371,2359,2175,2359,2270,2354,2353,2193,2203
NA19900	CLASP1	2198,2161,2194,2195,2112,2199,2177,2202,2027,2196,2194,2208,2199,2057,2048,2209
NA20278	ASB1	2482,2526,1586,1576,1568,1596,1604,2468,2476,2486,1596,2481,2397,2429,1602,1574,2456,2443,1553,2444,2465,1592,1588,1598,1593,1576,1279
NA19916	CLASP1	2178,2206,2354,2189,2327,2348,2153,2359,2362,1811,2176
NA19921	CLASP1	2345,2325,2331,2337,2362,2377,2365,2346,2390,2372,2368,2349,2379,2335,2376,2373
NA19835	ASB1	1156,1592,1076,1151,1158,1163,1152,1587,1138,1160,1590,1144,1589,1155,1582,1596,1148,1150,1175,1384,1580,1145,1151,1115,1152,1092,1356,1162,1161,824
NA19908	CLASP1	2195,2151,2201,2362,2359,2331,2198,2319,2201,1898,2191
NA19834	CLASP1	2200,2370,2196,2376,2204,2202,2364,2308,2365,2351,2336,2322,2385,2362,2187,2331,2369,2372,2190,2349,2333,2207,2189,2357
NA19901	CLASP1	2197,2172,2058,2190,2116
NA20281	CLASP1	2374,2358,2360,2366,2357,2365,2353,1359,2071,2311,2372
NA19786	FOCAD1	2539,2148,2535,1957
NA20127	CLASP1	2302,2334,2363,2370,2350,2348,2332,2277,1785,2360,2352,2361,2352,2350,2364,2361,2365,2365,2360,2364,3650,2367,2365
NA19789	FOCAD1	2147,2146
NA19735	FOCAD1	2473,2521,2237,2493,2526,2518,2547,2514,2468,2530,2511,2522,2529,2534,2282,2541,2529,2414
NA19835	CLASP1	2342,2340,2346,2351,2334,2372,2278,2368,2357,2345,2344,2341,2148,2329,2285,2370,2335,2363,2358,2375,2348,2314,2303,2326,2270,2367,2302,2365,2102,2371,2301,2323,2367,1903
NA19759	FOCAD1	2163,2529,2530,2159,2545,2174,2532,2527,2103,2151,2150
NA19782	FOCAD1	2004,2520,2134,2137,2140,2529,2508,2148
NA19747	FOCAD1	2126,2135,2151,1592,2126,2123,1984,2111,1418,2155,2113,2159
NA19758	FOCAD1	2532,2516,2539,2521,2531
NA19750	FOCAD1	2527,2091,2152,2097,2146,2127,2168,2520,2526,2518,2082
NA19749	FOCAD1	2536,2493,2542,2424,2541,2540,2536,2476,2536,2504,2323,2507,2371,2540,2538,2530
NA19740	FOCAD1	2522,2534,2438,2480,2524,2522,2449,2450,2513,2548,2495
NA19734	FOCAD1	2163,2474,2172,2158,2540,2161,2054
NA19770	FOCAD1	2161,2162,2160,2144,2134,2150,1717,2147,2163,2097,2164
NA19753	FOCAD1	2521,2569,2546,2520,2536,2536,2534,2535,2482,2523,2535,2557,2545
NA19774	FOCAD1	2155,2462,2561,2550,2182,2474,2147,2148,2537
NA20278	CLASP1	2205,2194,2185,2202,2187,2184,2152,2209,2187,2265,2209,2170,2178,2206,2202,2165,2205,2200,2199,2205,1507,2188
NA19762	FOCAD1	1987,2522,1911,2496
NA19786	ASB1	1447,1151,1429,1349,1438
NA19782	ASB1	1154,1158,1153,1162,1160,1150,1138,1158,1172,1161,1155,1159,1160
NA19759	ASB1	1176,1430,1160,1167,1439,1412,1445,1429,1153,1161,1153,1165,1145,1164
NA19762	ASB1	1143,1436,1413
NA19789	ASB1	1154,1159,1150,1165,1160
NA19774	ASB1	1150,1152,1159,1042,1153,1165,1148
NA19740	ASB1	1628,1639,1625,1302,1578,12245,1611,1629,1614,1601,1639,1640,958,1603,1515,1580,1642
NA19734	ASB1	1129,1144,1157,1155,1157,1012,1170,1128,1151,1162,1151
NA19747	ASB1	1144,1069,1068,1162,1150,1159,1183,1153,1168,1177,7022,1160,1129,1152,1161,1121,1145,1138,1171,1140,1132,1148,1153,1165,1157,1159,1135
NA19750	ASB1	1593,2479,2477,1601
NA19740	CLASP1	2211,2192,2321,2341,2326,2177,2334,2193,1985,2309,2294,2339,2324,2181,2319,2201,2345,2025,2340,2177
NA19789	CLASP1	2146,2199
NA19786	CLASP1	2340,2312,2231,2326,2383,-487,2386,2318
NA19758	ASB1	1160,1161,1157,1137,1145,1140,1152,1174,1156
NA19735	ASB1	1600,1316,1600,1314,1259,1320,1594,1601,1592,1315,1374
NA19770	ASB1	1155,1594,1126,1128,1163,1592,1159,1144,1118,1160,1600,1153,1076,1151
NA19753	ASB1	1441,1162,1449,1165,1169,1426,1165,1155,1431,1161,1158,1430,1157,1440,1428,1423,1432
NA19782	CLASP1	2187,2183,2121,2178,2202,2146,2198,2186,2179,2180,2200
NA19759	CLASP1	2206,2363,2206,2319,2191,2207,2114,2365
NA19762	CLASP1	2177,2211,1996,2182,2199,2185
NA19753	CLASP1	2366,2371,2358,2110,2189,2367,2348,2367,2208,2180,2346,2208,2211,2186,2352,2193
NA19774	CLASP1	2166,2208,2177,2196,2197,2219,2160
NA19734	CLASP1	2243,2210,2207,2219,2059,2199,2171,2201,2194,2179
NA19747	CLASP1	2206,1654,2104,2371,2177,2350,2219,2190,2377,2199,2193,1827,2185,2154,2216
NA19750	CLASP1	2318,2189,2204,2179,2170,2317
NA19735	CLASP1	2356,2329,2263,2378,2377,2293,2347,2344,2353,2311,2337,2354,2324
NA19661	FOCAD1	1562,2155,1964
NA19720	FOCAD1	2502,2545,2153,2139,2504,2207,2133,2521,2088,2156,2542,2533,2502,2549
NA19758	CLASP1	2196,2179,2358,2200,2217,2150
NA19660	FOCAD1	2154,2157,2178,2551,2518,2131,1963,2145,2165,2541,2541
NA19728	FOCAD1	2529,2125,2155,2002,1780,2150,2165,2522,2149,2152,2532
NA19770	CLASP1	2313,2205,2203,2206,2324,2353,2204,2367,2365,2348,2179,2148,2223,2364,2171,2383,2355,2323,2179
NA19723	FOCAD1	2496,2107,2109,2144,2537,1414,2545,2151,2121,2150
NA19707	FOCAD1	2467,2152,2540,2562,2162,2510,2530
NA19711	FOCAD1	2149,1977,2153,2120,2136,2049,2151,2035,2172,2153,2059
NA19676	FOCAD1	2159,2098
NA19703	FOCAD1	2150,2148,2174,2141,2154,2170,2145
NA19663	FOCAD1	2155,2148,2147,2319,2347,2344,2143,2351,2321,1770
NA19669	FOCAD1	2152,-2852,2169,2155
NA19675	FOCAD1	2152,2140,2140,2170,2146,2156,2060,2019,2143,2157,2152,2153,2145,2151,2136,2151,2121,2145,2154
NA19664	FOCAD1	2147,2170,2539,2154,2535,2167,2150,2538,2531,2148,2129,2556,2502,2142,2128,2546,2065,2157,2519
NA19717	FOCAD1	2026,1956,2029,2143,2520,2524,2379,2532,2548,2155
NA19701	FOCAD1	2151,2162,-10194,2140,2150,2156,2163,2162,2152,2152,2161,2074
NA19700	FOCAD1	2513,2529,2539,2533,2537,2560,2539,2495,2567
NA19679	FOCAD1	2033,2138,2133,2143,2139
NA19729	FOCAD1	2145,2144,2144,2112,2149,2157,2156,2142,2159,2146
NA19676	ASB1
NA19720	ASB1	1149,1156,-60512
NA19717	ASB1	1346,1437,1427,1231,999,1003
NA19661	ASB1	1600,1597,1589,1595,1591,1602,1609,1596
NA19703	ASB1	1593,2040
NA19720	CLASP1	2213,2196,2185,2187,2195,2161,2190,2196,2194,2197
NA19660	ASB1	1169,1594,1152,1603,1162,1597,1599,1159,1451,1133,1548
NA19717	CLASP1	2199,2147,2208,2199,2192,2138,2193,2192
NA19663	ASB1	1155,1150,1159,1158,1161,1606,1154,1159,1587,1588,1600
NA19728	ASB1	1155,1156,1138,1417,1148,1417,1136,1416,1146,1420,1170,1141
NA19707	ASB1	1148,1314,1601,1169,1611,1605,1164,1587,1160
NA19703	CLASP1	2359,2354,2309
NA19669	ASB1	1141,1297,1319,1586,1589,1587,943,119
NA19723	ASB1	1590,1542,1153,1150,1573,1597,1604,1592,1595,1609,1159,1156,1593,1476,1595,1149,1161,1121,1597,1141,1591
NA19679	ASB1	1606,1330,1607,1608,1583,1587,1603,1602,1596,1607,1588,1601
NA19700	ASB1	1791,3238,-39759,3236,3227,3230,3226,3230,3209,3247,3226,1798,3219
NA19729	ASB1	1109,1158,905,1167,1156,1140,1163,1150,910,1143,1158
NA19728	CLASP1	2183,2191,2177,2192,2199,2192,2191,2112,2203,2114,2200
NA19675	ASB1	1442,1593,1586,1596,1423,1437,1421,1377,1445,1411,1441,1600,1591,1283,1601,1437,1586,1408
NA19669	CLASP1	2182
NA19707	CLASP1	1847,2344,1842,1834,1800,2346,2353,1845,2339,2376
NA19711	ASB1	1603,1596,1578,1595,1598,1598,3224,1454,3239,3243,2492,3233,1456,1552,3200,1335,144
NA19700	CLASP1	2192,2196,2179,2183,2204
NA19664	ASB1	1155,1163,1156,1152,1160,1178,1217,1146,1164,1160,1149,1159,1156,1130,1158,1155,1159,1161
NA19661	CLASP1	2207,2344,2222,2196,2193,2349,2335,2186
NA19701	ASB1	1601,1317,1601,1323,1595,1195
NA19676	CLASP1
NA19660	CLASP1	2174,2185,2376,2190,1845,2194,2355,2350,2363,2199,2378
NA19723	CLASP1	2177,2294,2289,2185,2336,2346,2166,2355,2166,2329,2350,2164,2342,2361,2105,2170,2376,2282,2187,2307,2355,2189,2345,2190,2268,2178,2185,2309,2159,2346,2313,2161
NA19711	CLASP1	2102,2079,2202,2206,2203,2205,2164,2202,2171,1994,2186,2161,2200
NA19679	CLASP1	2197,2213,2181,2177,2192,2203,2195,2177,2204,2073
NA19663	CLASP1	2160,2149,2212,2086,2200,2157,2140,2198,2189,1399,2207
NA19675	CLASP1	2344,2211,2192,2334,2194,2366,2190,2187,2359,2198,2199,2365,2362,2358
NA19729	CLASP1	2209,2195,2184,1548,2091,2347,2307,2195,2133,2203,2161,2180
NA19655	FOCAD1	2161,2112,2152,2064,2141,2143,2115,2140
NA19701	CLASP1	2336,2196,2202,2207,2328,2194,2321,2188,2343,2325,2320,2211
NA19652	FOCAD1	2511,2136,2136,2120,2512,2549
NA19658	FOCAD1	2541,2548,2537,2556,2559,2533,2527,2487,2527,2534,2534,2528,2520,2534,2533,2531,2528,2501
NA19453	FOCAD1	2168,2153,2118,2136,2110,2046,2155,2146,1436,2156,2152,2166,2126,2165,2137,2157,2096
NA19449	FOCAD1	2534,2530,2296,2552,2515,2556,2489,2529,2298,2494,2557,2517,2378
NA19439	FOCAD1	2163,2108,2153,2140,2105,2126,2155,2036,2121,2142,2123,2143
NA19654	FOCAD1	1825,2122,2150,2127,2153,2167,2146,2162,2180,2170,2133,2153,2135,2129,2154
NA19399	FOCAD1	2135,2158,2161,2148,2162,2110,2157,1901,2093,2152,2102,2172,2153,2148,2164,2119
NA19432	FOCAD1	2506,2066,2503,2110,2479,2524,2139,2375,2528,2499,2140,2157,2145,2154,2544,2165,1907
NA19403	FOCAD1	2165,2482,2509,2140,2095,2375,2031,2158,2527,2507,2530,2529,2147,2146,2135,2166,2532,2539,2489,2133,2151,2175
NA19664	CLASP1	2366,2208,2210,2354,2374,2204,2342,2365,2369,2141,2196,2363,2363,2175,2325,2200,2196,2373,2186,2193
NA19463	FOCAD1	2159,2134,2149,2159,2500,2569,2140,2512
NA19651	FOCAD1	2527,2532,2488,2531,2162,2145,2521,2540,2144,1834,2147,2518,2170
NA19472	FOCAD1	2150,2369,2141,2138,2155,2555,2158,2143
NA19398	FOCAD1	2152,2740,2103,2144,2724,2723,2135,2173,2152,2732,2119,2735,2730,2506,2148
NA19657	FOCAD1	2136,2543,2522,2545,2156,2551,2541,2147,2516,2539
NA19655	ASB1	1604,909,1169,1173,1145,1586,1579,1598,1586,1471,1579,1162,1085,1162,1596
NA19652	ASB1	1603,1589,1148,1154,1166,1159,1156,1161,1624,1158,1595
NA19439	ASB1	3220,2020,2931,3239,3141,1352,3216,1259,2451
NA19432	ASB1	955,4952,1687,1153,1153,1161,1161,5020,1144,4971,1162,1159,3777,1146,1143,1150,1161,1157
NA19651	ASB1	1159,1155,1103,1165,1144,1093,1165,1161,1158,1156,1177,1158
NA19399	ASB1	3108,2919,1298,2863,881,2886,2920,8087,3117,2340,2228,3111,2714,4446,1128,3104,1279,1237,475,365,1225,-575
NA19439	CLASP1	2219,2211,2169,2194,2192,2202,2194,2197,1903,2199,2155,2200,1957,2177,2188,2198
NA19398	ASB1	1599,1585,1600,1601,1599,1595,1583,1581,1584,1607,1597,1568,1586
NA19652	CLASP1	2212,2178,2205,2177,2198,2185,2201
NA19658	ASB1	1161,1158,1152,1160,1151,1158,1158,1151,1165,1160,1160,1156,1101,1162
NA19399	CLASP1	2390,2203,2353,2198,2207,2356,2186,2201,2364,2189,2325
NA19463	ASB1	3516,3448,1203,1193,3522,3404,1190,3127,1188,1173,3450,1174,1205,1195
NA19453	ASB1	822,1301,1276,1314,1273,1277,1180,1317,1321,1272,1324,1260,1297,1320,1245,1281,1333,1308,1302,1321,1323,1274,1319
NA19449	ASB1	-37699,3226,2485,3210,3230,3221,2454,2272,3165,2010,1435,1426,1314,1159,1791
NA19654	ASB1	1160,1147,1166,1173,1135,929,1145,905,1161,1157,1162,1150,1142,1162,1153,1153,1157,1151,1140,1167,1143,1164,1159,1150,1147
NA19403	ASB1	1197,1196,1202,1186,1198,1201,3503,1207,1186,3516,3446,1112,1198,1097,3424,1202,1196,1205,3523,2414,3467,1199,3475,1206,1209,1206,1195,1151,1193,3517,1199,345
NA19449	CLASP1	2198,2196,2218,2195,2232,2110,2202,2150,2164,2187,2189,2171,2188,2161,2190,2150
NA19657	ASB1	1169,1132,1130,1467,1118,1155,1438,1433,1437,1392,1430,1426
NA19655	CLASP1	2208,2208,2172,2205,1975,2202,2168,2188,2201,2113,2200,2096,2090,2168,2207,1323,2184,2134,2202
NA19432	CLASP1	2205,2355,2192,2109,2170,2350,2320,2378,2349,2195,2325,2374,2338,2197,2378,2147,2349,2183,2228
NA19651	CLASP1	2167,2212,1899,2187,2212,1954,1953,2187,2223,2182,2209,2198,2202,2193,2191,2207,2204,2180
NA19657	CLASP1	2192,2197,2205,2196,2172,2188,2132,2183,2205,2176
NA19398	CLASP1	2354,2354,2317,2341,2366,2350,2361,2320,2342,2372,2359,2364,2368,2327,2355,2367,2347,2360
NA19463	CLASP1	2186,2187,2142,2138,1795,2183,2168,2222,2081,2193,2202,2160,1995,2178,2193
NA19658	CLASP1	2191,2204,2193,2197,2330,2200,2358,2093,2172,2207,1619,2178,2201,2200,2320,2331,2328,2195,2209
NA19453	CLASP1	2326,2368,2375,2374,2354,2375,2338,2370,2372,2315
NA19238	FOCAD1	2742,2150,2153,2696,2739,2142,2730,2144,2161,2728,2704,2151,2158,1441,2141
NA19207	FOCAD1	2149,2164,2130,2119,2156,2135,2168,2161,2086,2138
NA19338	FOCAD1	2134,1897,2138,2157,2121,2146,2141,1897,2130,2084,2163,2028
NA19393	FOCAD1	2161,2153,2144,2156,2155,2155,2135,2161,2048,2169
NA19391	FOCAD1	2132,2152,2149,2155,2146,2143,2160,2099,1851,2153,2151,2154,2152,2107
NA19347	FOCAD1	2155,2161,2176,2141,2177,2147,2029,2125,2116,2170,2120,2110
NA19355	FOCAD1	2543,2549,2144,2529,2525,2166,2539,2528,2120
NA19385	FOCAD1	2136,2161,2141,2146,2144,2155,2125,1815,2144,2144,2162,2154
NA19331	FOCAD1	2546,0,2169,2548,2140,2547,2179,2567,2519,2147,2534,2168,2547,2517,2543,2139
NA19383	FOCAD1	2152,1891,2103,2140,2058,2142,2094,2153,2118
NA19352	FOCAD1	2135,2160,2526,2138,2523,2157,2540,2168,1886,2526,2524,2144,2054,2146
NA19654	CLASP1	2196,2192,2207,2202,2183,2139,2199,1972
NA19315	FOCAD1	2164,2186,2157,1627,2165,1924,2157,2138,2146,2134,2153,2153,1694
NA19350	FOCAD1	2558,2129,2133,2180,2524,2546,2147,2160,2147,2119
NA19351	FOCAD1	2166,2159,2167,2158,2139,2147
NA19397	FOCAD1
NA19327	FOCAD1	2715,2743,2740,2143,2155,2160,2680,2738,2156,2740,2137,2162,2155,2737,2155,2141,2155,2756
NA19310	FOCAD1	2532,2173,2535,2143,2243,2088,2151,-1335,2424,2549
NA19307	FOCAD1	2155,2134,2183,2112,2166,2144,1656
NA19319	FOCAD1	2155,2159,2546,2159,2506
NA19207	ASB1	1161,1957,1961,1346,1139,1128,1952,1148
NA19328	FOCAD1	2158,2334,2152,2347,2304,2308,2360,2353,2154,2336,2348,2328
NA19403	CLASP1	2352,2145,2180,2183,2349,2161,2205,2196,2367,2270,2335,2372,2340,2173,2347,2326,2343,2341,2206,1747,2349,2200,2289,2364,2360,2208
NA19238	ASB1	2455,1458,2461,2484,2456,2486,2479,2426,2443,2309,1459,2465,2461,217,1029,1858,1037
NA19207	CLASP1	2352,2327,2365,2370,2339,2349,2369,2368
NA19355	ASB1	1299,1857,1968,1954,1314,1912,1319,1960,1315,1316,1327,1949
NA19383	ASB1	2960,2957,2960,2973,2937
NA19385	ASB1	1199,1199,1199,1158,3171,3214,1208,1250,1183
NA19350	ASB1	2917,2927,2917,1167,2920,12027,1054,1114,2924
NA19391	ASB1	1162,1142,1610,1593,1612,1615,1532,1555,1158,1539,1597
NA19351	ASB1	1163,16357,1157,1147,2856,4648,-5414,1228
NA19238	CLASP1	2188,2347,2328,2178,2188,2202,2373,2325,2186,2308
NA19393	ASB1	1314,1145,1318,1134,1299,1143,1156,1154,1162
NA19383	CLASP1	2356,2361,2360,2345,2333,2410
NA19315	ASB1	1164,927,1420,1362,1804,1160,2460,1621,1267,1153,1155,2430,1185,1280
NA19347	ASB1	2488,2481,2421,2277,2472,2453,1964,1920,2472,1909,1675,2461,2281,1981,1277,1962,864,280
NA19391	CLASP1	2247,2334,2383,2361,2290,2206,2349,2359,2345,2373,2340,2355
NA19331	ASB1	1148,1141,3181,3227,920,3235,1156,4804,1154,3218,1060
NA19397	ASB1	1313,1307,1307,1323,3231,3190,3213,3228,1320,3222
NA19307	ASB1	1166,1147,1156,1166,1163,1159,1110,1593
NA19351	CLASP1	2355,2200,2374,2178,2351,2279,2190,2362,2098
NA19310	ASB1	1575,2480,2485,2429,2462,2472,1601
NA19328	ASB1	1170,1319,1310,1158,1168,1330,1152,1318,1318,1157
NA19352	ASB1	1435,1563,2680,3233,3221,1595,3225,1504,3235,1269,1597,1605,3237,3225,1590,95
NA19338	ASB1	2922,2931,2813,1162,2881,10458,2888,2903,1119,49
NA19319	ASB1	2481,2465,1611,2443,1603,1591,2472,1597,2459,1594,2465,1596,1599
NA19327	ASB1	1601,1601,15239,1604,1520,1628,1572,1603,1588,1578,1592,1606,1624,1605,1546,1591,1579,1600,1600,1599,1566,1600,1499,-28
NA19347	CLASP1	2356,2370,2377,2370,2365,2364,2344,2366,2349,2217,2315,2362,2267
NA19393	CLASP1	2357,2337,2296,2336,2309,2357,2340,1746,2369,2346,2369
NA19397	CLASP1	2372,2349,2426,2273,2405,2146,2363,2350,2322,2354,2306,2358
NA19355	CLASP1	2310,2371,2042,2306,2338,2348,2367,2323
NA19338	CLASP1	2123,2009,2165,2174,2183,2188,2227
NA19385	CLASP1	2203,2201,2207,2166,2203,2204,2186,2190,2207,2197,2103,2174
NA19350	CLASP1	2165,2161,2203,2193,2343,2345,2081,2214,2201,2347,1984,2205,1433,2193,2352
NA19315	CLASP1	2328,2310,2186,2222,2343,2356,2318,2372,2322,2363,2135,2369,2376,2363
NA19331	CLASP1	2282,2311,2208,2338,2316,2204,2174,2200,2270,2367,2299,2203,2216
NA19307	CLASP1	2219,2192,2192,2189,2205,2161,2189,1922
NA19310	CLASP1	2323,2329,2205,2171,2205,1948,2106,2317,2180,2348,2354
NA19101	FOCAD1	2737,2158,2711,2699,2168,2113,2590,2120,2070,2649,2129,2734,2630
NA19352	CLASP1	2374,2362,2351,2234,2357,2341,2364,2324,2360,2335,2352,2358,2347,2353,2320,2181
NA19096	FOCAD1	2147,2095,2071,2144,2152,2150,2135,1996
NA19114	FOCAD1	2153,2165,2687,2128,2734,2153,1804,2645,2130,2744,2135,2656,2159,2118
NA19327	CLASP1	2188,2205,2120,2032,2200,2211,2194,2183,2205
NA19328	CLASP1	2348,2357,2367,2363,2367,2368
NA19113	FOCAD1	2136,2153,2164,1754,2145,2010,2069
NA19129	FOCAD1	2146,2119,2177,2160,2155,2154,2148,2128,2160,2157,2143,2143,2170,2139,2199
NA19144	FOCAD1	2504,2570,2145,2529,2122,2152,2141,2530,2520,2532,2547,2382,2138
NA19153	FOCAD1	2528,2538,2533,2554,2266,2536
NA19118	FOCAD1	2127,2094,2148,2151,2051,2149,2115,151
NA19119	FOCAD1	2103,2138,2142,2466,2130,2129
NA19137	FOCAD1	2524,2153,2569,2543,2149,2541,2495,2527,2516,2066,1944,2531,2122
NA19193	FOCAD1	2111,2149,2529,2540,2539,1645,2144,1932,2133,2519,2497,2128,2101,2336,2524,2515,2124,2518
NA19319	CLASP1	2362,2372,2295,2367,2387,20511,2355,2359,2369,2375,2371,2328
NA19127	FOCAD1	2147,2148,2161,2138,2140,2132,2144,2153,2150,2157,2041,1901,2081,2126,1941,2129
NA19122	FOCAD1	2724,1906,2728
NA19189	FOCAD1	2143,2517,2512,2164,2147,2155,2148,-983,2148,2535,2129
NA19147	FOCAD1	2522,2140,2155,2478,2138,2152,2162,2088,2176,2155,2550
NA19146	FOCAD1	2168,1803,2540,1883,2150,2444,2066,2152,2150,2482
NA19128	FOCAD1	2174,2141,2142,2149,2154,2133,2114,2125,2177,2059,-1839,2174
NA19197	FOCAD1	2340,2345,2355,2341,2298
NA19472	ASB1	2599,2598,1157,1173,1150,1163,2566,1522,1145,2575,1143,1443,1152,1142,1127
NA19122	ASB1	1602,1584,1612,1590,1556
NA19114	ASB1	1321,1313,1308,1329,1321
NA19118	ASB1	1457,2559,2086,1484,792,1486,1239,1473,2576,1455,1423,2455,1486,1476,1307,1416,2528,2556
NA19129	ASB1	1609,1193,1598,1194,1195,1069,1585,1584,1156,1193,1198,1607,946,1598,1597,1190,1575,1150,1188,1600
NA19472	CLASP1	2187,2136,2373,2319,2189,2197,2189,2318,2169,2375,2136,2284
NA19193	ASB1	1677,1599,2485,1596,2493,2425,1600,2487,532
NA19144	ASB1	1944,1604,1475,1591,1604,1946,1590,1602,1573,1605,1609,1579,1582,1612,1687
NA19096	ASB1	2871,1307,1323,2903,2810,434,1604
NA19146	ASB1	1991,2434,2463,2467,2060,2487,2480,2456,2410,2458
NA19101	ASB1	1547,1585,1486,1608,2457,1588,2179,2475,1569,2349,2401
NA19153	ASB1	1318,1316,1282,1324,1315,1315,1131,1315,1312,1305
NA19119	ASB1	1511,1605,927,1599,1604
NA19197	ASB1	2459,2435,2480,2458,2464,2464,2473,1943
NA19147	ASB1	1324,1198,1310,964,1318,1300,1079,1183,1196,1304
NA19189	ASB1	1950,1957,3228,1965,3239,1716,3231
NA19127	ASB1	3198,1192,1196,1212,1203,1155,1206,1203,3235,3215,1022,-8930
NA19128	ASB1	1588,1598,1590,1606,1621,1587,1600,1602,1540,1446,-1166,1591
NA19137	ASB1	1582,1586,1596,1603,1309,1607,1205,1321,1591,1583
NA19113	ASB1	2477,997,2473,995,991,2462
NA19144	CLASP1	2198,2177,2211,2191,2116,2171,2191,2186,2147,2208,2184,2198,2162
NA19119	CLASP1	2327,2214,2358,2199,2210,2177,2093,2191
NA19101	CLASP1	2344,2354,2339,2348,2336,2367,2378,2326,2337,2378,2297,2349,2363,2345,2371,2361,2281
NA19153	CLASP1	2340,2368,2360,2315,2205,2199,2359,2203,2183
NA19189	CLASP1	2375,2351,2369,2357,2361,2367,2333,2374,2337,2358,2342
NA19137	CLASP1	2360,2367,2379,2369,2367
NA19122	CLASP1	2172,2368,2144,1973
NA19127	CLASP1	2361,2354,2345,2370,2383,2366,2360,2361
NA19128	CLASP1	2100,2194,1959,2158,2203,2205
NA19114	CLASP1	2196,2373,2361,2378,2361
NA19096	CLASP1	2184,2347,1947,2360,2195,1791,2357,2354
NA19193	CLASP1	1852,2162,2189,2187,2358,2362,2177,2187,2365
NA19129	CLASP1	2193,2343,2363,2188,2386,2138,2180,2348,2355,2197,2195,2221,2183,2208,2183,2310,4349,2197
NA19146	CLASP1	2357,2364,2365,2341,2352,2359,2345,2335,2364
NA19113	CLASP1	2198,2206,2144,2188,2163,2181,2205,2200,2186,2172,2194,2181,2170,2205,5701,2164,1954
NA19147	CLASP1	2106,2185,2187,2092,2351,2216,2179,2213,2339,2348,2266
NA19118	CLASP1	2364,2368,2384,2310,2349,2363,2360,2281,2390,2321,2363,2381,2347,2359,2357
NA19197	CLASP1	2132,2342,2119,2120,2102
NA19027	FOCAD1	1673
NA19080	FOCAD1	2317,2403,2146,2504,2529,2176,2484,2102,2120,2524,2155,2472
NA19068	FOCAD1	2142,2124,2135,2156
NA19012	FOCAD1	2502,2533,2544,2551,2526,2546
NA19055	FOCAD1	2163,2135,2128,2051,1928,2117,2123
NA19024	FOCAD1	2533,2530,2552,2527,2539
NA19070	FOCAD1	2542,2519
NA19028	FOCAD1	2521,2494,2534,2520,2428,2508,2517
NA19031	FOCAD1	2135,2096,2151,2393,2162,2148,2171,2483,2169
NA19001	FOCAD1	2547,2117,2543,2526,2552,2550,2530,2530
NA19059	FOCAD1	2123,2165,2517
NA19086	FOCAD1	2164,2126,2146,2374,2094,2166,2161,2505,1888,2531
NA19037	FOCAD1	2129,2176,2158,2152,2154,2154,2120,2158,2107
NA19003	FOCAD1	2156,2149,2166,2536,2544,2142,2542,2531,2528,2169,2086,2158,2530,2534,2538
NA19011	FOCAD1	2155,2142,2154,2158,2146,2097,2150
NA19043	FOCAD1	2153,2704,2164,2709,2152,2689,2732
NA18989	FOCAD1	2104,2145,2158,2136,2138,2128,2157,2077,2168,2135,2077,2153,2141,2125,2158,1815,2105,2125,2157,2166,1805,2148,2183,2087,2089,2012,2078,2152,1864,2148,2078,2137
NA19024	ASB1	3240,1158,1153,1161,1918,911,1755,1154,1162,1159,2362
NA19068	ASB1	1167,869,1291,1166,1113,1312,1157,1309,1251
NA19028	ASB1	2491,1158,2469,1270,924,2171,1799,2463,1173
NA19080	ASB1	1194,1147,1214,1141,1059,1125,1162,1154,1152,1162
NA19024	CLASP1	2443,2203,2295,2199,2209
NA19086	ASB1	1590,1599,1126,1504,1569
NA19028	CLASP1	2191,2199,2190,2131,2002
NA19037	ASB1	1139,1583,1601,1162,1574,1589,1140,1171,1600,1576,1163,1158
NA19012	ASB1	1152,1161,1150,1145,1162,1158,1156
NA19059	ASB1	973,1166,1155,1161,1150,1149,1173,-2128,1154
NA19027	ASB1	2448,1249
NA19080	CLASP1	2058,2150,2115,2197,1711,2170,2127,2116
NA19031	ASB1	1327,1363,3124,1146,3012,1314,1341,3710,1321,1310,1096,168
NA19070	ASB1	1155
NA19086	CLASP1	2131,2326,2191,2323
NA19019	FOCAD1	2156,2156,2173,2263,1840,2149,2142,2145,2146,2148
NA19017	FOCAD1	1966,2148,2565,2120,2551,2161,2165,2146,2154,2122,2152,2539,1990,2168,2554,2159
NA19022	FOCAD1	2162,2774,2768
NA19055	ASB1	1154,1041,1154,1152,1133,1157,1211,1128,1144,1139,1189,1017
NA19037	CLASP1	2197,2149,2111,2190,2348,2198,2375,2325
NA19001	ASB1	1263,1160,1157,1316,1320,1151,1137,1321
NA19012	CLASP1	2181,2165,2197,2154,2163,2197,2187,2186,2186,2219,2193,2190,2183
NA19043	ASB1	1480,1241,1592,1275,1598,1548,1591,1608,1610,1225,1269,1260,1277,1273,1604,1396
NA19003	ASB1	1322,1306,1325,1319,1149,1329,1157,1317
NA19011	ASB1	1195,1302,1306,1304,1196,1192,1313,1264,1199
NA19031	CLASP1	2353,1979,2037,2359
NA19022	ASB1	1250,1312
NA19019	ASB1	3231,10222,3232,1170,1159,6295,1160,1165
NA19068	CLASP1	1939,2210,2206,2103,2193,2152,2087,2114,2162,2192
NA19055	CLASP1	2154,2300,2201,2178,2268,2356,2346
NA19027	CLASP1	2195,2191,2142
NA19070	CLASP1	1358,2080,2175,2190
NA18989	ASB1	1606,1595,1598,1608,1602,1569,1597,1575,1607,1464,109
NA19059	CLASP1	2177,2171,1842,2881
NA19011	CLASP1	2173,2349,2304,2344,2199
NA19003	CLASP1	2199,2197,2188,2190,2198,2181,2184,2202,2192,1550,2192,2192
NA19001	CLASP1	2349,2337,2179
NA19043	CLASP1	2372,2368,2200,2159,2153,2167,1953,2192,2301,2192,2364,2360,2363,2357,2158
NA18941	FOCAD1	2172,2113,2156,2015,2155,2174,2161,2155,2141,2161,2152,1909,2151
NA19019	CLASP1	2218,2202,2189,2217,-2750
NA18940	FOCAD1	2522,2568,2521
NA18913	FOCAD1	2149,2124,2141,2169,2143
NA19022	CLASP1	2196,2182,2203,2198,2192,2185,2164,2207,2184
NA18912	FOCAD1	2521,2548,2146,2133,2151,2526,2508,2537,2522,2546
NA18977	FOCAD1	2150,2139,2505,2518,2143,2115,2152,2520,2468,-2241,2537,396,2140,2149,2063
NA18980	FOCAD1	2134,2148,2523,2135,1900,2168,2540,2100,2042,2529,2162,2241,2535,2508,2172,2554,2154,2516,2523,2505,2148,2126,2130,2132,2148
NA18971	FOCAD1	2524,2529,2542,2391,2528,2517,2519,2529,2541,2538
NA18968	FOCAD1	2548,2531,2543,2543,2567,2472,2511,2527,2321,2550,2547,2497,2533,2545,2546,2534,2465,2521,2599,2423,2544,2555,2568,2519,2536,2378,2527,2546
NA18983	FOCAD1	2459,2502,1833,2504,2509,2535,2151,2514,1548,2083,2180,2530,2495,2149,2511,2513
NA18972	FOCAD1	2075,2538,2522,2510,2411,2498,2375,2536,2491,2482,2524,2509
NA18946	FOCAD1	2080,2520,2534,2528,2109,2145,2166,2146,2149
NA18944	FOCAD1	2538,2147,2482,2539,2522,2153,2547,2554,2151,2543,2156,1875,356,2088,2146,2522,2537
NA18974	FOCAD1	2172,2514,2538,1908,2146,2517,2159,2501,2156,2171,2176,2126,2553,2543,2536,2204,2519,2520,2534,2542,2506,2170,2149
NA18981	FOCAD1	2094,2507,2525,2471,2112,2513,2445,2513,2446,2498,2143,2128,2159,2140,2540,2104,2367,2189,2157,2552
NA18965	FOCAD1	2070,2513,2543,2548,2555,2523,2529,2129,2119,2127,2151,2141,2507,2099
NA18966	FOCAD1	2147,2159,2531,2159,2147,2162,2534,2518,2557,2154,2551,2148,-871
NA18942	FOCAD1	2158,2508,2516
NA18947	FOCAD1	2081,1985,2161,2343,2145,2168,2152,2141,2165,2146,2125,2523,2492,2158,2512,2510,2100,2143
NA18969	FOCAD1	2521,2538,2519,2149
NA19017	ASB1	2085,2201,2099,2199,2078,2611,2200,2058,2042,2195,1283,2007,4879,2046,2191
NA18988	FOCAD1	2142,2145,2169,2008,-3918,2141,2171,1856,2133,2106,2156,2180,2162,2108,2169,2151,2148
NA18953	FOCAD1	2483,2496,2532,2494,2520,2531,2544,2433,2573,2531,2514,2520
NA18913	ASB1	1152,2464,2474,1157,1161,2473,1160,1150,1154,2452,2068,2430,1157,902,2475,-845
NA18960	FOCAD1	2147,2159,1281,2011,2136,2082,2104,1991,1662,2047,1651,2140,2124,2139,2154,2145
NA18956	FOCAD1	2153,2132,2538,2148,2140,2551,2154,2503,2540,2156,2137,2149,2153,2520,2481,2158,1562,2157
NA18971	ASB1	1565,1581,1591,1603,1567,1603,1597,1592,1602,1599,1596,1595,1587,1597,1476
NA18942	ASB1	1439,1137
NA18912	ASB1	2470,2475,2969,2998,3002,2461,2954,2536,2484,2989,1256,1266,792,1333
NA18913	CLASP1	2368,2342,2366,2368,2340,2357,2370,2323,2363,2345,2369,2349
NA18989	CLASP1	2153,2185,2177,2171,2204,2191,2183,2211,2221,2195,2179,2150,2186,2134,2194,2097
NA18944	ASB1	1163,1136,1155,1157,1157,1160,1133,1178,1152,1156,1169,1148,1149,1159,982,1160
NA18941	ASB1	1168,1150,1160,1160,1156,1164,1154,1150,1166,1152,1158,1164,1169,1161,1163,1155
NA19017	CLASP1	2363,2355,2361,2357,2379,2368,2303,2338,2344,2350,2370,2369,2343
NA18940	ASB1	1429,1435,1441,1444,1429,1443,1283,1421
NA18983	ASB1	1157,1129,1145,1137,1146,1152,1160,1163,1164,1078,1151,1168,1149,1150
NA18966	ASB1	1076,1171,1154,1159,1154,1576,1602,1157,1550,1159,1595
NA18972	ASB1	1424,1408,1400,1423,1146,1428,1058,1150,1423,1426
NA18942	CLASP1	2343
NA18980	ASB1	1003,1161,1182,1196,1140,1160,1157,1189,964,1192,1140,1192,1191,1160,947,1196,1150,1156,5328,1162,1004,1217,1074,1151,1164,1074,1155,1162,1199,1138,1196,1158,1032,1114
NA18940	CLASP1	2100,2199,2184,2188
NA18977	ASB1	1164,1158,1120,1148,1155,1076,1159,1154,1159,1154,1164,855,1058,1103
NA18965	ASB1	1582,1322,1432,1285,1593,1599,1301,1593,1603,1595,1316,1321,1294,1314,1602,1315,1577,1320,1599,1251,1589,1310,1320
NA18988	ASB1	1152,1155,1143,1157,1157,1156,1141,1161,1161,1139,1158,1160,845,1160,1153,1153,1148,1156,1152,1160,1151,1146,819,1159,1160,1162,1155,1149,1157,1149
NA18968	ASB1	1320,1305,1166,1286,1323,1205,1156,1150,1315,1138,1151,1310,1320,1147,1226,1148,1154,1165,1156,1162,1325,1162,1157,1329,1319,1324
NA18969	ASB1	1596,1585,1588,1564,1258,1542,1574,1571,1605,1605,1319
NA18960	ASB1	1133,1236,1439,1256,1441,1313,1315,1163,1327,1322,1233,1296,1442,1259,1441,1442,1430,1324
NA18946	ASB1	1152,1114,1161,1158,1167,1157,1160,1154,1152,1156,1168,1159,1158,1156,1165,1146,1149,1088
NA18981	ASB1	1300,1531,1589,1295,1302,1593,1557,1313,1600,1329,1614,1584,1616,1562,1596,1312
NA18980	CLASP1	2176,1505,2143,2141,2188,2198,2180,2190,2197,2208,2218,2199,2191,1228,2256,2182,2177,2188,2207,2198,2198,2186,2183,1154,2184,2195
NA18974	ASB1	1146,1161,1200,1147,1161,1193,1192,976,1201,1209,1202,1157,1200,1166,1155,1210
NA18912	CLASP1	2368,2218,2368,2331
NA18941	CLASP1	2358,2360,2205,2200,2187,2360,2190,2346,2358,2370,2186
NA18971	CLASP1	2196,2200,2210,2192,2210,2203,2194,2221,2179,2201,2185,2191,2211,2176,2187,2165,2204,2137,2192,2158
NA18953	ASB1	1155,1168,1159,1157,1155,830,1156,1158,1165,1151,1147,1153,1159,1158
NA18947	ASB1	2469,1121,1138,1108,-2814,2471,1149,2076
NA18981	CLASP1	2188,1991,2194,2184,2180,2128,2248,2186,2175,2154,2195,2198,2178
NA18944	CLASP1	2198,2200,2182,2201,2144,2152,2188,2207,2194,2177,2201,2193,2185,2201,2177,2173
NA18974	CLASP1	2360,2196,2193,2103,2202,2233,2363,2125,2199,2221,2361,2195,2349,2101
NA18966	CLASP1	2332,2416,2343,2343,2355,2365,2334,2323,2332,2355,2351,2228,2186,2336,2364,2368
NA18956	ASB1	1153,1591,1163,929,1585,1591,1606,959,1142,1601,1603,1139,1627,1595,1595,1193
NA18983	CLASP1	2197,2206,2193,2054,2200,2132,2188,2151,2208,2196,2197,2139,2217,2161,2027,2178,2138
NA18972	CLASP1	2121,2203,2194,2136,2208,1913,2162,2027,2196,2177,2115,2192,2251,2207,2216
NA18953	CLASP1	2351,2296,2253,2345,2308,2352,2328,2320,2307
NA18977	CLASP1	2178,2181,2197,2201,2198,2208,2192,2074,2180,2171,2128,1268,2096,4114,2190,2192,2225
NA18947	CLASP1	54219,1543,2181,2165,2196
NA18968	CLASP1	2214,2207,2305,2368,2185,2199,2198,2206,2207,2199,2194,2281,2244,2337,2174,2196,2366,2105,2174,2181,2343,2376,2199,2209,2359,2367,2224,2306,2364,2317,2372,2367,2334
NA18988	CLASP1	2197,2157,2203,2171,2223,2185,2176,2186,2205,2192,2199,2174,2199,2203,2180,2207,2196
NA18956	CLASP1	2361,2354,2204
NA18969	CLASP1	2356,2340,2203,2359,2332,2377,2198,2356,2036
NA18599	FOCAD1	2150,2549,2527,2149,2541,2445,2169,2155,2530,2514
NA18603	FOCAD1	2524,2505,2521,2566,2465,2508,2538,2524,2548,2525,2543,2544,2535,2520,2533,2548,2533,2546,2414
NA18946	CLASP1	2180,2213,2207,2352,2161,2150,2198,2080,2346
NA18868	FOCAD1	2473,2540,2537,2537,2150,2136
NA18605	FOCAD1	2020,2238,2542,2544,2170,-12074,2144,2545,2139,2151,2156,2506,2511,2138,2158,2138,2117,2547,2261,2141,2129,2149,2134,2526,2518,2137,2542,2532
NA18637	FOCAD1	2409,2555,2549,2480,2400,2532,2482,2527,2551,2514,2489,2546
NA18867	FOCAD1	2539,2545,2544
NA18859	FOCAD1	2143,2134,2159,2541,2539,2533,2534,2161,2513
NA18965	CLASP1	2212,2210,2196,2184,2206,2172,2205,2188,2178,2146,2111,2209,2193,2202,2214
NA18873	FOCAD1	2542,2523,2522,2507,2541,2537
NA18874	FOCAD1	2162,2153,2151,2168,2141,2148,1392,2142,2153
NA18853	FOCAD1	2413,2155,2548,2541,2522,2133,2155,2158,1993,2527
NA18741	FOCAD1	2158,2520,2549,2167,2505,2142,2506,2535,2152,2148,2546,2538,2134,2524,2276,2538,2528,2157,2558
NA18621	FOCAD1	2155,2145,2111,2442,2149,2127,2105,2152,2146,2422,2273,2490,2159
NA18642	FOCAD1	2134,2182,2174,2572,2125,2169,2166,2556,2126,2157,2029,2157,2521,2151,2499,2510,2166,2355,2485,2536,2057,2158
NA18639	FOCAD1	2164,2486,2451,2127,2516,2540,2517,2133,2148
NA18625	FOCAD1	2532,2535,2537,2535,2548,2525,2525,2554,2534,2524,2524,2524,2537,2538,2548,1931,2548
NA18632	FOCAD1	2157,2138,2181,2171,2152,2148,2082,2139,2157,2134,2139,2156,2067,2149,2175,2154,1720,2167,2154,2148,2150,2139,2050
NA18623	FOCAD1	2256,2536,2531,2541
NA18862	FOCAD1	2530,2534,2503,2527,2515,2531
NA18612	FOCAD1	2157,2537,2541,2153,2148,2137,2148,2547,2523,2541,2140,2532,2193,2557,2540,2520,378
NA18616	FOCAD1	2544,2026,2540,2492,2518,2498,2153,2539,2142,2529,2151,2164,2523
NA18868	ASB1	1318,1320,1186,1561,1589,1322
NA18867	ASB1	1193,1186,1548
NA18960	CLASP1	2198,2198,2193,2159,2190,2186,2207,2166,2185,2263,2141,2150,2174,2190,4625,2198,2176,2195
NA18874	ASB1	2474,2477,2422,2910,2467,2482,2908,1793,1597
NA18599	ASB1	1140,1604,1609,1159,1142,1019,1157,1163
NA18603	ASB1	1152,1170,1159,1163,1158,1153,1156,1153,1152,1154,1157,1168,1154,1154,1162,-2241,1121
NA18862	ASB1	1158,1159,1481,1174,1475,1470,1481,1170,1152,1458,1352,1359
NA18639	ASB1	948,1605,1445,1439,1623,1564,1376,1585,1581,1592,1420
NA18741	ASB1	1300,1309,1315,1321,1450,1322,1420,1303,988,1439,1421,1302,1320,1445,1444,1441,1315,1430,1445,1432,1125,1434
NA18599	CLASP1	22718,1737,2348,2350,2172,2185,2356,2341,2206,2337,2189,2175,2173,1864,2320,2190,2323,2946
NA18873	ASB1	1203,1318,1310,1309,1316,1293
NA18859	ASB1	1602,1597,1578,1586,1603,1528,1604,1604,1607,1427,1549,1595,1630,1598,1603,1604,1375
NA18616	ASB1	1149,1164,1152,1134,1139,1140,1164,1140,1154,1162,1157,1153,1147,1155,1154,1146,1158,1157,1153
NA18603	CLASP1	2181,2353,2340,2199,2218,2212,2358,2346,2208,2352,2184,2351
NA18623	ASB1	1197,1605,1161
NA18637	ASB1	1149,1602,1159,1597,1595,1588,1167,1590,1600,1164,1164
NA18853	ASB1	2478,2431,2469,2461,1319,2386,2497,1306,2465,1320,2430,1318,2438,1323,1313,2443,1301,1320
NA18873	CLASP1	2199,2358,2339,2364,2373,2346,2197,2365,2144,2175
NA18862	CLASP1	2356,2298,2362,2374,2323,2368,2371,2357,2362,2346,2360
NA18639	CLASP1	2361,2360,2225,2195,2347,2277,2124,2336
NA18621	ASB1	1149,1170,1161,1147,1161,1161,1051,1160,1161,1171
NA18859	CLASP1	2150,2145,2064,2199,2171,2198,2167,2204,2208,2154,2203
NA18605	ASB1	1146,1154,1196,1147,1158,1155,1171,1151,1148,1157,1147,1161,1158,1144,1120,1149,1150,1159,1157,1155,1156,1157,1162
NA18623	CLASP1	2210,2175,2202
NA18632	ASB1	1159,2471,2442,2463,2456,1140,2470,1161,2481,1163,1150,1062,2472,2420,1162,1840,2434
NA18868	CLASP1	2373,2369,2360,2361,2365,2372,2363,2367,2368,2366,2361,2346,2366
NA18612	ASB1	1622,1436,1417,1620,1594,1603,1574,1432,1604,1430,1595,1439,1599,1431,1592,1435,1575,1598,1585,1453,1335
NA18867	CLASP1	2354,2352
NA18625	ASB1	1157,1156,1162,1203,1155,1164,1153,1156,1159,1136,1160,1162,1153,1155,1160
NA18874	CLASP1	2371,2367,2329,2359,2351,2366,2360,2373,2347,2361,2391
NA18642	ASB1	1160,1162,1159,1150,1156,1157,1154,1163,1162,1123,1157,1164,1171,1165,1155,1163,1159,1149,1140,960,1171,1174,1172,1169,1160
NA18616	CLASP1	2330,2193,2259,2214,2201,2312,2297
NA18625	CLASP1	2179,2127,2209,842,2207,2204,2195,2205,2153,2228,2189,2181,2198,2194,2203
NA18741	CLASP1	2185,2172,2178,2198,2182,2196,2204,2195,2193,2209,2169,2194,2035,2194,2164,2217,2117,2198,2200,2158
NA18853	CLASP1	2197,2211,2194,2177,2202,2210,2201,2180,2174,2199,2184,2215,2203,2192,2184,2205
NA18605	CLASP1	2351,2347,2121,2358,2187,2366,2204,2177,2367,2202,2202,2350,2200,2151,2363,2181,2325,2143,2170,2076,2144,2197
NA18621	CLASP1	2168,2189,2171,-8174
NA18637	CLASP1	2175,2064,2215,2185,2204,2180
NA18632	CLASP1	1934,2309,2383,1891,2325,2355,2320,2389,2341,2353,2347,2322,2313,2356,2342,2386,2341,2544,2345,2290,2333
NA18612	CLASP1	2325,2344,2363,2354,2343,2370,2348,1815,2349,2346,2163,2347,2283,2341
NA18525	FOCAD1	2541,2536,2160,2520,2480,2490
NA18523	FOCAD1	2531,2547,2551,2533,2552,2535,2534,2531,2548,2528,2540,2150
NA18642	CLASP1	1776,2196,2206,2152,2203,1620,2135,2222,2197,2201,2126,2201,1415,1974,2212,2119,2193,2206,2176,2207,2200,2207,2203
NA18520	FOCAD1	2124,2109,-5889,2164,2522,2159,2557,-12
NA18555	FOCAD1	2296,2343,2716,2341,2660,2695,2326,2514,2298,2341,2270,2347,2711,2736
NA18571	FOCAD1	2237,2518,2334,2523
NA18553	FOCAD1	2517,2523,2544,2518,2432,2546,2557,2525,2532,2536,2457,2518
NA18591	FOCAD1	2043,2121,2492,2095,2113,2531,2123,2488,2554,2082,2140,2156,2233,2118
NA18567	FOCAD1	2137,2135,2138,2120,2165,2131,2144,2168
NA18592	FOCAD1	2465,2548,2541,2521,2543,2161,2594,2535,2519,2499,2528,2549
NA18579	FOCAD1	2542,2534,2540,2523,2512,2532,2414,2542,2432,2521,2479,2490,2472,2336,2481,2505,2536,2420,2549,2533,2537,2511,2524,2233,2524
NA18526	FOCAD1	2151,2013
NA18530	FOCAD1	2151,2119,2534,2511,1692,2534,2517,2132,2494
NA18544	FOCAD1	2530,2531,2525,2145,2552
NA18565	FOCAD1	2119,2405,2524,2181,2528,2120,2486,2547,2088,2116
NA18577	FOCAD1	2157,2065,2557,2152,2518,2168,2150,2534,2515,2503,2163,2540,2145,2447,2530,2137,2171
NA18528	FOCAD1	2218,1881,2160,2038,2160,2166,1923,2119,2162,2138,2154
NA18566	FOCAD1	2169,2544,2128,2499,2162,2549,2512,2535,2525,2152,2542,1937,2152,1949,2530,2465,2127,2151,1986
NA18546	FOCAD1	2128,2537,2538,2524,2531,2493,2146,2178,2533,2118,2553,2424
NA18552	FOCAD1	2133,2148,2117,2134,2125,2167,2125,3141,2523,2075,2017,2171
NA18532	FOCAD1	2156,2064,2152,2126,2186,2150,2134,2124,2166,2140,2164,2146,2142,2137,2147,2096
NA18595	FOCAD1	2510,2068,2139,2124
NA18570	FOCAD1	2120,2043,2131,1535,2090,2149,2149,2135
NA18538	FOCAD1	2045,1996,2483,1927,2062,2435,2444
NA18540	FOCAD1	2153,2151,2174,2166,2141,2134,2103,2532,2491,-10165,2447,2158,2160,2115,2541,2543,2478,2496,2146,2144,2526,2141,2482,2535,2167,2491,2540,2434,2131,2151
NA18539	FOCAD1	2550,2488,2530,2546,2508,2242,2558,2532,2487,2562,2521,2526,2517,2347
NA18537	FOCAD1	2535,2332,2538,2524,2534,2479,2534,2557,1976,2511,2140,2528,2515,2547
NA18523	ASB1	1434,1946,1930,1475,1483,1464,1474,1464,1960,1435,1958,1962,1961
NA18520	ASB1	1311,2475,1582,1431,2470,1605,1599,2363,1488,1178,1619,1607,2443,1596
NA18525	ASB1	1115,1452,1512,1142,1153,1149,1510,1523
NA18567	ASB1	1158,1159,1161,1154,1158,-20096,1164,1154,1148,1152,1165,1159,1161,1138,1171,1118,1160,1144,1165,1133,1134
NA18570	ASB1	1159,1155,1192,1436,1433,1414,1438,1453,1160,1149,1161,1162,1389,1140
NA18520	CLASP1	2326,2239,2363,2359,2337,2179,4410,2364,2358
NA18555	ASB1	1198,1141,1160,1153,1162,851,1157,1165,1141,1165,1153,1122,1158,1159,1156,1162,1016,1165
NA18592	ASB1	1187,1156,1165,1162,1153,1176,1264,1387,1395,1147
NA18571	ASB1	1155,1150,1159,1128,1147,1162,1147
NA18595	ASB1	1144,1033,1103,1155,1168,1171,1141,1122
NA18565	ASB1	1132,970,1163
NA18530	ASB1	1323,1303,1328,1323,1152,1159,1157,1131,1159,1157,1315,1164,1332,1152
NA18537	ASB1	1618,1590,1573,1584,1604,1576,1324,1442,1604,1435,1382,1571,1600,1587,1444,1427
NA18525	CLASP1	2202,2122,2207,2112,2188,1862,2174,2186
NA18544	ASB1	1243,1482,968,1159,1166,1160,1475
NA18552	ASB1	1593,1158,1073,1597,1164,1158,1604,1597,1595
NA18570	CLASP1	2174,2203,2157,2351,2182,2187,2199,2209,2198,2196,2253,2290
NA18567	CLASP1	2298,2384,2181,2186,2322,2311,2351,2375,2310,2354,2372
NA18579	ASB1	1327,1321,1307,1292,1304,1317,1313,1323,1335
NA18523	CLASP1	2197,2190,2209,2158,2192,2014
NA18591	ASB1	1145,1438,1156,1443,1165,1142,1111
NA18555	CLASP1	2362,2384,2361,2351,2275,2361,2323,2356,2157,2123,2357,2342,2172,2187,2308,2201,2184,2194,2126,2182,2142,2342,2339,2364,2345
NA18592	CLASP1	2196,2195,2193,2161,2198,2189,2192,2222,1361,2203,2189,2189,2215,2153,2159
NA18526	ASB1	1141,1127,1127,1161,1147,1158,1091
NA18538	ASB1	1201,1265,1271,1109,1046,995,1098,1070,1027,1006,1120
NA18595	CLASP1	2295,2130,2055,2324
NA18539	ASB1	1605,1581,1446,1593,1582,1447,1597,1593,1384,1441,1448,1601,1440,1408,1442,1452,1440
NA18530	CLASP1	2025,2186,2191,2201,2197,2191,2184,2200,2170,2185,2207,2159,2165,2187
NA18565	CLASP1	2320,2361,2325,2358
NA18552	CLASP1	2194,2350,2183,2147,2195
NA18579	CLASP1	2206,2184,2161,2160,2101,2167,2221,2081,2197,2198,2209,2191,2182,2202,2068,2203,2209
NA18532	ASB1	1144,1164,1158,1607,1145,1147,1158,1188,1166
NA18553	ASB1	1149,1080,1159,1161,1161,1158,1163,1147,1162,1130,1091,1136,1157,1153,1159,1162,1153,1160
NA18546	ASB1	1160,1587,1567,1158,1591,1593,1603,1157,1157,1153,1607,1159,1159,1156,1156,1320
NA18566	ASB1	1168,1172,1599,1594,1167,1610,1599,1575,1150,1199,1120,1596
NA18538	CLASP1	2177,2133,2327,2188
NA18526	CLASP1	2197,2348,2320,2117
NA18571	CLASP1	2191,2207,2170,2209,2152,2193,2196,2211,2157,2131,2200,2123,2190,2154,2211,2193
NA18528	ASB1	1438,1165,1445,1152,1441,1144,1164,1143,1149,1443,1360,1150,1441,1432,1153,1155
NA18532	CLASP1	2366,2352,2347,2345,2346,2371,2108,2287,2292,2072,1977,2353,2368,2373,2346,2343
NA18540	ASB1	1560,1153,1145,1598,1596,1147,1605,1156,1160,1124,1553,1168,1159
NA18577	ASB1	1322,1434,1393,1358,1430,1439,1442,1309,1438,1440,1404,1293,1312,1309,988
NA18537	CLASP1	2195,2174,2332,2356,2351,2177,1927,2347,1653,2212,2185,2343
NA18528	CLASP1	1867,2193,2198,2173,2190,2178,2198,2199,2205,2195,2182,2186,2211,2199,2172,2192,2193,2189
NA18540	CLASP1	2160,2194,2186,2369,2342,2363,2373,2221,2185,2335,2198,2137
NA18544	CLASP1	33024,2207,2169,2189,2202,2177,2178,2075,2208
NA18591	CLASP1	2205,2185,2196,2178,2133,2209,2198,2208,1895,2191
NA12890	FOCAD1	2143,2114,2149,2171,2155,2119,2164,2127,2152,2141,2062,2110,2135,2141,2117,2150,2127,2161,-309,-2355,2181,2114,2165,2178
NA18539	CLASP1	2209,2365,2185,2205,2205,2346,2388,2138,2202,2183,2200,2178,2180,2204,2216,2191,2182,2164
NA12878	FOCAD1	2161,2154,2526,2177,2489,2542,2150,2481,2524
NA12877	FOCAD1	2154,2220,1965,2057,2141,2060,1992,2153,2103,2139,2139,2150
NA18566	CLASP1	2344,2199,2204,2174,2359,2345,2147,2191,2205,1983,-3444,2320,2315
NA18499	FOCAD1	2147,2173,2142,2140
NA15728	FOCAD1	2518,2490,2463,2456,2123,2135,2532,1935,2134
NA12889	FOCAD1	2156,2149,2137,2149,2136,2142,2133,2176,2142,2150
NA18510	FOCAD1	2366,2334,2724,2321,2718,2337,2334,2711,2331,2722,2335,2737,2312
NA18504	FOCAD1	2128,2130,2133,2135,2145,2143,2132,2093,2190,2167,2120,2172
NA15732	FOCAD1	2095,2134,2113,2095,2148,2197,2137,2126,2159,2155,2140,2108,2167,1595,2169,2171,1801,2149,2157,2160,2144,2139,2106,2155,2162
NA18516	FOCAD1	2148,2086,2152,2158,2131,2144,2159
NA18498	FOCAD1	2535,2519
NA15208	FOCAD1	2147,2146,2140,2138,2117,2157,2150,2157,2147,2154,2141,2132,2116,2152,2154,2151,2124,2044,2121,2106
NA15730	FOCAD1	2166,2122,2540,2029,2172,2506,2148,2456,2161,2538,2142,2146,2546,2095,2523,2529,2529,2144,2115,-6828
NA15729	FOCAD1	2540,2352,2020,2537,2594,2521,2508,2457,2523,2515,2495,2528,2534
NA12892	FOCAD1	2542,2535,2552,2523,2529,2368,2550,2515,2530,2544,2496,2499,2528,2522,2432,2537,2546,2535
NA15727	FOCAD1	2515,2159,2147,2557,2528,2145,2519,2450,2453,2085,2155,2154,2165,2132,2552
NA15725	FOCAD1	2511,2084,2528,2160,2522,2501,2538,2142,2524,2155,2529,2490,2564
NA18502	FOCAD1	2523,2155,2560,2534,2139,2151,2158,2148,2076,2537,2152,2165
NA18553	CLASP1	2202,2172,2192,2354,2111,2184,2119,2200,2181,2361,2198,2197,2358,2220,2389,2362,2361,2203,2189,2362,2362,2353,2379,2301,2315
NA15204	FOCAD1	2161,2142,2150,2546,2144,2526,2495,2529,2172,2156,2154,2140,2541,2157,2524,2522,2153,2529,2150,2161
NA12891	FOCAD1	2133,2142,2142,2000,2045,2150,1888,2134,2151,2158,2141,2162,2138
NA18499	ASB1	1307,2478,2436,2474,1326,2485,1325
NA18546	CLASP1	2171,2207,2202,2187,2206,2144,2179,2190,2207,2230,2203,2197,2172
NA15728	ASB1	1158,1156,1537,1573,1134,1106,1161,1400,1607,1596,1162,1161,1167,1149,1583,1145,922
NA18498	ASB1	1596,1330,1326,1298,1307,1301,1124
NA12878	ASB1	1122,1600,1140,1594,1600,1159,1135,1603,1577,-5284,1593,1570,1163,1577,1595,1568
NA18577	CLASP1	2192,2177,2181,2224,2156,2176,2203,2191,2189,2191,2178,2230,2194,2184,2163,2217
NA18510	ASB1	1485,2472,1457,1486,1478,1469,2464,1259,1488,2407,170
NA12877	ASB1	1612,1579,1161,1154,1599,1160,1166,1181,1103,1082,1399,1379,1595,1612,1151,1180
NA15727	ASB1	1598,753,1603,1613,1589,1596,1596,1597,1437,1605,1558,1602,1601,1588,1589,48
NA15732	ASB1	1166,1594,1550,1158,1150,1602,1580,1156,1155
NA18504	ASB1	1957,1611,1584,1613,1611,1937,1608,1963,1604,1962,1604,1463,1348
NA12890	ASB1	1586,1152,1600,1606,1135,1154,1035,1599,1604,1158,1154,1595,1589,1143,1156,1013,1136,1167,1573,1169,988
NA15730	ASB1	1154,1158,1639,1636,1124,1159,1617,1587,1163,1166,1612
NA12889	ASB1	734,1140,1147,1104,1121,1156,1161,1163,1150,919,1159,1155,1153,1151,1155,1145,1114
NA12891	ASB1	1113,1088,1162,1091,1156,1155,1033,1159,1146,1164,1166,1156,1165,1067,1169
NA15208	ASB1	1150,1157,1391,1607,1134,1154,1599,1168,1605,1152,1160,1155,1144,1698,1118
NA18516	ASB1	1227,2416,3228,3245,3214,3238,2480
NA18502	ASB1	1322,1163,1303,1306
NA12877	CLASP1	2191,2051,2155,1928,2186,2166,2203,2172,2169,2193,2191,2188,1993,1964,2192,2178,2183
NA12892	ASB1	1140,1162,1145,1156,1166,1157,1563,1147,1151,1601,1183,1520,1599,1099,1598,1597,1151,1159,1575,1602,1169,1588,1152,1593,1181,1605,1263,924,1564,1136
NA18510	CLASP1	2192,2213,2213,2179,2168,2336,2199,2340
NA15729	ASB1	1170,1323,1312,1142,1164,1157,1321,1301,1167,1161,1312,1176,1296,1314,1162,1142,902
NA18499	CLASP1	2336,2236,2375,2391,2360,2105
NA15725	ASB1	1600,1492,1604,1164,1584,1578,1190,1600,1156,2807,1141,1300,1520,1134
NA12878	CLASP1	2166,2148,2082,2198,2193,2179,2195,2177,2198,2184
NA15730	CLASP1	2198,2186,2334,2191,2208,2380
NA15204	ASB1	1161,1157,1582,1156,1142,1238,1618,1165,1146,1617,1168,1159,1608,1117,1579,1155,1165,1582,1133,1594,1141,1143,1605,1242,1571,1159,1591,1151,1161
NA18498	CLASP1	2361,2361,2363,2367,2363,2378,2344
NA15208	CLASP1	2145,2207,2203,2215,2205,2194,2124,2204,2145,2214,2198,2193,2199,2141,2196,1696,2203,1993,2196
NA15728	CLASP1	2190,2190,2192,2201,2161,2186,2139,2197,2183,2190
NA12892	CLASP1	2196,2196,2184,2278,2207,2173,2200,2174,2219,2184,2201,2149,2205,-2826,2212,2199,2198
NA12890	CLASP1	2160,2195,2198,2108,2202,2161,1324,2179,2207,2112,2150,2183,2198,2141,2195,2200,2200,2143,2208,2204
NA15729	CLASP1	2182,2194,2211,2213,2207,2212,2214,2306,2190,2147
NA15732	CLASP1	2193,2345,2338,2348,2192,2179,2341,2338,2310,2191,1341,2196,1982,2324
NA12889	CLASP1	2201,2206,2196,2086,2218,2200,2168
NA15727	CLASP1	2177,2152,2176,2164,2166,2215,2198,2156,2116,2182
NA15204	CLASP1	2203,2190,1984,2298,2177,2327,2200,2203,2367,2325,2205,2190,2277,2299,2355,2199,2197,2209,2284,2341,2153,2345
NA18504	CLASP1	2194,2369,2370,2349,1467,2209,2147,2362
NA12891	CLASP1	2155,2209,2196,2201,2210,2184,2176,2203,2204,2110,2194,2194,2181,2131,2203,2149
NA18516	CLASP1	2014,2355,2201,2211,2395
NA18502	CLASP1	2104,2190,2062,2190,2192,1581,2180,2190
NA15725	CLASP1	1983,2174,2165,2198,2186,1926,2207,2208,2232,2174,2196,2176,2102,2007,2174,2203,2183,2198
NA07014	FOCAD1	2550,2436,2148,2079,2106,2542,2525,2137
NA06989	FOCAD1	1605,2027,2152,2151,2150,2181,2164,2143,2164,2104,2150,2187,2132,2160,2070,2164,2131,2155,2146,2154,2163,2150,2079,2151,2099,2153
NA12386	FOCAD1	2017,2139,2152,2051,2137,2160,2077,2144,2140
NA12335	FOCAD1	2526,2550,2539,2520,2036,2114,2176,2149,2352,2529,2488,2535,-1258,2148,2129,2545
NA12801	FOCAD1	2146,2141,2154,2154,2103,2143,2054,2140,2149,2156
NA12766	FOCAD1	2139,2085,2128,2134,2149,2117,2158,2146,2159,2145,2148,2148,2145,2125,2157,2122,2126,2020,2138
NA10850	FOCAD1	2542,2498,2538,2514,2533,2563,2529,2383,2527,2501,2532,2512,2557,2543,2416,2300,2513,2532,2552,2549,2506,2520
NA07348	FOCAD1	2163,2531,2146,1963,2527,2160,2176
NA10851	FOCAD1	2148,2164,2164,2162,2155,2158,2156,2162,2168,-10631,2152,2158,2146,2119,2157,2162,2182,2093,1614,2125,2148,2141,2124
NA12336	FOCAD1	2065,2142,2498,2523,2545,2537,2534,2555,2554,2160,2144,2524,2530,2111,2454,2126,2136,2146,2009,2530,1980,2536,2535
NA10852	FOCAD1	2453,2501,2537,2437,2540,2536,2507,2529,2333,2537,2538,2536
NA10856	FOCAD1	2161,1864,2156,2000,1753,2148,2079,2169,2106,2027,2159,2088,3745,2151
NA10861	FOCAD1	2152,2547,2086,2541,2040,2529,2034,2333,2141,2537
NA07048	FOCAD1	2543,2534,2533,2157,2540,2172,2150,1884,2510,2534,2523,2532
NA07019	FOCAD1	1801,2132,2153,2080,2148,2138,2131,-1741
NA12802	FOCAD1	2132,2118,2129,2163,2142,2125,2148,2145,2042,2148,2169,2130,2155
NA10857	FOCAD1	2152,1673,2152,2155,1803,2181,2145
NA10835	FOCAD1	2716,2153,2147,2101,2155,2205,2737,2731
NA10842	FOCAD1	2157,2142,2150,2141,2151,2155,2152,2138,2165,2147,2144
NA10859	FOCAD1	2148,2132,2168,2128,2114,2143,2158
NA10843	FOCAD1	2130,2524,1852,2157,2550,2530,2526,2150,2138,2520,2145,2527,2496,2133,2536,2517,2507,2524,2140,2159,2116,2181,2156,2156,2133,2162,2146,2460,2147,2153,2533
NA10839	FOCAD1	2053,2148,2156,2174,2128,1836
NA12376	FOCAD1	2433,2522,2030,2121,2101,2145,2059,2141,2399,2552,1994,2129,2543,2546,2432,2088
NA10856	ASB1	1595,1604,1590,1593,1600,1592,1602,1596
NA07019	ASB1	1162,1098,1151,1138,1160,1132,1141,1157
NA10861	ASB1	1046,1595,1039,1591,1037,1602,1043,991,1022,1031,1040,1572,1029,1599,1040,1022,1570,1476,1042,1598,1241,1527,1602,1038
NA10839	ASB1	1138,995,1160,1150,1091,1175,1132,1164,1168,1159,1160,1154
NA07014	ASB1	1160,1603,1161,1165,1108,1154,1581,1611,1154,1546,1169,1590,1136,1158,1606,1590
NA10859	ASB1	2483,-15820,2451,2490,2457,2481,2248,2460,2419
NA06989	ASB1	1155,1159,1151,1173,1148,1153,1151,1217,1153,1152,1158,1163,1147,1104,1081,1171,1161
NA12766	ASB1	1605,1589,1590,1591,1571,1271,1559,1461,1611,1604,1601
NA10857	ASB1	1602,1587,1512,1596,1603,1607,1597,1066,1159,1155,1138,1162,107
NA07348	ASB1	1154,965,1158,1159,1151,1147,918,1163,1173,1209
NA10856	CLASP1	2025,2200,2189,2159,2189,1795,2176,2129,2140,2214,300,2157
NA12386	ASB1	1503,1585,1602,1601,1595,1064,1596,1159,1573,1594,982
NA12801	ASB1	1538,1146,1601,1588,1127,1138,1586,1140,1160,992
NA07048	ASB1	1161,1594,1153,1550,1595,1584,1759,1153,1166,1596,1156
NA10861	CLASP1	2196,2218,2201,2199,2161,1832,2199,2191,2207,2203,2210,2202,2203,2192,2128,2205,2172,2230,2205,2191,2196,2203,2128,2218,2197,2214,2201
NA12802	ASB1	1141,1164,1152,1166,1151,1157,1158,1164,918,1154,1162,1166,1157,1152,1144,1145
NA07014	CLASP1	2189,2166,2179,1642,2166,2202,1771,2201,2185,2191,2199,2195,2199,2192,2167
NA06989	CLASP1	2202,2188,2193,2228,2176,2165,2196,2202,1775,2193,1012,2199,2200,2197,2175,2192,2039,2222
NA10835	ASB1	1586,1599,1597,962,1153,1144,1243,1162
NA10839	CLASP1	2105,2177,2199,2357,2197,2348,2363,2364,2326,2196
NA12335	ASB1	1449,1599,1126,1602,1580,1559,1599,1595,1138,1605,1601
NA07348	CLASP1	2224,2207,2179,2214,2215,2207,2192
NA10859	CLASP1	2163,2210,2204,2166,2202,2192
NA12386	CLASP1	2159,2176,2181,2186,2181,2204,2173
NA12766	CLASP1	2145,2206,2173,2176,2178,2158,2194,2192,2191,2197,2184,2145,2187,2177
NA12802	CLASP1	2198,2190,2208,2201,2185,2211,2170,2188,2204,2176,2141,2206,2213,2201,2183,2203,2216
NA10842	ASB1	1159,1598,1580,1602,1552,1152,1596,1598,1167,1593,1600,1604,1156,1593,1593,1545,1158,1157,1154,1159,1144,1157,1154,1572,1593,1159,1520,1359,1168,1162
NA10852	ASB1	1139,1568,1612,1601,1162,969,1159,1157,1599,1599,1591,1591,1132,1071,1157
NA10851	ASB1	1041,1153,984,1151,1161,1161,1095,1111,937,1154,1157,1159,1148,1137,1151,1129,1144,1162,1143,1157,1136,1167,1141,1173,1053,1136,1163
NA07019	CLASP1	2182,2101,2163,2199,2187,2198,2198
NA10850	ASB1	1595,1154,1593,1168,1161,1154,1162,1142,1572,1588,1601,1155,1164,1604,1061,1608,1141,1625,1488
NA12336	ASB1	1572,1582,1348,1612,1601,1527,1591,1430,1562,1603,1597,1600,1560,1595,1594,1600,1602,1544,1609,1560,1608,1592,1584
NA12801	CLASP1	2197,1142,2185,1722,2164,2242,2206
NA10857	CLASP1	1997,2067,2194,2071,2279,1840,2150,2206,2206,2036,2164,2214,2203,2188
NA12376	ASB1	1548,1077,1598,1609,1069,1066,1080,1056,1067,1538,1088,1582,1076
NA10835	CLASP1	2193,2193,2180,2208,2194,2207,2195,2190,2190,2154,2177,2173,2153,1998
NA10843	ASB1	1154,1584,1170,1583,1599,1164,1151,1163,1115,1152,1598,1590,1595,1164,1595,1511,1151,1560,1575,1162,1598,1172,1600,1166,1597,1582
NA12335	CLASP1	2138,2182,2188,2197,2026,2143,2199,2156,2194,2193
NA07048	CLASP1	2199,2204
HG04070	FOCAD1	2541,2538,2165,2539,2529,2510,2550,2546,2159,2146,2542,2147,2150,2528,2524,2156
HG04062	FOCAD1	2100,2078,2015,2126,2118,2057,2122,2059,2145,2118,2117,2142,1848,1574,2157,2148,2093
HG04039	FOCAD1	2553,2507,2533,2494,2529,2517,2539,2399,2533,2505,2529,2518,2544,2274,2533,2531,2521,2517,2338,2529,2566,2528,2412
HG04025	FOCAD1
HG04024	FOCAD1	2512,2498,2529,2158,2157,2517,2528,2536,2160
HG04200	FOCAD1	2138,2154,2152,2144,2193,2158,2171,2163,2141,1860,2141,2149,2136,2153,2121,2140,2144,2144,2142,2161,2150,2141
HG04183	FOCAD1	-20725,2150,2146,2150,2550,2534,2169,1966,2171,2157,2158
HG04192	FOCAD1	2524,2544,2518,2512,2533,2211,2516,2535,2533,2529,2550,2539
HG04227	FOCAD1	2137,2527,2146,2139
HG04194	FOCAD1	2191,2155,2532,2474,2553,2097,2142,2151,2156,2142,2152
HG04210	FOCAD1	2515,2536,2095,2534,2020,2148,2383,2136,2539,2528,2527,2162,2514,2528
HG04191	FOCAD1	2166,2082,1981,1970,2159,2227,2531,2169,2158,2533,2518,2061
HG04180	FOCAD1	2139,2134,2148,2072,2154,2143,2041,2146,2129,2153
HG04156	FOCAD1	2636,2609,2456,2527,2511,2186,2400,2632,2539,2492,2461
NA12376	CLASP1	2113,2343,2338,2366,2346,2356,2352,2188,2340,2329,2184,2361,2185
HG04186	FOCAD1	2503,2154,2542,2433,2013,2097,2495,2150,2160,2139,2148,2519
HG04177	FOCAD1	2506,2539,2538,2531,2523,2532,2523,2005,1782,2048,2153,2512,2534,2156,2142,2522,2149,2069,2549,2147,2514,2501
HG04198	FOCAD1	2140,2131,2159,2147,2153,2150,2168,2154,2171,2151,2163,2159,2164,2158,2162,2155
HG04131	FOCAD1	2142,2145,2150,2150,2029,2134,2139,2145,2160,2172,2147,2164,2068,2145,2099,2171,2131,2103,2152,2135,2167,1719,2226,2157,2117
HG04147	FOCAD1	2294,2520,2455,2133,2546,2541,2523,2539,2500,2532,2548,787
HG04132	FOCAD1	2558,2468,2543,2523,2536,2522,2528,2557,2526
HG04146	FOCAD1	2130,2157,2161,1721,2177,2141,2151,2121,2095,2151,2133,2158
HG04128	FOCAD1	2135,2154,2159,1177,2149,2143,2151,2180,2141,2002,2145
HG04149	FOCAD1	2198,2148,2149,1914,2140,2152,2146,2143,2169,2133,2149,2042,2151,2150,2264,2131,2143,2158,2139,2154,2123,2143,2106,2057,2161,2148,2156,2007,2049,2166,2162,2173,2059,2146,2152,3676,2185,2136,2120,2138,2041,2133,1985
HG04140	FOCAD1	2158,2151,2151,2129,2087,2137,2150,2131,2100,2149,2136,2089,2151,2140,2124,2164,1898,1718,2130,2100,2133,2113
HG04118	FOCAD1	2163,2147,2074,2157
HG04099	FOCAD1	2162,2118,1970,2159,2144,2162,2116,2162,2160,2074,2166
NA10852	CLASP1	2336,2336,2206,2332,2201,2208,2204,2338
NA10851	CLASP1	2201,2214,2213,2199,2180,2201,2171,2197,2186,2198,2182,2204,2127,2132,2195,2105,2187,2202,2138,2172
NA10842	CLASP1	2364,2344,2365,2207,2202,2340,2188
HG04227	ASB1	717,1116,575,1117,709,721
HG04024	ASB1	1160,1162,1161,1163,1149,1162,1029,1149,1158,1159
HG04183	ASB1	1160,1051,1158,1022,1163,1162,1164,1149,1159,1144,1134,1170,1175,1155,1153
HG04180	ASB1	1163,1160,1164,1080,1110,1119,1160,1163,1143,1129,1158,820,1101,1155,1062,-3151,1141,1135,1160
HG04025	ASB1	1159,1170,1157
HG04070	ASB1	1324,1295,1297,1561,1367,1592,1321,1147,1293,1609,1604,1228,1607,1324,1580,1314,1598,1587,1576,1596,1584
HG04194	ASB1	1155,1151,1139,1143,1162,1169
HG04227	CLASP1	2201,2200,2192,2193,2185,2070,8345,2178,2214,2165,2206,2104,2073,2182
NA10850	CLASP1	2203,2201,2205,1751,2204,2164,2203,2136,2198,2182,1735,2192,2183
HG04156	ASB1	1133,1166,1158,1147,1141,1149,1151,1160,1142,1153,1173,1152
HG04186	ASB1	1111,1096,1591,1125,1156,1157,1268,1155,1153,1151,1584,1595,1151,1168,1139,1567,1144
NA12336	CLASP1	2182,2135,2179,2135,1972,1943,2201,2143,2113,2192,2211,1999,2137
HG04146	ASB1	1149,1160,1166,1146,1211,919,1155,1150,1161,1036,1137,894,1155,1148,1160
HG04024	CLASP1	2330,2369,2183,1900,2357,2184,2378,2361
HG04062	ASB1	1573,1143,1123,1160,1547,1588,1163,1137,1611,1118,1160,1151,1591,1155,1599,1591,962,1092,1158,1586,1599,1434,1584
HG04070	CLASP1	2208,2199,2142,2199,2203,2187,2178
HG04131	ASB1	1584,1585,1592,1567,1583,1544,1604,1605,1577,1593,1566,1583,1611,1588,1606,1584,1595,1577,1591,1624,1587,1479,1589,1488
HG04183	CLASP1	2145,2210,1365,2180,2214,2180
HG04177	ASB1	1165,1575,1075,1132,1597,1585,1124,1157,1161
HG04192	ASB1	1258,1583,1556,1591,1579
HG04128	ASB1	1164,1161,1144,1163,1151,1127,11954,961,1153,1159,1140,1160,1139,1124,1164,1093
HG04200	ASB1	1600,1529,1587,1597,1614,1577,1657,1593,1564,1596,1582,1601,1541,1195,105
HG04194	CLASP1	2211,2206,2193,2199,2197,2157,2202,2175,2156,2004,2177,2180
NA10843	CLASP1	2199,2197,2183,2199,2181,2153,2197,1974,2029,2188,2199,2184,2169,2196,1806,2208,2182,2206,2143,2220,2192,2201,2199,2189
HG04132	ASB1	1154,1165,1150,1073,1168,1152,1208,1154,1148,1139,1162
HG04210	ASB1	1156,1160,1151,1155,1139,1180,1156,1163,1155,1159,1162
HG04156	CLASP1	2200,2190,2175,2158
HG04118	ASB1	1150,1154,1163,1154,1155,1151,1154
HG04131	CLASP1	2398,2371,2362,2335,2357,2372,2348,2364,2397,2344,2362,2349,2361,2368,2360,2367,2345,2357,2371,2369,2362,2351,2369,2365,2344
HG04198	ASB1	1029,1153,1162,1155,1152,1154,1165,1120,1162,1157,1170,1151,1168
HG04192	CLASP1	2013,1628,2177,2161,2124,2143
HG04147	ASB1	1160,1135,1161,1137,1156,1154
HG04099	ASB1	1168,1357,1305
HG04025	CLASP1	2161,2191,2148
HG04140	ASB1	1593,900,1587,1586,1582,1597,1577,1050,1578,1600,1600,1598,1594,1571,1610,1523,1611,1594,1522,1611,1599,1683
HG04210	CLASP1	2125,2345,2355,2362,2208,2180,1960,2189,2202,2223,2202
HG04118	CLASP1	2348,2362,2193,2353,2175
HG04039	ASB1	42212,2476,2491,1162,2441,1156,1152,1168,1162,1268,1154,2458,1120,2471,1154,2469,2486,1140,2475,2484,2449,1164,2479,1170,1000
HG04198	CLASP1	2200,2105,2200,2190,2157,2199,2201,2193,2190,2213,2192,2136,2163,2198,2194,2206,2212
HG04180	CLASP1	2195,2181,2090,2208,2209,2172,2214,2206,2176
HG04062	CLASP1	2372,2368,2364,2357,2201,2200,2310,2348,2350,2370,2181,2130,2155,2292,2362,2198,2019,2163,2165
HG04191	ASB1	1166,1313,1329
HG04140	CLASP1	2334,-49654,1945,2067,2364,2358,2195,2361,2178,2355,2289,2339,2184,2364,2190,2354,2135
HG04149	ASB1	2437,1116,1807,2408,2418,1584,1583,1594,1608,1574,1544,2437,2412,1553,2439,1288,1475,1550,2434,1596,1342,1565,1584,2436,1778,2384,2374,1588,2420,1074,2103,1596,1574,1556,1616,1566,1573,1230,1576,1296,2413,1604,1359,2022,71
HG04186	CLASP1	2194,2198,2168,2139,2212,2119,2192,1960,2178
HG04146	CLASP1	2190,2191,2174,2262,2195,2170,2201,2084,2188,2207,2191,2201,2370,2341,2366
HG04177	CLASP1	2198,2179,2204,2196,2191,2205,2115,2189,2145,2186,2215,2176,2207,2191,2172,2267
HG04200	CLASP1	2191,2198,2141,2196,2210,2215,2151,2188,2157,2218,2201,2197,2195,2200
HG04099	CLASP1	2208,2204,2198,2190,2202,2203,2202,2197,2188,1523
HG04132	CLASP1	2359,2192,2188,2370,2375,2172
HG03965	FOCAD1	2744,2727,2725,2162,1729,2736,2186,-2180,2708,2141
HG03963	FOCAD1	2532,2153,2145
HG03941	FOCAD1	2529,2536,2156,2540,2541,2508,2136,2152,2505
HG04039	CLASP1	2188,2205,2170,2178,2232,2187,2180,2210,2174,2186,1314,2184,2168,2194,2196,2146,2199,2204,2169,2204,2198,2189
HG04018	FOCAD1	2099,2168,2161,2166,1902,2162,2145,2152,2158,2160,2145
HG04147	CLASP1	2297,2367,2296,2120,2190,2187,2349,2338,2333,2177,2192,2357,2113,2370
HG04149	CLASP1	2205,2242,2195,2203,2190,2345,2361,2350,1344,2180,2313,2355,2186,2191,2204,-10014,2193,2178,2196,2323,2202,2163,2341,2204,2307,2341,2345,2210,2188,2328,2121,2360,2345,2331,2343,2348,2194,2184,2320
HG03947	FOCAD1	2155,2166,2153,1707,2127,1861
HG04017	FOCAD1	2522,2584,2530,2509,2181,2528,2152
HG04128	CLASP1	2167,2190,2215,2123,2172,2160,2173,2201,2194,2187,2183,2192,2097,2182,2142,2185,2006,2225
HG03999	FOCAD1	2544,2510,2161,2535,2157,2151,2527,2090,2520,2531,2129
HG03977	FOCAD1	2490,2150,1733,2162,2531,2517,2431,2146,1818,2130,2151,2146,2170,2159,2155,2544,2153
HG03972	FOCAD1	2162,2149,2116,2166,2146,2149,2145,2154,2154,2145,2233
HG04020	FOCAD1	1708,2135,2156,2138,2157,2172,2153,2149,2168,2122,2155,2166,2158,1653,2149,2151,2168,2143,2127,2151,2148,2148,2135,2134,2158
HG04006	FOCAD1	2513,2163,2537,2530,2101,2158,2530,2537,2162,2514
HG04014	FOCAD1	2550,2535,2528,2525,2511,2516,2537
HG04015	FOCAD1	2171,2166,2149,2161,2152,2168
HG03990	FOCAD1	2149,2131,2169,2172,2111,2139,2149,2174,2149,2146,2133,2137,2155
HG03976	FOCAD1	2451,2153,2510,2542,2157,2558,2146,2164,2056,2492,2158
HG03968	FOCAD1	2156,2174,2078,2100,-8104,2162,2143,2150,2130,2159,2117,2164
HG03973	FOCAD1	2524,2573,2550,2539,2536,2476,2523,2512,2446,2530,2872,5068,2503,2554,2554,2514
HG03963	ASB1	1591,1724,1623,1635,1627,1156,1157,1169,1165
HG04022	FOCAD1	2521,2538,2154,2155,2135,2532
HG04191	CLASP1	1435,2190,2143,2176,2201,2159,1509,2192
HG03965	ASB1	1143,1163,1122,1162,1159,1153,1152,1156,1156,1166
HG03947	ASB1	1180,1165,1119,2456,1155,2462,2459
HG03941	ASB1	1192,1594,1346,1586,1593,1624,1594,1599,1616,1580
HG04017	ASB1	1585,1574,1477,1602,1584,1540,1638,1585,1585,1172,1310
HG04022	ASB1	1163,1156,1091,1147,1154,1156,1166,1152,1152,1158
HG03990	ASB1	1164,1149,1161,1154,1153,1158,1159,1151,1021,1117
HG03941	CLASP1	2365,2201,2203,2155,2076,2171
HG03999	ASB1	1158,1160,1149,964,1155
HG03972	ASB1	1165,1156,1148,1156,1079,1148,1154,1138,1021,1151,1164,1160
HG04018	ASB1	1574,1149,1612,1139,1154
HG03963	CLASP1	2202,2189,2209,2198,2205,2207,2180
HG04006	ASB1	1155,1150,1160,1160,1153,1157,1161
HG03965	CLASP1	2160,2317,2204,2188,2363,2200,2198,2174,2357,2158,2208,2376
HG03990	CLASP1	2367,2167,2372,2200,2212
HG04015	ASB1	1586,1593,1616,1561,1598,1595,1590,1603,1586,137
HG03968	ASB1	1175,1108,1161,1568,970,1189,1164,1142,1164
HG04014	ASB1	1154,1162,1162,1175,1142,1140,1148,1152,1159,1161,1105,1134,1158,1162
HG03999	CLASP1	2209,2185,2198,2189,2194,2198
HG03947	CLASP1	2194,2198,2202,2202,2062,2185,2186
HG03976	ASB1	1583,1167,1608,1585,1168,1150,1095,1601,1443,1147,1593,1156,-3872
HG03972	CLASP1	2202,2188,2133,2180,1562,15436,2197,11258,2185,2181,2192,2200,2084,2196,2111,2222,2075
HG04020	ASB1	1322,1313,1320,1325,1312,1309,1318,1318,1320,1318,1314,1311,1322,1308,1345,1319,1310,1320
HG03977	ASB1	1595,1159,1601,1597,1603,1135,1160,1158,1145,1599,1160,1159,1180,1152,1201,1614,1159,1159,1139,1163,1142
HG04017	CLASP1	2215,2211,2089,2181,2183,2187,1503,2207,2180,2198,2205,2195,2202,2206
HG04015	CLASP1	2360,2339,2350,2370
HG03973	ASB1	1590,1112,1164,1594,1354,1161,1157,1528,1589,1162,1553,1607,1166,1261,1351
HG04014	CLASP1	2189,2191,2112,2170,2183,2192,2179,2111,2199,2210,2199,2181,2208
HG03976	CLASP1	2354,2194,1591,2359,2200,2365,2328,2212,2212,2363,2342,2200,2361,2316,2148
HG04020	CLASP1	2201,2172,2211,2198,2203,2203,1993
HG04022	CLASP1	2160,2427,2200,2249,2356,2191,2163
HG04018	CLASP1	2191,2196,2146
HG04006	CLASP1	2358,2356,2380,2354,2358,2357,2349,2364,2191,2339,2371,2044,2353
HG03968	CLASP1	2206,2210,2196,2194,2154,2193,2181,2162,2169,1850,2190,2200,2191,2205,2206
HG03973	CLASP1	2174,2189,2191,2224,2152,1969,2187,2232,2213,2199,1799,2048,2188,2173,2147,2212
HG03977	CLASP1	2208,2205,2197,2197,2209,2197,2158,2195,2203,2191,2173,2035
HG03821	FOCAD1	2160,2162,1568,2144,2081,2160,2145,1565,2151,2179,1579,2173,1574,1535,1554,2186,2147,1565,2143,2107,1600,1552,1571
HG03805	FOCAD1	2115,2512,2142,2532,2458,2524
HG03816	FOCAD1	2147,2069,-17935,2377,2165,2459,2541,2505,2140,2126,2149,2467,2516,2161,2530,2150,2505,2141,2497,1976,2148,2518,2535,2146,2128,2526,2250
HG03812	FOCAD1	2015,2132,2479,2133,2158,2542,2534,2562,2158,2532,2530,2142,2533,2167
HG03809	FOCAD1	2429,2526,2547,2510,2547,2537,2034,2428,2150,2165,2082,2485,2546,1932,2443,2145,2521,2156,2406,2563,2526,2528,2544,2544
HG03900	FOCAD1	2147,1895,2135,2144,2111,2155,2144,2161,2162,2146,2122,2168,1814,2152,2161,1581,2133,2146,2168,553,2071,2170
HG03925	FOCAD1	2156,2169,2160,2161,2178,2102,2155,2152,2150,2098,2157,2129
HG03931	FOCAD1	2137,2160,1978,2091,2125,2402,2557,2115,2168,2183,2340,2535,2529,2535,2144,2071,2540
HG03928	FOCAD1	2132,2150,2169,1992,2524,2539,2521,2536,2144,2532,2155,2449,2146,2120,2155,2534
HG03886	FOCAD1	2104,2533,2146,2145,2533
HG03916	FOCAD1	1925,2199,2205,2152,2134,2149,2155,2160,2148,2146,2145,1718,2144,2139,1712,2165,2154,2090,2145,2120
HG03904	FOCAD1	2538,-22186,2168,2520,2140,2145,2133,2530,2157,2425,2544,1838,2520,2517
HG03940	FOCAD1	2146,2161,2129,1510,2154,2167,2092,2158,2143,2156,2132,2131,2161,2089,6038,2158,2175,2163,2133,1921,2131,2033
HG03870	FOCAD1	2076,2142,2175,2129,2154,2136,2118
HG03888	FOCAD1	2150,2557,2531,2536,2163,2139
HG03895	FOCAD1	2174,2151,2150,2185,2145
HG03890	FOCAD1	2129,2180,2147
HG03894	FOCAD1	2155,2152,2083
HG03854	FOCAD1	2151,2148,2089,2130,2152,2144,2155,2157,2153,2139,2148,2151,2160,1768,2145,2160,2106,2142,2140
HG03929	FOCAD1	2126,2498,2154,2151,2161,2142,2529,2533,2521,2149,2152,2515,2120,2159,2148,2155,2549,2152,2504,2550,2529
HG03848	FOCAD1	1876,2151,2548,2122,2533,2142,2562,2554
HG03844	FOCAD1	2118,2134,2532,2544,1619,2044,2158,2002
HG03871	FOCAD1	2474,-14012,2532,2159,2560,2181,2134,2154,2123,1804
HG03882	FOCAD1	2523,2144,2548,2527,2145,2136,2548,2151,2545,2152,2147,2539,2113
HG03872	FOCAD1	2164,2146,2153,2149,2161,2144,2154,2133,2070,2129,2130,2136,2077,2121,2078
HG03838	FOCAD1	2516,2124,2121,2537,2099,2547,2389
HG03842	FOCAD1	2149,2024,2147,2161,2140,2164,2153,2153
HG03869	FOCAD1	2156,2153,2156,2156,2163,2124,2172,2017,2142,2143,2071,2137,2124,1953
HG03837	FOCAD1	2543,2513,2156,2626,2146,2539,2543,2553,2153,2437,2553,2509,2511,2514,2527,2540,2495,2485,2148,2096,2542,2153,2175,2514,2127,2144,2387
HG03862	FOCAD1	2145,2146,2136,2133,2119,2156,2117,2141,2136,1862,2145,1971,2122,2149,1989,2160,2141
HG03856	FOCAD1	2539,2164,2141,2155,2146,2500,2550,2160,2149,2168,2173,2164,2092,2160
HG03863	FOCAD1	2150,2164,2026,2143,2153,2174,2169,2140,2107,2150,2160,2155,2113,2153,2215,2179,2126,2158,2155
HG03805	ASB1	1171,1141,1157,1141,1162
HG03824	FOCAD1	2170,2142,2149,1977,2165,2133,2163,1832
HG03830	FOCAD1	2075,2143,2131,2118,2133,2131,2128,2075
HG03836	FOCAD1	2542,2166,2534,2150,2546,2507,2090,2140,2551,2546,2510,-1784,2504
NA19828	ASB1	4603,1277,1516,1322,1687,1532,333,4010,1242,4563,1313,2997,351,1400
HG03886	ASB1	1149,907,1140,1164,1154
HG03888	ASB1	1121,1164,1157,1132,1153
HG03805	CLASP1	2354,2349,2165,2359
HG03842	ASB1	1593,1295,1078,1321,1597,1604,1266,1317,1063,1599,1593,1354
HG03809	ASB1	1154,1150,1172,1166,1125,1131,1143,1158,1159,1144,1156,1151,1130,1078,1111,1157
HG03821	ASB1	1065,1145,1154,1159,1159,971,1139,1157,1154,1144,1096,1120,1162,1166,1159,1163
HG03940	ASB1	1560,1142,1598,1423,1595,1165,1092,1151,1572,1597,1160,1157,1094,1159,1605
HG03869	ASB1	1167,908,1164,1161,1159,1159,1171,1156,1161,1153,1153,1165,1147,1165,1118
HG03862	ASB1	1164,1149,1148,1602,1571,1572,1124,1161,1265,1090,1578,1555,1155,1155,1153,1147,1600,1588,1585,1158
HG03812	ASB1	1154,1157,1157,1155,1152,1154,1139,1165,1168,1128,1047,1164,1167,1155,1135,1160
HG03824	ASB1	1155,1148,1151,1152,1151,1104,1158,1143,1159,1162,1162
HG03842	CLASP1	2163,2199,2152,1755,2090,2191
HG03895	ASB1	1156,1139,1149,1158,1145,1144,1091,1165,1159,1153,1150
HG03816	ASB1	1132,1128,1161,1195,1576,1095,1605,1603,1168,1129,1158,1559,1601,1582,1561,1288,1569,1157,1161,1159,1167,1143,1149,1146,1577,1154,1164,1146
HG03882	ASB1	1613,1166,1639,1191,2476,2458,1633,1611,1620,2450,2459,2482,2438,2425,1638,1632,2484,1311,2468,1112,1155,1102,2467,1421,1227,1397
HG03900	ASB1	1155,1158,1153,988,1144,1158,1147,1158,1149,1151,1113,1157,1168
NA19828	CLASP1	2177,2189,2191,2194,2170,2182,2020,2177,2200,2199,2162,2094
HG03870	ASB1	1159,1161,1158,1137,1164,1202,1158,1144
HG03821	CLASP1	2069,2206,2343,2197,2223,2175,2172,2285,1428,2013,1752,2331,2332,2188,2221,2209,2190
HG03854	ASB1	1162,1344,1141,1141,1156,1172,1144,1269,1161,1174,1294,1310,1167,1158
HG03894	ASB1	1138,1170,1150,1152,1151,1156,1156
HG03848	ASB1	1569,1145,1161,1157,1599,1134,1597,1151,1000,1515,1601
HG03890	ASB1	1151,1156,1043,1120,1156,1150
HG03904	ASB1	1167,1152,1163,1161,1166,1022,1158
HG03837	ASB1	1161,1202,1182,1174,1182,1168,1205,1198,1196,1198,1198,1159,1198,1137,1145,1083,1147,1156,1153,1190,1157,1132,1182,1155,1151,1157,1190,1190,1187,961,1158,1190,1164,2892
HG03928	ASB1	1444,1441,1447,1433,1433,1158,1169,1426,1171,1444,1454,1434,1307,1416,1430,1161,1440,1151,1359
HG03862	CLASP1	2190,2364,2368,2375,2368,2308,2369,2179,2193,2381,2330,2187,2353
HG03931	ASB1	1153,1598,1137,1614,1145,1148,1596,1311,1154,1385,1596,1608,1187,1163,1151,1601
HG03895	CLASP1	2207,2220,1915,2189,2176,2138,2193,2178
HG03925	ASB1	1153,1161,1127,1313,906,1164,1225,1320,1321,1164
NA20757	ASB1	1152,1165,1159,923,1158,1161
HG03872	ASB1	1590,1595,1166,1161,1159,1162,1573,1608,1600,1565,1143
HG03870	CLASP1	2338,2362,2108,2335,2331,2193
HG03856	ASB1	1155,1309,1165,1079,1075,1175,1150,1316,1319,1311,1153,1164,1321,1320,1334,1165,1144,1144
HG03916	ASB1	1574,1602,1606,1149,1585,1158,1160,1592,1599,1590,1142,1608,1129,1596,1596,1594,1616,1172,1578,1149,1600
HG03838	ASB1	1148,1160,1132,1152,1157,1153,1157,1150,1155,1141,1157,1154,1152
HG03836	ASB1	1606,1593,1600,1155,1160,1155,914,1156,1156,1594,1587,1605,1158,999
HG03854	CLASP1	2169,2181,2199,2192,2153,2175,2204,2165,2197,2201,2195,2202,2180,2199,2202,2182,2185,2212,2187,2191,2204,2125,1947,2135
HG03809	CLASP1	2188,2200,2137,919,2189,2218,2203,2199,2130,1457,2197
HG03894	CLASP1	2187,2168,2347,2201,2166
HG03929	ASB1	1594,1553,1537,1123,1588,1163,1599,1132,1611,1161,1141,1143,1157,1137,1134,1156,1156,1594,1274
HG03928	CLASP1	1718,2378,2202,2363,2184,2210,2174,2165,2173,2373,2230,2148,2346,2349
HG03863	ASB1	1153,1162,1175,1167,1158,1163,1156,1156,1149,1150,1167,1151,1137,1152
HG03871	ASB1	1158,1150,1151,1165,1162,1161,1146,1017,1143
HG03886	CLASP1
HG03888	CLASP1	2203,2369,2349,2343,2320
HG03844	ASB1	1154,1140,1142,1158,1142,1129,1162,1150,1125,919
HG03837	CLASP1	2183,2201,2133,2157,2205,2166,2192,2195,2186,2200,2136,2185,1454,2200,2204,2208,1963,2207,2150,2176,2188,2177,2196,1516,2167,2081
HG03812	CLASP1	2170,2173,2188,2179,2200,2174,2183
HG03830	ASB1	1173,1152,1150,1158,1135,1019,1164,1158,1155,1165,1148,1164,1148
HG03929	CLASP1	2138,2195,2153,1808,2204,2195,2185,2026,2190,1843,2207,2206,2195,2200,2196,2169,2185,2200
HG03869	CLASP1	2196,2201,2294,2168,2303,2184,2331,2258,2116,2188,2198
HG03900	CLASP1	2200,2206,2197,2211,2193,2175
HG03816	CLASP1	2349,2172,2367,2200,2212,2313,2204,1199,2305,2370,2200,2187,1591,2331,2196,2165,1931,2370,2342,2373,2184
HG03824	CLASP1	2325,2199,2363,2293,2299,2207
HG03940	CLASP1	2206,2157,2193,2174,2189,2179,1552,2180,2206,2199,2180,2209,2193,2192,2255,2180,2196,2192,2221,2190,2167,2208
HG03863	CLASP1	2210,2197,2027,2200,2199,2209,2207,1919,2197,2203,2198,2192,2176,2963,2295,2190,888
HG03844	CLASP1	2191,2176,2176,2196,2197,2212
HG03904	CLASP1	2175,2198,2194,2301,2175,1275,2198,2037,2178,2172,2192,2196,2202,2189,2193,2197,2144
HG03848	CLASP1	2198,2214,2181,2206,2194,2206
HG03882	CLASP1	2184,2135,2205,2190,2191,2196,2199,2183,2170,2202,2190,2208,2163,2202,2046,2199
HG03890	CLASP1	2208,2193,2217,2182,2206
HG03872	CLASP1	2200,2167,2367,2010,2204,1948,2337,2169,2328,2195,2196,2131,2204,2188
HG03931	CLASP1	2197,2197,2191,2186,2201,2189,2205,2177,2214,2198,2194,2203,2201,2216,2182,1955,2212
HG03925	CLASP1	2203,2201,2205,1969,2360,2317,2369,2290,2340,2200,2181,2199
HG03836	CLASP1	2200,2201,1918,2200,2192,2202,1452,2188,2176,2202,2200,2183,2183,2192,2191
HG03916	CLASP1	2087,2084,2206,2197,2193,2206,2206,2204,2204,2182,2185,2196,2201,2102,2187,2151,2175,-218,2210,2168,2198,2094
HG03856	CLASP1	1876,2185,2199,2197,2181,2205,2163,2179,2183,2089,2171
HG03740	FOCAD1	2078,2163,2065,2163,2141,2133,2124,2111,2151,2151,2151,2047,2155
HG03741	FOCAD1	2230,2362,2395,2572,2372,2531,2061
HG03742	FOCAD1	2140,1996,2143,2166,2161,2157,2077,2153,2182,2143,2120
HG03838	CLASP1	2196,1324,2184,2200,2183,2193,2212,1914
HG03793	FOCAD1	2106,2143,2160,2158,2026,2167,2153,2048,2154,2169,2144,2160,2173,2151
HG03800	FOCAD1	2128,2141,2172,2145,2152,2085,2147,1992,2146,2123,1994,2139,2155,2117,2157,2166,2156,2142,2130,2153,2143,2124,2130,1869,2145
HG03746	FOCAD1	2131,2118,2062,2123,2164,2128,2139,2156,2146,2160
HG03781	FOCAD1	2154,2511,2128,2141,2116,2385,2159,2464,2516
HG03756	FOCAD1	2128,2162,2123,2148,2172,2164,2071,2123,2151,2138,2153,2169,2169,2147
HG03797	FOCAD1	2529,2510,1765,2135,2525,2153,2148,2515,2164,2530,2523,2134,2524,2522
HG03778	FOCAD1	2544,2223,2155,2154,2496,2168,2157
HG03803	FOCAD1	2176,2135,2164,2132,2001,1816,1750,2163,2075,2148,2158,2140
HG03794	FOCAD1	2467,2144,2163,2102,2249,2142,2162,2527,2539,2174,2504,2163,2142,2532,2503,2501,2088,2535,2538,2111,2517,2061,2071,2503,2542,2531,2109,2540,2182,2149,3668
HG03802	FOCAD1	2484,2528,2549,2516,2511,2489,2522,2522,2416,2515,2501,2400,2454,2534,2518,2543,2546,2501
HG03753	FOCAD1	2144,2144,2095,2135,2130,2147,2152,2160,2151,2090,2132,2175,2100,2120
HG03784	FOCAD1	2127,2173,2137,2139,2152,2160,2125,2142,2142,2138,2131,2152,2148,2137,2131,2137,2155,2136,2115,2148,2152,2100,2148,2134,2136,2147,2157
HG03760	FOCAD1	2155,2143,2553,2104,2545,2555,2152,2155,2531,2538
HG03792	FOCAD1	2118,2154,2163,2438,2521,2144,2560,2154,2146,2455,2150,2502
HG03761	FOCAD1	2548,2535,2152,2512,2383,2167,2506,2171,2548,2624,2133
HG03786	FOCAD1	2151,2504,2141,1854,1167,2142,2487,2489,2536,2135,2155,2519,2130,2156,2525,2217,2135,2423,1768,2547,2530,2067
HG03780	FOCAD1	2137,2148,2143,1901,2025,2157,2156,2151,2128,2163
HG03871	CLASP1	2194,2198,2168,2159,2087,2202,2138,2224
HG03804	FOCAD1	2138,2166,2137,2130,2167,2165,2154,2159,2135,2130,2132,2142,2142,2155,2139,2136,2162,2101
HG03742	ASB1	2407,1068,1135,1152,1151,2468,1116,1158,1157,1012,1166,2475,1148,1160,1067,2461
HG03830	CLASP1	2346,2350,2363,2322,2099,2194,2352,2365
HG03741	ASB1	1154,1111,1103,1023,1141
HG03803	ASB1	1575,1588,1166
HG03800	ASB1	1440,2465,1437,1370,1374,2481,830,1432,1430,2488,1250,2452,2475,2475,1437
HG03756	ASB1	1148,1130,1147,1175,1161,1159,1139,1160,1161,1160
HG03761	ASB1	1167,1569,1605,1629,1582,1165,1152,1162,1576
HG03778	ASB1	1161,1652,1585,1621,1591,1156,1595
HG03740	ASB1	2046,1151,1155,2042,2078,2077,1154,1128
HG03802	ASB1	1168,1049,1134,1158,1143,1133,1153,1162,1125,1162,1147,1162,1160,925,1138,1152,1161,1159,1142
HG03742	CLASP1	2178,2301,2352,2107,1646,2200,2367,2387,2334,2355,2190
HG03741	CLASP1	2121,2121,2149,494,2088
HG03780	ASB1	1160,1137,1163,1049,848,1148,1591,1162,1144,1158,1603,1493
HG03781	ASB1	1160,1154,1169,1155,1168,1273,1164,1153
HG03793	ASB1	1604,1608,1591,1161,1597,1607,1164
HG03740	CLASP1	2214,2273,2126,2194
HG03760	ASB1	1214,1150,1135,1162,1153,1157,1169,1165,1162,1089,1136,1158,1133,1153,1158,1157,1143,1175,1145,1160,1164,1156
HG03804	ASB1	1437,1443,1430,1437,2469,2470,1368,2439,2469,2452,1415,2454,2467,2455,1544,2456,2481,1442,2457,1202
HG03802	CLASP1	2156,2368,2180,2334,2175,2194,2369,2009,2366,2178,2200,2203,2180,2345,2366,2178,2167,2376
HG03753	ASB1	1163,1159,1151,1157,1157,1161,1159,1108,1171,1143,1158,1168,1153,1123
HG03778	CLASP1	2350,2339,2155,2371,2172,2071,2201,2197,2195,2191,2200,2189,2194,2329,2204
HG03792	ASB1	1606,1160,1158,1147,1156,1156,1582,1155,1138,1155,1163,1608,1144,1603,1597,1171,1138,1595,1141,1181,1151,1118,1588,1162,1662,1592
HG03794	ASB1	1584,1163,1559,1581,1155,1587,1600,1165,1153,1589,1145,1613,1156,1157,1596,1153,1169,1155,1157,1601
HG03797	ASB1	1140,1141,1282,1615,1596,1167,1603,1156,1150,1136,1158
HG03784	ASB1	1104,1162,1155,1173,1163,1107,1139,1162,1166,1146,1133,1138,1094,805,1140,1149,1155,1167,1149,1162,1158,1126,1160,1154,1151,1161,1157,1149,1163,1159
HG03793	CLASP1	2202,2208,2202,2377,2211,2189,2376,2373,2210,2208,2226,2348
HG03760	CLASP1	2190,2377,2227,2369,2184,2204,2197,2207,2351,2198
HG03800	CLASP1	2194,2143,2211,2191,2201,2206,2085,2196,2150,2193,2201,2207,2194,2216,2206,2183,2088
HG03803	CLASP1	2195,2205,2196,2202,2207
HG03792	CLASP1	1805,2197,2368,2357,2366,2361,2199,1538,2371,2359
HG03786	ASB1	1157,1158,1153,1167,1155,1155,1156,1168,1166,1151,1155,1165,1157
HG03756	CLASP1	2202,2169,2181,2199,2186,2172,2215,2176,2172
HG03761	CLASP1	2202,2200,2208,2200,2187,2299,2174,2190,1698,2197,2185
HG03781	CLASP1	2197,2206,2351,2197,2194,2182,2206,2351,2218,2349,2190,2148,2357,2211,2198
HG03786	CLASP1	2199,2200,2203,2213,2197,2206,2194,1937,2177,2176,2200,2193,2184,2166
HG03753	CLASP1	2363,2365,2354,2354,2351,2317,2340,2347,2353,2361,2371,2347,2346,2371,2304,2363,2335,2296,2359,2345,2346,2371,2296,2311,2370,2358
HG03780	CLASP1	2183,2340,2238,2363,2196,2185,2356,2212
HG03804	CLASP1	2171,2200,2156,2182,2196,2196,2197,2191,2179,2169,2180,2190,2177,2197,2199,2185,2193,2168,2215,2206
HG03794	CLASP1	2187,2195,2201,2193,2069,2188,2199,2188,2168,2192,2078,2198,2209,2196,1927,2179,2189,2208,1550,2211,2188,2201
HG03598	FOCAD1	2132,2151,2137,2011,2159,2167,2149,2126,2138
HG03577	FOCAD1	2132,2540,2515,2076,2154,2159,2128,2019,-2853,2546,2031,2138,1742,2525,2549,2493,2110,2515
HG03604	FOCAD1	2156,2133,2144,2170,2160,2002,-14190,2147,2124,2157,2138
HG03797	CLASP1	2357,2202,2201,2348,2082,2176,2192,-2174,2369,2368,2343,2167,2193
HG03600	FOCAD1	2122,2544,2076,2548,2556,2147,2545,2535
HG03582	FOCAD1	2165,2136,2128,2699,2146,2160,2145,2751,2155,2567,2697,2637,2730,2730,2119,2197,2159
HG03595	FOCAD1	2536,2500,2535,2154,2112,2143,2172,2527,2550,2157,2518,2541,2480,2172,2512,2152,2474
HG03593	FOCAD1	2112,2163,2146,1961,2145,2157,2169,2155,2116,2145,2168,2174,2134,2147,2142,2139,2166,2106,2152
HG03689	FOCAD1	2146,2157,2146,2091,2164,2160,2125
HG03784	CLASP1	2355,2405,2344,2173,2360,2213,2365,2351,2195,2201,1902,2218,2369,2161,2190,2390,2315,2350
HG03708	FOCAD1	2105,2144,2380,2142
HG03721	FOCAD1	2508,2501,2514,2525,2136,2105,2141,2524,2533,2138,2494,2544,2520,2123,2479,-1097,2121,2447
HG03695	FOCAD1	2145,2115,2153,2167,2149
HG03711	FOCAD1	2143,2162,2146,2140,2003,2179,2158,2065,2167,2150
HG03729	FOCAD1	2145,2153,2490,2159,2144,2503,2530,2146,2527,2059,2172,2161,2132,2532,2141,2149,2444,2054,2142,2152,2503,2518,2487,2526
HG03730	FOCAD1	2542,2542,2530,2528,2474,2519,2541,2535,2462,2489,2490,2477,2562,1934,2522
HG03650	FOCAD1	2133,2543,2153,2527,2550,2171,2146,2544,2498,2160,2495,2148,2549,2153,2158
HG03690	FOCAD1	2135,2157,2139,2035,2148,2026,2171,2151,2025,2162,2143,2160,2190,2133,2147
HG03714	FOCAD1	2160,1986,2559,2519,2360,2103,2474,2155,1605,2524,2083,1624
HG03673	FOCAD1	2529,2535,2539,2130,2113,2155,2505,2459,2544,2171
HG03722	FOCAD1	2142,2161,1893,2158,2516,2540,1817,2228
HG03709	FOCAD1	2152,2180,2157,2132,2133,2145,2148,2101,2151,1987,2154
HG03681	FOCAD1	2159,2162,2142,2154,2161,2154,2155,2153,2147,2149
HG03687	FOCAD1	2118,2151,2539,2154,2131,2167,2533,2105,2533,2359,2531,2150,2532,2155,2039,2499,2104,2155,2501,2501,2553,2518,2507,2126,2481,2122,2114,2533,2156,2154,2025,2509,2504,2536,2540,2127,595,2354
HG03727	FOCAD1	2522,2519,2556,2528,2392,2529,2542,2529,2493,2529,2547,2487,2446
HG03686	FOCAD1	2151,2152,2138,2128,2163,2160,2115,2155,2160,2133,1616,2147,2159,2147,2160
HG03644	FOCAD1	2111,2113,2119,2135,2117
HG03672	FOCAD1	2175,1968,2167,2151,1979,2168,2151,2145,2154,2140,1962,2146
HG03703	FOCAD1	2513,2144,2131,2140,2548
HG03645	FOCAD1	2541,2158,2531,2555,2133,2158,2536,2525,1914,2148,1995,2492,2156,2213,2542,2541,2130,2532,2565,2539
HG03607	FOCAD1	2140,2161,2142,2129,2480,2211
HG03633	FOCAD1	2547,2138,2136,2132,2160,2474,2525
HG03639	FOCAD1	2157,2293,2542,2544
HG03705	FOCAD1	2165,2146,2528,2542,2156,2142,2171,2536
HG03697	FOCAD1	2153,2144,2149,2162,2151,2158,2133,2106,2148,2166
HG03640	FOCAD1	2155,2159,2525,2155,2152,2144,2177,2535,2542,1987,2525,2112,2179,2137,2159,2170,2089,2550,2150
HG03577	ASB1	1306,2429,1014,1306,1316,2160,2461,1306,2483,8741,2473,2474,1312,2242,-1890,1321,2473,1308
HG03708	ASB1	1154,1160,1133,1156,1006,1162,1145,1141,1102,1148
HG03714	ASB1	1167,1591,1130,1157,1586,1608,1599,1149,1631,1612,1070,1586,903,1124,1150,1521,1437,1151,1566,1599,1590
HG03650	ASB1	1162,1163,1149,1155,1139,1161,1162,1153,1139,1159
HG03582	ASB1	2945,2952,2944,1146,1160,2957,1160,2964,997,1158,2950,2909,1153,2943
HG03672	ASB1	1151,1179,1162,1144,1170,1165,1160
HG03598	ASB1	1155,1150,1120,1138,1145,1166,1144,1153,1156,1120,1131,1147,1142,1145
HG03686	ASB1	1600,1169,1143,1165,1600,1597,1157,1152,1595,1171,1586,1154
HG03604	ASB1	1147,914,1149,1142,1153,1173,1147,1160,1156,1163,1071,1044,1157,1161,1161,1152,956,1160,1156,1169,1134,1142,-854
HG03703	ASB1	1132,1231,1147,1161,1153,1078,1149
HG03730	ASB1	1156,1167,1149,1152,1155,1046,1154,1152,1127
HG03607	ASB1	1144,1127,1157,1157,1131,1042,1153,1169,995,1157,1156,1143,1156,1138,1156
HG03709	ASB1	1176,1156,1102,1160,1107,1156,1160,1162,1149,962,1097,1153,970,1146
HG03650	CLASP1	2202,2191,1860,2366,2362,2370,2205,2352,2373,2371,2205
HG03640	ASB1	1161,1565,1576,1606,865,1158,1085,1151,1159,1151,1580,1595,1163
HG03721	ASB1	1129,1158,1164,1157,1139,1159,1117,1150,1044,1143,1161,1158,1163,1151,1134,1158
HG03689	ASB1	1149,1162,1168,1148
HG03595	ASB1	1149,1156,1100,1172,1116,1158,1160,1159,1161,1149,1161,1153,1155,1116,1148
HG03695	ASB1	1591,1145,1603,1183,1605,1159,1152,1159,1579,1165
HG03598	CLASP1	2193,2119,2145,2198,2201,2196,2182,2140,2108,2205,2216,2161,2196,2194,2212,2193,2191,2199,2210
HG03582	CLASP1	2350,2365,2366,2351,2363,2355,2354,2332,2369,2346,2264,2362,2362,2374,2371
HG03600	ASB1	1595,1552,1585,1143,1147,1165
HG03633	ASB1	1157,1129,1014,1160,1155,1135,1155,1168,1163,1169
HG03673	ASB1	1147,1154,1156,1151,1118,1158,1142,1158
HG03711	ASB1	1593,887,1597,1159,1141,1158,1154,1155,1137,1161
HG03690	ASB1	1161,1154,1071,1059,1078,1078,1158,1048,1068
HG03644	ASB1	1082,1156,1156,1135,1145,713,1154,1157,718,1159,705,706,1128,1160
HG03703	CLASP1	2342,-3434,2176
HG03727	ASB1	1072,1156,1150,1154,1094,1138,1158,1169,997,1147,1157,1158,1133,1147,1185
HG03705	ASB1	1586,1153,1593,1610,1296,1568,1156,1155,1598,1610,1162,1601,1594,1149,1483,26
HG03639	ASB1	1153,1156,1591,1119,1068,1375,1360
HG03681	ASB1	1163,1158,1165,1157,1146,1159,1147,1153,1157,1108,1163,1163,1269,1166,1184,1167,1160,1163,1161,1154
HG03645	ASB1	1587,1590,1610,1604,1619,1293,1581,1602,1565,1588,1194,1580,1604,1600,1584,1601,1580,1402,1581,1153,1592,1584,1591,1258
HG03633	CLASP1	2197,2193,2193,2212,2202,2192,2200,2206,2191,2154,2193,2189,2205,2188,2196,1540
HG03607	CLASP1	2358,2385,2198,2169,2186,2196,2210,2356,2354,2185,2171,2190
HG03593	ASB1	1134,1156,1318,1140,1296,1315,1316,1319,1347,1146,1156,1305,1292,1163,1317,1116
HG03577	CLASP1	2312,2363,2358,2348,2353,2361,2372,2363,2333,2339,2348,2345,2315,2317
HG03690	CLASP1	2196,2210,2166,2335,2363,2347,1622,2340,2184,2340,2137,2239,2359
HG03697	ASB1	1154,1150,1149,1160,1163,1142,1161,1159,1065
HG03695	CLASP1	2189,2195,2194,2195,2163
HG03721	CLASP1	2197,2175,2066,2185,2129,2128,2196,2204,2162,2159,2197,2204,2193,2196,2214,2202,2177,2202,2140,2192,2205
HG03729	ASB1	1147,1145,1143,1140,1153,1155,1154,1148,1163,1150,1154,1147,958,1145,1162,1125,1155,1148,1152
HG03708	CLASP1	2204,2299,2098
HG03600	CLASP1	2192,2373,2180,2362,2377,1996,2038,2331,2363,2368
HG03722	ASB1	1154,1160,1154,1146,1152,1165,1151,1146,1147,1148,1149,1164
HG03604	CLASP1	2364,2146,2364,2201,2362,2353,2362,1726,2176,2360,2324,2207,2361,2224,2196,2366
HG03672	CLASP1	2141,2311,2368,2370,2200,2206,2361,2396,2366,2174,2196,2362,2199,2303,2349,2029,2190,2198,2321,2329,2309
HG03714	CLASP1	2205,2143,2192,2126,2194,2190,2202,2185,2175,2206,2203,2194,2205,2165,2195
HG03686	CLASP1	2198,2204,2210,2186,2214,2190,2200,2191,2225
HG03727	CLASP1	2126,2359,2206,2351,2151,2132,2282,2240,2180,2213,2294,2188,2198,2197,2353
HG03593	CLASP1	2201,2173,2192,2171,1418,2201,2183,2203,2201,2200,2163,2190,2199,2208,2202
HG03689	CLASP1	2204,2216,2196,2202,2187
HG03595	CLASP1	2123,2197,2178,2184,2183,2161,2194,2189,2198,2137,2193
HG03709	CLASP1	2193,2201,2198,2209,2203,2207,2202,2127,2162,2190,2044,2193,2196,2182
HG03730	CLASP1	2201,2158,2191,2181,2037,2148,2123
HG03673	CLASP1	2199,2190,2156,2207,2179,2154,2127,2199,2182,2182,2181,2185,2196,2176,2196,2202,2203,2181,2172,2196,2134
HG03640	CLASP1	2195,2204,21548,2203,2198,2202,2194,2188,2195,2200,2197,2212,2166,2193,2205,2203,2152,2215,2192,2168
HG03722	CLASP1	2186,2205,2186,2197,2144,2194,2189,2210,2196
HG03711	CLASP1	2199,2038,2174,2196,2212,2164,2204
HG03705	CLASP1	2213,2193,2201,2195,2198,2195,2204,2188,2197,2208
HG03644	CLASP1	2329,2255,2195,2188,2346,2199,2301,2196,2369,2337,2362,2219,2351,2191,2282,2335
HG03639	CLASP1	2359
HG03442	FOCAD1	2541,2541,2139,2541,2115,2524,2153,2549,2517,2159
HG03645	CLASP1	2208,2197,2198,2204,2204,2205,2184,2232,2170,1830,2188,2174,2199,2194,2173,2041,2188,2195,2210
HG03681	CLASP1	2180,2199,2199,2163,2205,2176,2188,2184,2208,2168,2159,2204,2203,2193,2188,2173,2187
HG03511	FOCAD1	2544,2556,2537,2543,2519,2476,2527,2547,2520,2515,2559,2509,2164,2230,2527,2541,2394,2410
HG03697	CLASP1	2363,2358,2348,2342,2367,2345,2342,2350,2370,2348,2358,2340
HG03729	CLASP1	2363,2266,2284,1729,2371,1836,1602,2112,2396,2346,2363,2358,2368,2357,2367
HG03518	FOCAD1	2155,2148,2144,2125,2161,2041,2148,2121,2120,2129,2159
HG03485	FOCAD1	2155,2152,2102,2165,2130,2169,2154,2137,1847,2146,2147,2173,2166
HG03476	FOCAD1	2542,2551,2540,2551,2527,2529,2541,2498,2534,2529,2552,2537,2460,2548,2530,2521,2521,2536,2546,2479,2529,2528,2550,2497,2541,2537,2451,2531,2533,2544,2532,2560,2309,2539,2394,2518,2518
HG03470	FOCAD1	2525,2262,2548,2151,2529,1787,2533,2092
HG03484	FOCAD1	2137,1849,2171,2157,2160,2152,2146,2175
HG03449	FOCAD1	2107,2155,2124,2109,2111,1963,2131,2094,1931,1914,2131,1978,2143
HG03457	FOCAD1	2139,2133,2143,2539,2159,2543,2547,1993,2533
HG03539	FOCAD1	2135,2052,1835,2150,2180,2139,2139,2160,2141,2144,2024,2105,2139,2134,2133,2117,2151,2152,2162,2133,2152,2123,2136,2169,2148
HG03493	FOCAD1	2140,2166,2091,2164,2173,2059,2149,2149,2166,2165,2176,1715,2140,2154
HG03521	FOCAD1	2157,2116,2161,2154,2173,2545,2554,2144,2553,2145,2163,2542,2175,2169,2476,2528,1875,2544,1789,2543,2135,2195,2127,1954,2515,2158
HG03508	FOCAD1	2155,1901,2186,2512,2135,2541,2145,2545,2028,2148,2530,2146,2509,2549,2090,2146,2493,2463
HG03473	FOCAD1	2082,2159,2152,2178,2131,2167,2165,2110,2151,2134
HG03455	FOCAD1	2143,2156,2322,2348,2155,2137,2130,2152,2167,2143
HG03499	FOCAD1	2127,2516,2135,2291,2139,2120,2529,2539,1942,2144,2303,2489,1619,2525,2517,2146,2514,2165,2516,2558
HG03462	FOCAD1	2720,2160,2164,2658,2156,2151,2057,2145,2716,2722,2728,2159,2149,2155,2664
HG03461	FOCAD1	2109,2460,2534,2102,2142,2443
HG03548	FOCAD1	2133,2182,2169,2141,2119,2128,2176,2165,2152,2150,2005,2138,2168,2139,2166,2162,2055,2163,2093,2150,2741,2154,1745
HG03517	FOCAD1	2152,2135,2148,2016,2156,2167,2166,2174,2148,2155,2140
HG03518	ASB1	1144,1161,1158,1166,1152,2485,1154,1152
HG03442	ASB1	3251,1533,3204,1368,967,1604,311
HG03493	ASB1	2360,3233,3235,3231,3227,3524,3254,3471,2816,3220,3505,3242,1728,1476,2613,1646
HG03457	ASB1	1320,1165,1315,1151,1322,1163,1321,1314,1317,1154,1164,1162
HG03484	ASB1	1118,1149,1154,1157,954,3228,14585,3153,1160,3195,1144,1166,3245,3218,-1853
HG03442	CLASP1	2203,2145,2170,2202,2194,2371,-290
HG03455	ASB1	1318,1324,1488,1321,1320,1469
HG03485	ASB1	1156,1129,1158,2919,1162,1154,2913,2921,1165,2932,2920,1164,1669,1157,1167,1163,1156,2915,1135,1153
HG03511	ASB1	2480,2049,1582,1091,2487,2478,1529,2377,2444,1560,2405,1600,2441,2476,1594,1314,2358
HG03508	ASB1	1370,1481,1476,3506,3181,3490,217
HG03449	ASB1	1237,1283,1271,2665,1235,2454,1274,1249,1271,2546,1756,1282,1775,1270,88
HG03470	ASB1	1167,1161,1163,2950,1119,1158,2953,1144,2951,1029
HG03455	CLASP1	2195,2180,2343,2341,2210,2367,2373,2200,2182,3916,2675
HG03485	CLASP1	2360,2373,2361,2362,2302,2202,2365,2366,2278,2177,2327,2357,2357,2192,2198,2211
HG03476	ASB1	1957,1145,1142,1955,1162,1158,1958,1149,1158,1951,1454,1791,1948,1161,1162,911,1941,1952,1960,1586,1921,1148,1955,1951,1162,1133
HG03517	ASB1	801,1324,998,995,1318,1305,1324,1323,1333,1314,1306,963,1291
HG03539	ASB1	1156,1172,3249,3236,-18327,1152,1166,1417,3208,1155,1154,3231,3212,3234,1156,1146,1149,3240,-6459,9295,3230,1151,1151,1082,3159,3230,1149,1171,3134,1160,3236,1103,485
HG03548	ASB1	1329,1319,1304,1306,1314,1320,1594,1602,1588,1611,1301,1313,1252,1600,1298,1318,1313,1299,1322,1591,1319,1340,1575,1596,1594,2445,1074
HG03473	ASB1	3500,3515,20903,3507,3250,10855,3253,3228,1139,-536
HG03518	CLASP1	2183,2177,2154,2167,2196,2177,2184,2198,2199,2209,2205,2210
HG03521	ASB1	1324,3082,3371,3100,3237,1808,3207,3191,1802,3221,3534,1084,3227,3248,3199,4691,4996,3215,2331,3249,3148,3155,3246,1586,1276,1235,139,1283,183,1434,1397,1138,-9031
HG03508	CLASP1	2129,2056,2194,2160,2187,2176,2204,2182,2198
HG03462	ASB1	2504,2475,1323,1318,2472,2474,1318,1276,1274
HG03470	CLASP1	2366,2016,2373,2372,1928,1948,2191,2361,2361,2355
HG03449	CLASP1	2166,2183,2223,2120,2139,2205,2178,2156,2187,2201,2163
HG03461	ASB1	1569,2454,1486,1593,2476,1601,2453,2461,1062
HG03499	ASB1	1160,1053,1170,1165,985,2444,2444,2173,1088,1154,2475,1114
HG03457	CLASP1	2193,2343,2292,2205,2344,2361,2327,2194,2190,2189,2260,2333,2326,2184,2224,2181,2924
HG03493	CLASP1	1338,2201,2179,2199,2187,1740,2189,2147,1795,1592,2177,2174,1677,2113,2196,2198
HG03462	CLASP1	2202,2055,2196,2213,2207,1882,2154,2204,1529
HG03484	CLASP1	2377,2349,2343,1590,2358,2320
HG03511	CLASP1	2346,2360,2358,2331,2313,2350,2460,2328,2270,2327,2314,2299,2366,2395,2342,2367
HG03521	CLASP1	2338,2368,2362,2361,2368,2370,2371,2361,2350,2339,2339,2605,2317,2359,2363,2355,2370,2377,2327,2360,2367,2367,1645
HG03539	CLASP1	2305,2191,2383,2173,2317,2355,2196,2372,2166,2360,2368,2371,2178,2158,2395,2189,2164,2352,2159,2354,2210,2200,2334,2070,2283
HG03517	CLASP1	2368,2349,2349,2364,2277,2325,2337,2339,2185
HG03193	FOCAD1	2544,2145,2177,2160,2531,2546
HG03199	FOCAD1	2147,2148,2140,2078,2124,2134,2163,2173
HG03198	FOCAD1	2143,2147,2545,2534,2519,2539,2157,2149,2531,2122,2522,2559,2172,2536,2143,2532,2539,2122
HG03171	FOCAD1	2714,2151,2718,2715,2735,2485,2713,2126,2711,2728,2355,2114,2716,2574,2099,2732,2706,2146,2097,2094,2714,2162,2151
HG03473	CLASP1	2355,2182,2120,2192
HG03172	FOCAD1	2302,-32033,2418,2114,2525,2139,2511,2549,2154,2530,1944,2132,1981,2076,2058,2529,2134,2136,2528,2147
HG03189	FOCAD1	2145,2587,2541,2552,2143,2433,2149,2134,2160,1925,2528,2136,2171,2520,2146,2519,2143,2552,2528,2535
HG03476	CLASP1	2356,2352,33430,2222,2366,2368,2378,2351,2326,2326,2364,2358,2350,2361,2358,2371,2355,2351,2358,2343,2360,2310,2354,2335,2371,2364,2367,2363,2305,2321,2291,2380,2320
HG03391	FOCAD1	2473,2465,2558,2344,2548,2530,2535,2522,2517,2577,2563,2526,2541,2547
HG03397	FOCAD1	2142,2140,1810,2149,2161,2156,2139,2031,2160,2152
HG03431	FOCAD1	2131
HG03393	FOCAD1	2727,2349,2314,2339,2370,2641,2345,2704,2725
HG03394	FOCAD1	2144,2144,2169,2143,2083,1624,2133,2151,1431,2159,2165,2160,2157,2114,2158,2122,2154,2166,2156,2150,2157,2144,2168,2173,2147
HG03439	FOCAD1	2539,2514,2535,2555,2524,2515,2531,2540,2536,2560,2523,2531,2572,2558,2522,2577
HG03437	FOCAD1	2153,2162,2068
HG03163	FOCAD1	2155,-43054,1844,2542,2112,2522,2532,2140
HG03301	FOCAD1	2138,2544,2123,2560,2499,2513,2510,2144,2419
HG03372	FOCAD1	2164,2347,2325,2196,2320,2187,2307,2164,2161,2154
HG03548	CLASP1	2197,2168,2333,2198,2302,2378,2198,2211,2138,2144,2183,2193,2113,2365,2371,1930,2174,2317,2183,2373
HG03300	FOCAD1	2516,2137,2494,2530,2528,2546,2532,2258,2530,2281,2522,2532,2543,2529,2461,1948,2558,2551,2545,1853,2539,2519
HG03265	FOCAD1	2717,2707,2743,2293,2167,2134,2721,1752,2697,2145,1853,2144
HG03361	FOCAD1	2137,2742,2160,2727,2141,2147,2117,2758,2726,2738,2733,2733,2148,2128,2742,2618,2146,2743,2163,2151,2745,2153,2130,2164,2749,2041,2735,2166,2744,2760,1957,2156,2185,2730,2746,2741
HG03303	FOCAD1	2095,2130,2093,2096,2160,2130,2156,2146,2153,2165
HG03258	FOCAD1	2167,2137,2498,2496,1270,2155,2176,2538,2379,2143,2565,2130,2157
HG03410	FOCAD1	2134,2154,2045,2068,1586,2162,1719,2080,2146,2148
HG03311	FOCAD1	2099,2087,2065,2161,2479,2159,1428,2100,2133,2546,2127,2467,2148,2153,2137,2519,2510
HG03247	FOCAD1	2517,2532,2518,2529,2081,2518,2160,2130,2154,2549,2127,2539,2162
HG03373	FOCAD1	2439,2480,2494,2493,2059,2030,2506,2515,2532,2488,2510,2511,2513,2492
HG03383	FOCAD1	2134,2150,2512,2165,2147,2128,2530,2542
HG03342	FOCAD1	1724,2673,2147,2144,2696,2728,2151,2140,2159,2696,2695,2172,2768,-56
HG03461	CLASP1	2199,2184,2128,2177,2153,2210,2195,2373
HG03241	FOCAD1	2168,2550,1971,2538,1737,2494,2151,2527,1024,2541,2151,1966,2069,2203,2153
HG03228	FOCAD1	2186,2136,2151,2137,2149,2167,2183,2148,2137,2142,2132
HG03212	FOCAD1	2355,2539,2473,2509,2534,2539,2548,2532,2504,2548,2543,2543,2536
HG03240	FOCAD1	2545,2490,2539,2168,2093,2524,2550,2110,-6013,2132,2165,2427,2564,2144,2513,2539,2220,2237,2166
HG03388	FOCAD1	2143,2103,1782,2156,2140,2150,2151
HG03238	FOCAD1	2535,2163,2173,2161,2491,2527,2548,2066,1940,2166,2498,2505
HG03499	CLASP1	2195,2181,2183,2207,2191,2163,2156,2204,2191,2162,2208,2158,2174,2165,2183,2172,2160,2029,2245
HG03307	FOCAD1	2137,2099,2125,2107,2150,2103,1892,2161,1793,2125,2150,2148,2160,2138,2149,2151,2155,2126,2173,2157,2154,2110,2117,2129,2147,2146,1937,2131,2105
HG03431	ASB1
HG03171	ASB1	2486,1609,1596,1586,2469,2478,1574,2479,1777,-6241,1570,1593,2478,2444,1599,1597,1599,1962,1197,1604,1601,1603,1598,1194
HG03393	ASB1	1616,1579,1598,1599,1610,1609,1570,1588,1383,1514,1573,1579,1585,1574,1595
HG03439	ASB1	1198,1205,1527,1194,1199,1197,1585,1589,1600,923,1202,1585,1204
HG03198	ASB1	2919,2922,3240,3235,14764,3232,8275,2915,3213,1189,2676,216
HG03228	ASB1	1165,1160,1361,1155,1161,1159,1151,1153,1598,1138,1598,1165,1563,1207,1597,1152,1602,1606,1164
HG03199	ASB1	1160,1157,1158,1157,1157,987,1167,1196,1166,973,1151,1162,1170,1163
HG03311	ASB1	2479,1158,2476,1161,1121,1337,2482,1150,1133,1150,1144,2077,2474,2595,1157,2474,1154,2468,1617,2434,1147,1167,1161,1143,1159
HG03394	ASB1	2871,2493,2882,2922,2915,2370,2920,2913,2923,2472,2904,2481,2412,2935,1822,1239,2936,2459,2480,2482,1830,1169,98,1595
HG03342	ASB1	2474,2484,2441,2459,2477,2453,2475,2441,4562,2469,2215,2444,2490
HG03388	ASB1	3029,1564,2992,3025,3030,1596,945,2999,1593,1581,3041,1605,1590
HG03303	ASB1	1162,1157,1140,2329,1175,1161,1155,1158,2946,1155,2951
HG03241	ASB1	1007,1273,1285,1592,1265,1594,1554,1278,1278
HG03258	ASB1	529,1491,1171,2906,1165,2764,1162,2910,2922,2794,1137,1402,1185
HG03391	ASB1	1290,1160,1158,1156,1604,1167,1160,1594,1160,1566,1601,1592,1573,1583,1566,988
HG03247	ASB1	1592,1572,1323,1319,1473,1584,1575,1585,1218,1602
HG03172	ASB1	1695,960,1589,-18290,1593,1605,3105,2465,3085,1650,3120,1390
HG03193	ASB1	1093,1961,1152,1961,1117,1155
HG03373	ASB1	1573,1560,1585,1592,1570,1591,1586,1589,1612,1592
HG03189	ASB1	2480,1316,2474,1161,2847,2448,2480,2468,2870,2907,2892,2419,1312,2483,2480,1313,1323,1613,-2147,506,125,553
HG03301	ASB1	1585,1598,1598,1529,1150,1152,1069,1165,1154,1172,1477,1169,1147,924
HG03437	ASB1	1165,2118,2124,1140,920,2110,1149,1150,2109
HG03439	CLASP1	2352,2344,2366,2362,2365,2344,2366,2368,2371,2371,2362
HG03397	ASB1	1151,3228,1182,1155,1169,1797,1157,3226,183
HG03240	ASB1	1585,1165,1598,1130,1149,1589,1526,1167,1141,1136,1573,1602,1523
HG03212	ASB1	1318,1916,1314,1527,1315,1952,1326,1538,1963,1277,1308,1964,1938,1333,1957,1866,1959,1313,1318,1316,1323,1952,1960,1304
HG03300	ASB1	2932,2907,2469,2437,2906,2925,2917,2432,2495,2844,2482,1386,1543,2472,-219,1420
HG03199	CLASP1	2178,2174,2174,2366,2195,2192,2360,2201,4050,2271
HG03228	CLASP1	2127,2202,2220,2191,2322,2173,2193,2367,2356
HG03163	ASB1	1304,1277,1316,1580,1321,1321,1309,1590,1592,1590
HG03687	ASB1	1596,1154,1603,1156,1591,1157,1559,1149,1142,1575,1604,1583,1146,1170,1550,1147,1571,1587,1143,1606,1133,1166,1603,1149,1559,735,1162,1588,1134,1167,1155,1587,1499
HG03342	CLASP1	-42352,2243,2171,2330,2338,2211,2357,2347,3811
HG03238	ASB1	1606,1586,1600,1607,1603,1134,1599,1157,1162,1268
HG03383	ASB1	1130,1147,1168,1156,1139,920,1169,1170,1158,1150,1158,977,1164,1145,1163,1167,1166,1161,1159,1159
HG03410	ASB1	1129,1559,568,1574,1209,1586,1597,3220,3214,3237,1582,243,1337
HG03311	CLASP1	2203,28012,2243,2218,2175,2353,2363,2183,2194,2319
HG03247	CLASP1	2374,2155,2352,2355,2365,2109,2182,1782,2367,2353
HG03391	CLASP1	2197,2363,2100,2183,2375,2353,2368
HG03372	ASB1	3242,21552,1599,1593,2969,2933,7918,1599,1595,1574,1521,3210,3215,1080,474
HG03171	CLASP1	2197,2358,2374,2057,2199,2327,2203,2164,2209,2375,2209,2179,2087,2163,2178,6472,2206,2143,2192,2331,2213,2149,2331,2329,2359
HG03189	CLASP1	2201,2218,2129,2355,2201,2191,2130,2202,2197
HG03437	CLASP1	1850,2354,2351,2326
HG03193	CLASP1	2276,2357,2197,2374,2371,2207,2204,2384,2342,2192,2365
HG03240	CLASP1	2329,2349,2249,2363,2369,2351,2349,2342,2360
HG03431	CLASP1
HG03238	CLASP1	2357,2350,2350,2344,2320,2354
HG03265	ASB1	1152,1126,1151,1378,2491,2486,2123,2482,1145,2462,1099,1142,1134,1145,2285,2463,2390,2465,2396,911,2452,2287,2299,2397,-1665
HG03300	CLASP1	2298,2000,2364,2322,2360,2376,2368,2378,2347,2336,2291,2314,1828,2368
HG03410	CLASP1	2346,2307,2350
HG03198	CLASP1	2198,2177,2201,2210,2211,2197,2053,2200,2191,2202
HG03383	CLASP1	2319,2319,2362,2364,2325,2260,2281,2314,2315,2377,2261,2367
HG03393	CLASP1	2367,2370,2361,2356,2198,2207,2295,2150
HG03361	ASB1	1315,1913,1312,1585,1313,1095,1582,1607,1597,1604,1615,1322,1582,1586,1311,1598,1612,1094,1599,1314,1335,1564,1603,1592,1588,1305,1590,1310,1335,1340,1312,1576,1323,1607,1572
HG03372	CLASP1	2226,2180,2215,2205,2204,2169,2209,2198,2159,2024,2190,2152,2197
HG03212	CLASP1	2359,2365,2347,2359,2367,2352,2333,2350,2338,2342
HG03172	CLASP1	2178,2349,2195,2356,2375,2186,2173
HG03303	CLASP1	2189,2188,2366,2099,2372,2187,2310,2201,2129,2155
HG03163	CLASP1	2162,2166,2146,2186,2188,2145,2134,2176,1896,2084,2163,2170,2134,2157,2081
HG03373	CLASP1	2184,2196,2146,2087,2368,1874,2344,2200,2220,2179,2299,2355
HG03258	CLASP1	2291,2095,2119,2108,2087,2087,2358,2379,2345,2363,2103,2353,2117,2352,2129,2119,2082,2361,2089,2312
HG03301	CLASP1	2198,2139,2199,2218,2245,2178,2148,2171,2189,2197,2069,2188,2210,2187
HG03394	CLASP1	2198,2330,2292,2258,2196,2235,2327,2326,2301,2318,2318,2207,2316
HG03388	CLASP1	2215,2370,2190,2366,2356,2352,2203,2180,2329,2375,2113,2362
HG03241	CLASP1	2319,2160,2351,2353,2147,2164,2352,2206,2352,2154,2200,2391,2369,2345
HG03397	CLASP1	2353,2020,2371,2364,2181,2372,2353,2074,2190,2205,2199,2162,2349,2299,2343,2359
HG03307	ASB1	1157,1157,1092,1156,1169,1150,1596,1588,1138,1590,1544,1172,1041,1600,1163,1587,1577,1592,1540,1173,1152,1594,1579,1598,1590,1515,1164
HG03687	CLASP1	2124,2048,2157,2195,2203,2083,2149,2181,2178,2206,2208,2184,2198,2172,2187,2195,2153,2124,2197,2188,2122,2195,2172,2197,2180
HG03115	FOCAD1	2148,2140,2165,2128,2123,2148,2138,2114,2167,2148,2148,2141,2123,2164,2115
HG03109	FOCAD1	2154,2040,2150,2086,2161,2150,2129,2153,2151,2127,2148,2090,2142,2154,2079,1512,2148,2129,2147,2118,2157
HG03124	FOCAD1	2574,2731,2715,2534,2135,2721,2117,2676,2144,2734,2159,2271,2697
HG03133	FOCAD1	2060,2146,2133,2080,2137,2148,2122,1970,2063,2131,2145,1679,2032,2120,2150
HG03114	FOCAD1	2144,2095,2155,2532,2126,2526,1779,2516,2534,2537,2535,2141,2026,2523,2529,2542,-234,2133
HG03130	FOCAD1	2524,2534,2534,2531,2538,2532,2511,2494,2551
HG03105	FOCAD1	2545,2535,2127,2145,2521,2524,2544,2082,2541,2175,2127
HG03132	FOCAD1	2155,2517,2147,2526,2504,2144,2057,2144,2147,2538,2553,2489,2155,2151,2152,2045
HG03117	FOCAD1	2042,2538,2474,2148,2530,2546,2538,2540,2553,2554,2108
HG03112	FOCAD1	2546,2536,2504,2489,2570,2505,2518,2544,2537,2527,2527,2548,2548,2518,2513,2508,2544,2528,2526
HG03159	FOCAD1	2162,2154,2150,2123,2243,1874,2157,2105,2077,2681,2742,2154,2099,2152,2099,2164,2155,2689,2119,2134,2143,2751,2122,2494,1940,2072,2161,2756,2746,-1007
HG03108	FOCAD1	2142,2152,2138,2132,1986,2156,2116,1777,2159,2155,2130,2128,2155,2013,2137,2148,2136,2154,2162,1944,2151
HG03097	FOCAD1	2344,2346,2161,2154,1817,2332,2151,2340,2336,1983,2337,2132,2141,2330,2130
HG03111	FOCAD1	2534,2339,2519,2531,2546,2326,2307,2553,2338,2507,2523,2547,2100,-5207,2480,2535,2492,2537,2347,2250,2526,2332,2331
HG03103	FOCAD1	2713,2697,2150,1780,2151,2169,1946,2742,2718,1624,2153,2725,2142,2163,2708,2686,2156,2726,2153,1920,2704,2166,2177,2126,2237,2537
HG03100	FOCAD1	2539,2489,2525,2536,2514,2530,2476,2525,2536,2521,2556,2486
HG03265	CLASP1	2262,2382,2340,2350,2346,2047,2359
HG03127	FOCAD1	2136,1933,2154,2148,1762,2150,2069,2163,2142,2130,2106,2136,2122,2149,2156,2127,2140
HG03361	CLASP1	2192,2368,2185,2252,2369,2189,2363,2379,2137,2194,2198,2312,2347,2198,2359,2162,2205,2198,2369,2366,2353,2344,2166,2200,1967,2202,2354,2365,2208,2204,2197,2365,2182
HG03115	ASB1	1600,1593,2487,1606,2394,2484,1160,2481,2485,1465,1626
HG03133	ASB1	1691,1631,1646,1639,1609,1399,1948,1901,1620,1639,1619,1643,1960,1918,1628,1634,1363
HG03117	ASB1	1722,1591,2476,2478,1993,2452,2475,2454,2476,2441,2472
HG03097	ASB1	2327,1307,1308,2306,1303,2260,2306,1305,1357,6620,1317,1315,1308,1310,2325,1153,-20325,1670
HG03112	ASB1	1596,1592,3221,14497,3238,1601,1801,1505,1621,1604,1599,1604,3219,1574,3128,1600,1592,1601,3217,1172,3100,3251,152,142
HG03307	CLASP1	2056,2362,2351,2311,2375,2370,2375,2352,2340,2359,2354,2363,2329,2354,2334,2347,2374,2349,2342,2269
HG03109	ASB1	1509,1303,1320,1260,1560,1322,1324,1554,1606,1572,1579,1600,1582
HG03105	ASB1	1161,2492,2559,1932,1158,1157,2035,2519,1155,1164,2552,1563
HG03117	CLASP1	2198,2198,2190,2192,2030,2189,2174,2180
HG03127	ASB1	2876,1833,2939,2415,2897,2938,1339,2965,2928,2906,1346
HG03130	ASB1	1319,1625,1297,1319,2478,2442,2475,1734,2445,1247,2478,2466,2468,1305,2465,1319,1318,2484,1307
HG03109	CLASP1	2181,2175,2211,1891,2161,2214,2211,2158,2177,2185,2203,2187,2137,2195,2112,2207,2201,2182,2200,2128,2202,2199,2177,2177,2191,2198,1784,2191,2206,2173,2058
HG03097	CLASP1	2338,2378,2356,2102,2201,2353,2332,2374,2351,2323,2077,1475,-4025,2213,2176,1878,2315,2323,2189,2086,2177,2300,2371,2346,2187
HG03112	CLASP1	2182,2207,2311,2309,2294,2204,2274,2267,2314,2333,2307,2183,2308,2326,2183,2285,2185,2206,2323,2325,2160,2206,2169,2140,2311
HG03108	ASB1	1590,2456,1603,1601,1587,1754,2432,2461,1589,1580,1576,2482,1603,1593,2419,1599,1565,1599,1589,2467,2479,1592,1622,1588,2483,1600,1582,1727
HG03132	ASB1	1137,1115,1147,3251,3147,1155,3230,1161,1158
HG03105	CLASP1	2339,2196,2296,2202,2190,2348,2199,2192,1909,2174,2112
HG03111	ASB1	2471,2482,2466,3030,3058,2432,3014,3018,2358,2467,3034,1236,2967,2479,2623,3036,2454,1791,362
HG03124	ASB1	1596,1582,2081,2084,2082,1594,1598,1889,1597,2055,2056,2088,2064,1592,1598,1585,1600,2081
HG03100	ASB1	1318,1318,1318,1308,1257,1318,1319,1317,1314,1315
HG03114	ASB1	1444,1456,1398,1319,1151,1312,1469,1430,1297,1472,1309,1438,1216,1094,1315,1314
HG03130	CLASP1	2348,2360,2055,2354,2353,2368,2369,1731,2373,2319,2359,2367,2367,2345,2331,2364
HG03159	ASB1	1268,1318,1318,1320,1310,1316,1197,1577,1322,1326,1319,1602,1322,1543,1314,1169,1310,1324,1584,1587,1087,1612,1598,1302,1605,1595,1344,1583,1618,1585,1593,1595,1598
HG03108	CLASP1	2361,2358,2372,2368,2344,2368,2189,2381,2340,2144,2351,2354,2112,2379,2378,2366,2378,2349,2359,2375,2306,2049,1428,2328
HG03103	ASB1	1607,1548,2633,1275,23174,3235,3234,-19649,2547,3175,1598,3216,3224,1586,1597,1788,1608,3194,3218,1591,1610,3243,2998,3224,119,163
HG03100	CLASP1	2196,2211,2194,2200,2187,2118,2203
HG03115	CLASP1	2187,2147,2139,2200,2204,2224,9377,2177,2200,2035,2220,2207,2211
HG03133	CLASP1	2367,2178,2357,2356,2315,2195,2204,2173,2365,1583
HG03124	CLASP1	2367,2333,2351,2362,2324,2054,1613,2294,2356,2377,2358,2375
HG03159	CLASP1	2191,2205,2193,2204,2205,2197,1741,2194,2198,2199,2186,2188,2202,2128,2202,2206,2336,2192,2216,2167,2194,2199,2200,2190,2164,2205,2182,2170
HG03127	CLASP1	2304,2173,2278,2324,2337,2361,2194,2336,2163,2372,2123,2204,2197,2185,2224
HG03111	CLASP1	2329,2273,2197,2184,2381,2381,2211,2189,2354,1504,1583,2203,2331,2189,2159,2164,2367,2111
HG02943	FOCAD1	2101,2117,2140,2468,2349,2523,2167,1865,2178,2136,2524,1849,2148,2156,2476,2156,2169,2027,2489,2162,2008,2517,2531,2483,2547,2148,2541,1885
HG02870	FOCAD1	2097,2133,2529,2143,2536,2512,2522,2501,2529,2169,2157,2153,2164,2134,2170,2509,2149,2532,2520,2554,2150,2157,2525,2128,2535,2092,2489,2516,2510,2516
HG03132	CLASP1	2192,2152,2203,2103,2208,2200,2218,2194,2198,2170,2184,2214,2207
HG02922	FOCAD1	2484,2367,2521,2721,2703,2528,2730,2752,2515,2469,2547,2723,2522,2621
HG02895	FOCAD1	2496,2531,2499,1488,2532,1996,2096,2510,2552,2567,1810,2130,2064,2542,2543,2180,2517,1875,1760,2092,2128,2490,2146,2107,2540,2520,2101
HG02890	FOCAD1	2527,2150,2556,2141,2537,2753,2065,2749,2205,2527,2535,1877,2523,2494,2514,2726,1871,2556,2504
HG02888	FOCAD1	2104,2150,2545,2309,2153,2534,2109,2647,2161,2534,2153,2143,2728,2542,2558,2514,2152,2757,2766
HG03081	FOCAD1	2115,2297,2204,2530,2554,2515,2524,2157,2534,2106,2155,2173,2152,2543,2529,1931,2148,2537,2156,1946,2152,2545,2507,2164,2546,2534
HG03085	FOCAD1	2523,2540,2550,2579,2539,2524,2401,2552,2546,2524,2558,2506,2529
HG02938	FOCAD1	2150,2163,2136,2515,2046,2503,2058,2048,2157,2527,2141,2142,2413,2147,2520
HG03057	FOCAD1	2161,2144,2168,2157,-9279,2147,2168,2134,2092,2134,2141,2163,2142,2170
HG03066	FOCAD1	2157,2523,2183,2118,2175,2530,2502,2524,2537,2544,2530,2147,2159,2118,2535,2152
HG02836	FOCAD1	2546,2544,2517,-23383,2377,2535,2154,2474,2522,2181,2131,2497,2426,2383,2105
HG03077	FOCAD1	2524,2539,2539,2150,2142,2535,2537,2091,2548,2142,2521,2522,2097,2139,2490
HG03114	CLASP1	2185,2222,2354,2366,2225,2162,2345,2145,1839,2156,2188,2349,2166,2174,2105,1935,2355,2194,2157,2206,2372,2169
HG03091	FOCAD1	2153,2137,2171,2129,2134,2147,2154,2156,2165,2146,2154,2155,2153,2149,2077
HG03028	FOCAD1	2148,2325,2151,2152,2128,2145,2300,2371,2124,2167,2136,2164,2147,2327,2162,2137,2343,2160
HG03060	FOCAD1	2144,2172,2131,2142,2146,2143,2110,2164
HG03052	FOCAD1	2161,2122,2136,2162,2071,2171,1638,1985,2153,2134,2123
HG03058	FOCAD1	2118,2131,2532,2493,2532,2520,1870,2537,2473,2538,2163,2075
HG03073	FOCAD1	1960,2140,2179,2165,2149,2154,2155,1928,2158,2041,2153,2162,1842,1717,2144,2125,2141,2153,2148,2160,2150,2149,2150
HG02982	FOCAD1	2160,2157,2524,2523,2521,2169,2165,2323,2534,-8815,2148,2159,2518,2161,2141,2495,2156,1985
HG02983	FOCAD1	2111,2022,1813,2134,2150,2133,2160,2154,2158,2145,2159,2154,2130,2144,2127,2144,2139,2150
HG03074	FOCAD1	2085,2172,2051,2083,2156,2092
HG03076	FOCAD1	2165,2150,2544,2150,2573,2152,2133,1743,2082,2120,1560,2532,2538,2513,2147,2153,2509,2532,2092,2544
HG02944	FOCAD1	2550,2465,2725,2528,2597,2551,2504,2713,2526,2533,2662,2710,2746,2713,2649,2694,2729,2710,2529,2476,2512,2723,2689
HG03009	FOCAD1	2532,2161,2150,2152,2494,2325,2126,2526,2194,2030,2516,2158,2559,2149,2535,2152,2165,2484,2134,2149,2553,2556,2548,2489,2164,2543,2160,2519,2137,2100,2164,2155,2135,2052,2141
HG03048	FOCAD1	2157,2129,2553,2157,2521,1681,2534,2140,2040,2150,2551,2094,2501,2007,2516
HG02976	FOCAD1	2542,2544,2147,2148,2145,2533,2464,2161,2539,2506,2146,1897,2547,2523,2144,2465,2432,2518,2147,2155,2012,2169,2534,2429,2134,2332,2487,2520,2142,2545,2491,2156,2135,2118,2087,2124,2107,2136,1877,2525,2465,2515,2488
HG03015	FOCAD1	2473,2489,2538,2506,2110,2146,2133,2513,2531,2130
HG02971	FOCAD1	2548,2515,2555,2559,2136,2500,1888,2151,2530,2180,2161,2125,2139,2136,2159,2005
HG03016	FOCAD1	1882,2507,2154,2535,2174,2045,2531,2530,2465,2452,2525,2563,2562
HG03039	FOCAD1	2131,2167,2153,2168,2169,2091,2153,2102,2167,2157,2149,2078,2154
HG03024	FOCAD1	1978,2147,2706,2637,2133,2690,2145,2135,2743,2743,2162,2170,2735,2733,2154,2734
HG02953	FOCAD1	2138,2387,2538,2538,2096,2132,2536,2411,2113,2524,2155,2145,2184,2017,2527,2526,2176,2536,2163,2132,2151,2138,1709,2163,2136
HG02970	FOCAD1	2547,2502,2405,2157,2161,2144,1978,2129
HG03019	FOCAD1	2061,2144,2131,1966,1993,2140,2151,2162,2156,2158,2169,2184
HG03086	FOCAD1	1858,2544,2546,2097,2535,2355,2549,2521,2152,2167,2139,2545,2530,2328,2551
HG03103	CLASP1	2366,2171,2358,2358,2212,2185,2203,2184,2298,2217,2196,2200,2161,2158,2346
HG03060	ASB1	2217,3078,3088,3113,1283,5917,1596,1559,1578,1445
HG03074	ASB1	1306,1277,1278,1583,1284,1550,1118,1573,1606,1313,1250,1318,1576
HG02983	ASB1	2900,2937,1316,2919,2887,1313,1321,1306,1321,1312,1308,2931,1281,1311,1294,920,1201
HG03028	ASB1	106908,1141,3259,3221,3214,2937,1162,3231,1155,1131,3241,1162,3225,1068,1307,-8794
HG02836	ASB1	1816,2434,2323,2456,2483,1319,2479,1294,1309,2477,9453,2481,1321,2458,2479,1322,1313,1311
HG03015	ASB1	1429,1161,1143,1106,1169,1606,1158,1155,1162,1076,1514,1505
HG03058	ASB1	1467,1315,-18044,1320,3497,1304,3486,1794,2,1315,1325
HG02870	ASB1	3109,2138,2448,30717,3088,2473,2440,895,2523,2445,1156,2448,2432,2482,1275,2189,1703,3125,2465,3111,1318,2469,2278,2474,1153
HG03048	ASB1	1158,1156,1145,1148,1163,1033,1166,1157,1166,1162,1167,1162,1137,1160,1762
HG03016	ASB1	1157,1099,1160,1097,1162,1122,1148,1148,1135,1161,1150,1115,1171,986,1165
HG02890	ASB1	1320,3175,1306,3237,1603,1584,-18530,1324,1249,1578,1604,1321,1322,1604,2532,3227,1285,1578,2890,1415
HG03057	ASB1	2467,1738,1963,1198,2251,2444,1914,1955,1958,2438,1954,1668
HG03052	ASB1	1285,1303,1958,1957,1316,1312,1654,1979,1314,1846,1974,1960,1953,1951,1302,1198,1316,1956,2014,1965,910,1200
HG02983	CLASP1	2370,2351,2166,2390,2170,2333,2179,2187,1827,2190,2197,2208,2332,2184,2304,2140,2196,2320,2203,1497
HG02922	ASB1	1209,1603,1577,1535,1201,1200,1603,1202,1589,1593,1200,1601,1601,1264,1201,1605
HG03077	ASB1	2974,1249,1327,1322,1315,1308,1325,1308,1198,1324,1326
HG03076	ASB1	2921,1486,1143,1150,2923,1134,1138,2895,1666,1162,1159
HG02888	ASB1	3221,3232,1313,1173,3237,1304,1377,2472,2473,3236,1311,3243,1320,1320,2473,1122,1161,2329,3189,1320,1330,1315,1276,2465,1316
HG03086	ASB1	1235,1269,1278,1288,1288,1275,1274,1273,1294,1307,1157,1234,1327,1280,1171,1279,1178,1281,1281,1326
HG02970	ASB1	1604,1162,1592,1150,1153,1144
HG03074	CLASP1	1888,2201,2163,2194,2222,2190,2203,2357
HG02943	ASB1	1154,1159,1166,1142,1152,1164,1147,1163,1166,1147,1173,1131
HG02895	ASB1	1157,1592,2914,1188,1142,1158,1090,1157,1163,1146,1086,2804,1157,1161,1148,1589,2110,1148,1146,-748,1137,1144,1601
HG03081	ASB1	1160,1056,1603,1599,1606,1601,1540,1161,1140,1586,1161,1606,1137,1550,1163,1555,1533,1321,1545,1565,1168,1538,1157,1608,1158,-2350,1600,1176,1546,1585,1157,1149,1605,1124,1600,1604
HG03085	ASB1	1587,1277,1279,1597,1590,1273,1271,1570,1281,1600,1284
HG03019	ASB1	1155,1150,915,1160,1173,1135,1111,1154
HG02982	ASB1	1318,2350,1323,1320,2471,1335,1281,2460,1323,1320,1307
HG03015	CLASP1	2197,2149,2182,2205,2202,2191,2162,2181
HG02938	ASB1	2524,1591,1544,2232,1532,1592,1594,1600,2453,2534,1606,2559,1581,2527,1607,2263,2549,1579,2535,1602,1505
HG03091	ASB1	1322,1351,1566,1316,1606,1317,1598,1554,1312,1593,1322
HG03048	CLASP1	2203,2203,2213,2199,2048,2171,2159,2184,2207,2199,2108,2207
HG03009	ASB1	1145,1148,831,1141,1156,1159,1164,1130,1139,1156,1148,1144,1140,1151,1151,1137,1137,1165,1151,1152,1151,1147,1150,1160,1166,1146,1159,832
HG03073	ASB1	3052,3014,2070,3028,3031,2597,2990,2076,1926,2086,3016,2074,2985,3037,2075,3043,2054,1317,3036,1541,1392
HG03057	CLASP1	2353,2489,2202,1914,2198,2354,2190,2184,2360,2349,2156,2357,2203,2357,2173,2188,2357
HG03076	CLASP1	2362,2223,2213,2253,2181,2192,2197,2356,2258,2339,2197,2194,2347,1969
HG02944	ASB1	1599,1160,1168,1594,1148,1569,1517,1576,1579,1592,1584,1603,1605,1127,1602,1596,1155,1157,1593,1584,1167,1600,1166,1570,966
HG03066	ASB1	-22619,3248,1433,3179,1289,1830,1316,3008,1310,1328,1308,1232,3220,1317
HG02922	CLASP1	2214,2209,2205,2178,2168,2192,2197,2185,2180,2165,2209,2198,2267,2195,2171,2186,2131,2182,2153,2121
HG02890	CLASP1	2207,2190,2202,1590,2199,2194,2357,2206,2202,2127,2139,2299,2210
HG02971	ASB1	1149,2077,1145,2075,1164,1156,1159,1165,1165,916,2075,2076
HG03039	ASB1	1593,1610,1604,1602,1599,1601,1569,1178,1323
HG02953	ASB1	2476,2450,1141,26921,2422,1345,2480,1159,2482,2481,1157,2456,1163,611,2477,2468,2482,1144,1126,1151,1165,2487,2455,2476,1154,1124,2368,2007,2464,2358,2399,1445,1147,1152,1179,1420
HG03024	ASB1	1097,1325,1320,1330,1312,1330,1160,1320,1319,908,1304,1324,1292,1321,1314,1290
HG03081	CLASP1	2245,2198,2354,2342,2175,2168,2372,2174,2378,2366,2201,2191,2201,2192,2368,2367,1513,2359,2364,2322,2178,2177,2189,1701,2311,2188,2202,2183,2211,2359,2373
HG03060	CLASP1	2206,2353,2202,2363,2368,2183,2353,2355,1929,2348,2340,2364
HG02976	ASB1	1427,3235,1314,1313,3003,3426,3240,1305,3222,3202,1306,1252,934,3024,1323,1317,1292,1325,3211,3229,3236,1325,1312,3247,1116,1311,3227
HG03009	CLASP1	2003,2184,2193,2189,2195,2197,2204,2193,2209,2201,2182,2206,1291,2201,2209,2197,2199,2204,2205,2070,2180,2152,2187
HG03086	CLASP1	2336,2371,2362,2329,2352,2336,2358,2354,2357,2306,2360,2354
HG03066	CLASP1	2202,2125,2189,2140,2355,2205,2373,2170,2208,2154,2193,2273,2356
HG02836	CLASP1	2367,2345,2368,2315,1933,2299,2368,2314,2336,2364,1775,2360,2306,2349,2367,2363,2157,2378,2375,2320,2312,2355
HG03058	CLASP1	2369,2360,2385,2363,2350,2351,2311,2115
HG02870	CLASP1	2186,2341,2196,2200,2378,2182,2225,2332,2157,2359,2367,2191,2325,2143,2197,2368,2311,2297,2302,2359,2180,2180,2336,2277
HG02895	CLASP1	2197,2209,2196,2198,2363,2344,2378,2293,2163,2200,1885,2241,2348,2182,2203,2349,2190,1219,2332,2298,2207,2355,2163,2085,2368
HG02943	CLASP1	2361,2182,2181,2199,2205,2325,2132,2271,2361,2071,2360,2164,2352,2212,2362,2139,2372,2146,2139,5570,2185,4528,2407,2211,2375,2382,2113,2151,2330,2350,2198
HG03077	CLASP1	2177,2184,2174,2355,2193,2194,2258,2194,2302,2372,2238,2347,1548,2362
HG03028	CLASP1	2199,2174,2194,1789,2181,2162,2205,2136,2194,2181,2141,2196,2195,2204,2213,2196,2160,2176,2201,2200,1955,2101,2185,2108,2200,2195,2150,2171
HG02976	CLASP1	2187,2366,2196,2356,2218,2202,1558,2197,2355,2344,2332,2203,2177,2357,2367,2384,2209,2324,2367,2210,2363,2331,2164,10851,2305,2319,2202,2366,2198,2199,2359,2170,2208,2188
HG03016	CLASP1	2209,2192,2198,2205,2202,2228,2094,2196,2198,2209
HG03052	CLASP1	2358,2347,2201,2206,2357,2193,2192,2352,2205,2178,2376,2198,2323,2198,1929,2194,2360,2194,2192
HG02888	CLASP1	2353,2195,2082,2213,2185,2363,2302,2186,2200,2157,1989,2173,2198
HG02938	CLASP1	2205,2135,2186,2196,2129,2189,2176,2195,2167,2195,2125,2214,2185,2160,2174,1577,2176,2188,2197,2096,2197,2176
HG03085	CLASP1	2192,2175,2192,2193,2198,2200,2171,1796,2195,2189,2200,2210,2146,2182
HG03091	CLASP1	2361,2202,2185,2204,1872,1661,2068,2227,2193,2208,2173,2177
HG02737	FOCAD1	2165,2488,2525,2151,2122,2125,2157,2496,2531,2165,2475,2547,2146,2078,2523,2165,2155
HG02982	CLASP1	2186,2215,2205,1976,2181,2195,2172,2195,2176,2186
HG02970	CLASP1	2349,2335,2370,2362,2366,2335,2356,2315,2136,2354
HG02944	CLASP1	1988,2346,2344,2328,2370,2364,2299,2218,2198,2357,2179,2200,2345,2192,2347,2141
HG02724	FOCAD1	2533,2159,2497,2127,2092,2537,2156,2525,2152,2145,2516,1923,2130,2153,2154,2159,2535,1979,2532,2155,2116
HG02771	FOCAD1	2134,2537,2539,2531,2170,2508,2147,2532,2474,2143,2503,2157,2141,2142,2532,2513,2541,2162,2515,2498,2140
HG02703	FOCAD1	2531,2450,2535,2520,2493,2546,2517,2526,2523,2544,2547,2551,2486,2529,2533,2510
HG02793	FOCAD1	2172,2133,2158,2138,2126,2162,2147,2168,2114,2153,2082,2160,2159,2170,2153,2155,2161,2115,2163,2160,2136,2109,2148,2147,2158,2141,2194,2144,-1366,2155,2133,2164,1908,2155,2143,2162
HG03073	CLASP1	2375,2345,2355,2107,2348,2338,2127,2372,2378,2350,2362,2363,2369,2365,2315,2359,2358,2349,2341,2327,2370,2358,2334,2360,1648,2337,3523,2042
HG03019	CLASP1	1779,2199,2238,2193,2183,2207,2220,2194,2202,2180,2202,2189,2202,2200,2117,2167
HG02781	FOCAD1	2143,2152,2149,1530,2143,2142,2144,2114,2172,2133,2134,2152
HG02971	CLASP1	2328,2179,40476,2362,2207,2365,2354,2342,2371,2367,2360,2369,2374,2231,2327,2344,2086,2249,2208,2177
HG02813	FOCAD1	2153,2072,2534,2534,2518,2509,2158,2519,2535,2515,2129,2541,2548,2136
HG02768	FOCAD1	2137,2083,2031,2147,2160,2100,31026,2096,2125,1754
HG02805	FOCAD1	2192,2527,1955,2474,2519,2537,2157,1721,1792,2125,2538,2516,2527,2524,2113,2064
HG02691	FOCAD1	2120,2139,2532,2553,2565,2139,2544,2562,2163,1952,1740,2158,2111,2159,3262,2521
HG02953	CLASP1	2200,2357,2202,2371,2364,2089,2205,2228,2184,2115,2177,2186,2366,2213,2338,2176,2195,2330,2201
HG02789	FOCAD1	1721,2523,1963,2154,2543,2532,2101,2188,2536,-403,2515
HG02697	FOCAD1	1969,2160,2155,2151,1988,2151,2144,2146,2152,2158,2148,2177,2143,2138,2148,2154
HG02807	FOCAD1	2152,2558,2139,2237,2567,2152,2527
HG02715	FOCAD1	2141,1809,2162,2180,2163,2154,2148,1656,2155,2178,2151,1623,2146
HG02721	FOCAD1	2099,2156,2149,2163,2135,2149,2158,2157,2156,2109
HG03039	CLASP1	2305,2362,2334,2367,2311,2307,2349
HG02728	FOCAD1	2138,2120,2166,2117,2532,2480,2382,2166,1869,2519,2162
HG02727	FOCAD1	2500,2147,2175,2545,2392,2506,2537,2538,2520,2481,2534
HG03024	CLASP1	2375,2366,1874,2362,2193,2181,2202,2192,2340,2127,2208,2201,2184,2346,2376,2351,2365
HG02781	ASB1	1606,1588,1602,-3497,1595,1604,1136,1617,1605
HG02771	ASB1	2366,2489,2472,1592,1595,1844,1630,2465,1600,1612,1582,1577,51
HG02737	ASB1	1160,1563,1588,1152,1601,1600,1156,1577,1606,1151,1150,1158,1589,1160,1591,1606,1206,1364
HG02781	CLASP1	2174,1271,2165,1555,2190,2161,2184,2168
HG02727	ASB1	1307,1319,1155,1315,1299,1168,1159,1141,1150,1313,1154,1163,1157,1302,1145,1323,1155
HG02715	ASB1	1593,1327,1594,1601,1606,1303,1317,1320,1596
HG02793	ASB1	1321,1166,1318,1328,1136,1289,1160,1150,1160,1050,1153,1160,1329,1126,1292,1168,1310
HG02807	ASB1	1163,1113,1151,1161,1156,1147,1129,1158,1169,1174
HG02728	ASB1	1161,1140,1146,1160,1138,1086,1165,1127,1127,1146,1177,980,1165,1160,1155,1164,1154
HG02703	ASB1	1549,1596,1602,1585,1643,1487,953,1599,1599,1605,1596,1597,1591,1605,1601,1593,1599,1595,1600
HG02768	ASB1	1554,1860,1601,1930,1954
HG02697	ASB1	1105,1160,1143,1094,1163,1160,1157,1167,1158,1154,1162,1146,1154,1158,1151,1140,1163,1152
HG02805	ASB1	1597,1201,1755,1565,1503,1596,1602,1537,1599,1553,1598,1601,1585,1613,1593,1601
HG02724	ASB1	1597,1158,1591,1597,1162,1613,1159,1597,1148,1140,1166,1161,1146,1535,1610,1602,1155,1591,1605
HG02789	ASB1	1231,1146,1164,1161,1285,1157,1095,899,1220,1221,1236,1158
HG02793	CLASP1	2167,2193,2206,2197,2199,2199,2186,2211,2199,2133,2205,2215,2171,2201,2204,2201,2213,2190,2198,2191,2132,2202,2190,2197
HG02813	ASB1	2480,1248,2491,2452,1156,1150,1162,1157,3101,1081,1600,2476,1163,3125,3070,2467
HG02691	ASB1	1162,1153,1165,1158,1304,1316,1310
HG02715	CLASP1	2354,2204,1614,2365,2377,2128,2191,2213,2205,2204,2333,2182,2358
HG02807	CLASP1	-29399,2351,1804,2171,2045,2191,2210,2349,3780
HG02721	ASB1	1597,2908,2926,1616,2899,2863,2907,2891,2920,2930,1594,1523,2897,1597,1600,1543,2786,1603,1589,2886,2871
HG02771	CLASP1	2357,1850,2358,2372,1840,1835,1851,2368,1812,1833,2367,1830,2357
HG02737	CLASP1	2172,2146,2179,2198,2206,2195,2199,2188,2183,2204,2155,2192,2190
HG02813	CLASP1	2206,2344,2366,2355,2350,2369,2167,2210,2334,2366,2155,1860
HG02697	CLASP1	2169,2200,2126,2184,2197,2205,2195,2175,2185,2174,2206,2197
HG02727	CLASP1	2205,2195,2182,2164,2195,2198,2207,2198,2191,2211,2172
HG02768	CLASP1	2254,2203,2316,2302,2204
HG02728	CLASP1	2195,2161,2253,2342,2196,2171,2213
HG02805	CLASP1	2333,2329,2370,2351,2314,2160
HG02789	CLASP1	2176,2196,2211,2189,2200,2198,2187,2169,2205,2148,2201,2205,2197,2164
HG02724	CLASP1	2122,2208,2196,2196,2201,2200,2209,2189,2170,2192
HG02703	CLASP1	2363,2177,2360,2205,2200,2324,2355,2177,2199,2197,2204,2364,2286,2200,1983,2157,2350,2370,2175,2200,2200,2189,2228
HG02691	CLASP1	2155,2349,2185,2327,2318,2322,2145,2181,2285
HG02554	FOCAD1	2152,2127,2157,2108,2150,2129,2144,2167,2127,2164,1858,2151,2113,2120
HG02524	FOCAD1	2166,2174,2551,2538,2533,2520,2539
HG02546	FOCAD1	2230,2157,2154,2149,2167,2742,2175,2691,2734,2714,2712,2731,-8849
HG02494	FOCAD1	2181,2154,2131,2029,1618,2104,2146,2148,2159
HG02545	FOCAD1	2467,2495,2525,2528,2528,2531,2549,2481,2543,2347
HG02657	FOCAD1	2528,2441,2029,2531,2159,2156,2415,2535,2143,2095,2520,2527,2472,2508,2462
HG02687	FOCAD1	2148,2145,2536,2503,2164,2537,2161,2503,2158,2155,2166,2529,1695,2544,2164
HG02685	FOCAD1	2110,2144,2151,2109,2166,2145,2160,2061,2132
HG02493	FOCAD1	2537,2544,2510,2157,2507,2169
HG02634	FOCAD1	2140,2150,2066,2158,2149,2151,1743,2116,2150,2069,2137,2113,2138,2143,2151,2157,2147,2142,2134,1981,1970,2148,2167,2142,2164
HG02496	FOCAD1	2156,2125,2530,2538,2061,2155,2532,2063,2100,2134,2556,2534,2154,2163,2146,2074,2521,1971,2424,2462,2398,2121,2139,2535,2515,2507,2531,2514,2143,2137,2209,2541,2117,2127,2541,2135,2511,2149,2261,2513,2539,2508,2532,2534,2546,2141,2490,2526,2521,2147
HG02522	FOCAD1	2112,2062,2138,2153,2543,2540,2534,2543,2162
HG02521	FOCAD1	2550,2161,2147,2127,1550,2153,2507,2457,2516,2539,2478,2538,2151,2124,2518,2086,2139,2483,2137,2541,2145,2528,2521,2109,2541,2080,2112,2157,2534,2538,2143,2054,1993,2508
HG02681	FOCAD1	2117,2085,1960,2108,2134,2133,2149,2132
HG02588	FOCAD1	2527,2482,2525,2531,2534,2516,2547,2525,2520,2326,2536,2519,2475
HG02690	FOCAD1	2138,2527,2130,2526,2535,2507,2168,2135,2523,2504,2156,2158,2141,2154,2141,2149
HG02661	FOCAD1	2545,2139,2560
HG02595	FOCAD1	2049,2154,2376,2157,2550,2540,2149,2169,2535,2144,2336,2508,2135,2156,2143,2518,829,2135,2530,2510,2283
HG02679	FOCAD1	2154,2518,2142,2167,2514,2538,2172,2540,2151,2141,2541,2165,2489,2157,2554,2518,2155,2157,2495,2129,2525,2159,1877,2558,1970,2129,2542,2154,1949,2539
HG02577	FOCAD1	2166,2010,2149,1967,2119,2141,2144,2094,2102
HG02580	FOCAD1	2172,2122,2162,2520,2540,2169,2148,2544,2148,2155,2540,2516,2134,2524,2523,2165,2140,2150,2160,2141,1823,2556,2170,2165,2166,2233,2540,2544,2157,2501,2131,2161
HG02600	FOCAD1	2109,2044,2129,2074,2128,2129,1660,2053,2139
HG02684	FOCAD1	2145,1945,2157,2154,2172,2141,2148,2168,2173,2148,2159,2174,2158,2137,1700,-370
HG02678	FOCAD1	2517,2563,2550,2545,2562,2172,2006,2535,2157,2147,2156,2533,2166,2069,2047,2147,2164,2062,2162,2155,2158,2132,2402,2179,2531
HG02585	FOCAD1	2153,2153,2149,2133,2138,2149,2146,2091,2141,2142,2145,2137,2148,2128,2156,1989,2105,2162,2171,2155,2151,2129,2147,2128,2126,2147,2116,2146,2166,1737,2112,2161,2076,2150,2158,2151,1992,1926,2134
HG02597	FOCAD1	2108,1643,2159,2160,2096,2537,1660,2536,2152,2541,2551
HG02643	FOCAD1	2477,2504,2767,2533,2554,2533,2722,2724,2537,2533,2545,2539,2551,2451,2514,2737,2534,2552,2531,2538,2768,2629,2434,2521
HG02573	FOCAD1	2152,2147,2160,2104,2157,2148,2149,2135,2135,2142,2135,2148,2106,2121,2145,1776,2144,2140,2107,2145,2142,2093,2141,1868,2119,2138,2148
HG02568	FOCAD1	2152,2159,2147,2061,2128,2134,2149,2145,2135,2150,2152,1839,2126,2136,2159
HG02582	FOCAD1	2441,2247,2533,2534,2565
HG02611	FOCAD1	2163,2521,2530,2169,2173,2133,2160,2110,2521
HG02635	FOCAD1	2552,2737,2549,2543,2536,2704,2707,2696,2730,2721,2500,2480
HG02604	FOCAD1	2163,2154,2539,1907,2102,2156,2126,1882,2557
HG02721	CLASP1	2348,2348,2363,2306,2368,2362,2294,2370,2336,2365
HG02562	FOCAD1	2152,2130,2185,2168,2168,2175,1934,2112,1825,2158,2155,1936,2149,2174,2123,2166,2165,2150,2143
HG02561	FOCAD1	2081,2153,2179,2155,2147,2146,2141,2114,2088,2143,2149,2151,2147,2148
HG02558	FOCAD1	2022,2347,2335,2348,2153,2171,2158,2340,2162,2141,2159,1837,2152,2333
HG02688	FOCAD1	2152,2136,2159,2140,2165,2164,2155,2154,1571,2107,2149,2155,2161,2161,2131,2151,2155,2147
HG02494	ASB1	1607,1598,1604,1591,1600,1576,1597,1591,1431
HG02657	ASB1	1157,1151,2464,2419,1122,2479,1153,1109,1158,2469,2434,1151,1609,1155,1152,993
HG02546	ASB1	1203,1399,3112,1603,3106,3076,3054,2854,1565,1606,1582,1389,1594,966,1859,1600,1317,298
HG02493	ASB1	1594,1143,1593,1379,1143,1162,1154,1159,1163,1601,1368
HG02554	ASB1	1263,1308,1597,1603,1324,1214,1549,1591,1583,1308,1419,1599,1296,1596,1580,1609
HG02661	ASB1	2488
HG02524	ASB1	1131,1152,1153,1154,1164,1160,1165,1162,1144,1161,1137,1150,1154
HG02595	ASB1	1926,1962,1210,1950,1945,2787,1961,1896,1968,2904,2870,1197,1957,1958,2871,1950,1958,2927,2853,1141,1566,635
HG02685	ASB1	1150,1139,1137,1145,1167,1157,1073,1141
HG02657	CLASP1	2204,1711,2208,2204,2197,2220,2196
HG02611	ASB1	3226,3240,1243,3196,3202,2902,3223,2922,1635,2912,3242,2892,2911,2899,2907,3183,2894,379,2908,2439,3232,1952,2916,137,535
HG02522	ASB1	2470,1287,2446,2486,2472,2458,1589,1542,2460,1486,1607,1587,2473,2474,1591,1603,1474,1598,1595,1602,1579,1578,1991,1340,1834
HG02635	ASB1	1171,1153,1148,1170,1160,1158,1166,1157,1103,1164,1159,1002,1150,1158,1152,1152,1173
HG02588	ASB1	1326,1323,1276,1581,1392,1583,1588,1070
HG02568	ASB1	1591,1298,1308,1595,1313,1608,1598,1607,1291,1122,1314,1600,1607,1587,1595,1576,11228
HG02577	ASB1	2483,2465,2472,2484,1151,2464,2072
HG02580	ASB1	1594,1604,1151,1599,1541,1566,1604,1591,1210,1153,1159,1137,1158,1146,1596,1601,1161,1164,1582,1166,1542,1607,1154,1158,923,1106,1141,1171,1165
HG02562	ASB1	1285,2893,1310,2931,2912,1346,1303,2902,1317,1309,1317,2905,1315,2917,1313,2910,2910,2917,1317,1283,2896,1312,1324,1321,1326,1174,1574
HG02554	CLASP1	2353,2162,2358,2353,2362,2367,2370,2351,2361,4034,2125,2229
HG02681	ASB1	1159,1150,1132,1141,1298,1156
HG02524	CLASP1	2204,2360,2363,2206,2171,2165,2161,2366,2363,2336
HG02688	ASB1	1154,1082,1328,1157,1599,1169,1533,1608,1152,1158,1160
HG02521	ASB1	1200,1271,1324,1284,1324,2481,1244,1303,2472,2453,2401,1323,1317,2046,2455,2442,1301,1311,2476,2467,1310,1318,1290,1124
HG02545	ASB1	1156,1310,1153,1138,1160,1158,1298
HG02685	CLASP1	2197,2190,2197,2186,2222,2197,2162,2204,2189,2168,2187
HG02597	ASB1	1585,1586,1600,1157,1147,1157,1150,1140,1157,1606,1158,1159
HG02643	ASB1	1313,1777,2933,2163,2916,2926,2954,2920,2945,2950,1318,1315,2957,2926,2895,2927,1366,2800
HG02611	CLASP1	2371,2367,1411,2329,2364,2345,2208,2202,2192,2314,2292,2187
HG02588	CLASP1	2192,2366,2361,2312,2177,2106,2132,2379,2336,1856,2195
HG02582	ASB1	1951,1756,3072,1856,2653,1941,1281,997
HG02687	ASB1	1038,1036,1038,1157,1045,1155,1163,1154,1030,1162,1038,1153,1039,1041,1028,-4938,1165,1038
HG02678	ASB1	1551,1199,1593,1607,1593,1592,1594,1617,1188,1198,1099,1606,1600,1581,1597,1589,1201,1600,1560,1599,1191,1204,1600,1599,1559,1179,1599,1207,1203,1151,1585,1148
HG02684	ASB1	1143,1150,1149,1153,1154,859,1153,1150,1165,1154,1151,1142,1125
HG02494	CLASP1	2191,2168,2192,2134,2196
HG02600	ASB1	1156,1161,1154,1161,1165,1141
HG02690	ASB1	1162,1150,1162,1146,1157,1157,1155,1153,1159,1156
HG02558	ASB1	1201,1601,935,1192,1200,1186,1508,1185,1578,1206,1196
HG02562	CLASP1	2347,1919,2370,2362,2395,2321,2281,2367,2349,2322,2352,2431,2345
HG02681	CLASP1	2157,2198,2158,2175,2187,2195,2206,2206,2080,2191,2162
HG02597	CLASP1	2212,1242,1720,2194,2202,2175,2202
HG02546	CLASP1	2187,2204,2204,2193,1877,2206,2186
HG02561	ASB1	1581,1598,2915,2914,-3671,1605,1837,2879,2913,1345
HG02493	CLASP1	2203,2187,2202,2179,2174,2237,2188
HG02604	ASB1	998,1156,1165,1161,973,1128,1156,914,1168,1155,1155,811,1137,1146,1156,1153,1158,1156,1154,1108
HG02634	ASB1	1201,1180,1192,1176,1197,1207,1204,1191,2789,1190,1180,-6386,1201,1204,1191,1188,1185,1185,2903,1756,2879,2913,1195,1200,1632,-1119
HG02688	CLASP1	2347,2180,2339,2179,2344,1981
HG02643	CLASP1	2369,2342,2298,2203,2361,2360,2135,2177,2369,2330,2190,2312,2185,2136,2209,2202,2342,2147,2198,2207,2211,2363,2370,2517,2373,2346
HG02573	ASB1	1959,1941,1202,1575,1597,1560,1698,1963,1942,1951,1950,1599,1955,1219,1387,1948,1586,1580,1606
HG02582	CLASP1	2227,2192,2356,2200,2182,2158,2180,2202
HG02661	CLASP1	2191
HG02522	CLASP1	2360,2341,2356,2174,2279,2352,2337,2286,2314
HG02679	ASB1	1326,1322,1325,1335,1311,1309,1331,1316,1320,1328,1315,1325,1318,1313,1304,1326,1308,1317,1316,1327,1315,1318,1315,1318,1314,1321,1318,1320
HG02496	ASB1	3496,2437,2484,3502,2467,3522,3509,2471,2481,2476,2463,2465,2465,2485,2471,3479,3516,3503,2459,2470,2487,2406,1405,3227,2469,3481,3514,3515,3592,3488,2395,2481,1272,2400,127,2992,461,992,1753
HG02595	CLASP1	38139,2191,2203,2165,2204,2369,2172,2357,2375,2358,2327,2066,2378,2204,2364,2202,2192
HG02604	CLASP1	2161,2197,2202,2197,2204,2195,2208,2201,2187,2198,2198,2206,2200,2161,2207,2135,2210
HG02635	CLASP1	2173,2207,2178,2180,2189,2199,2181,2184,1975,2105
HG02580	CLASP1	2365,2350,2194,2258,2286,2335,2354,2355,2386,2309,2182,2186,2356,2314,2303,2342,2196,2362,2315,2211
HG02561	CLASP1	2184,2201,2366,2361,2189,2377,2203,2127,2195,1960,1475,2372,2193,2358,2172
HG02568	CLASP1	2195,2196,2175,2097,2169,2195,2215,2165,2113,2192,2184,2082,2211,2182,2167,1917,2151,2193,2186
HG02577	CLASP1	2167,2106,2370,2322,2202,2346,2349,2210,2255,2192,2306,2414,1803
HG02585	ASB1	1298,1281,1605,1307,1314,1599,1317,1593,1303,1573,1284,1310,1323,1321,1307,1323,1562,1301,1228,1325,1296,1216,1315,1597,1591,1288,1310
HG02573	CLASP1	2297,2205,2197,2195,2192,2278,2212,2317,2190,2294,2204,2274,2298,2297,2317,2301,2121,2321,2317,2318,2308,2308,2197
HG02545	CLASP1	2209,2353,2191,1977,2194,2168,2187,2132,2368,2353,2168,2157,2347,2358,2045,2205,2348
HG02521	CLASP1	2198,2129,2204,2185,2133,2195,2208,2210,2194,2191,2189,2198,2193,2185,2206,2072,2198,2198,2140,2196,2187,2202,2208,2183,2207,2179,2186,2183,2175,2163,2191,2196,2193
HG02600	CLASP1	2184,2204,2187,2176,2188,2154,2175,2184
HG02496	CLASP1	2363,2373,2363,2361,2363,2294,2364,2367,2349,2355,2362,2355,2357,2341,2335,2363,2357,2354,2359,2356,2331
HG02679	CLASP1	2198,2199,2364,2206,2203,2063,2352,2201,2200,2198,2370,2360,2118,2348,2186,2363,2203,2201,2190,2307,2184,2375
HG02684	CLASP1	2185,2176,2171,2182,2162,2198
HG02687	CLASP1	2191,2191,2192,2197,2207,2194,2202,2197,2195,2130
HG02275	FOCAD1	1930,1964,1984,2131,1959,1955,1972,2192,2148,1893,2154,2147,1938
HG02274	FOCAD1	2127,2536,2552,2155,2160,1732,2150,2486,2144,2137,2547,2512,2535,2530,2156,2145,2156,2127,2111,2540,2008,2165
HG02678	CLASP1	2332,2362,2370,2370,1895,2358,2354,2354,2374,2352,2355,1719,2341,2353,2352,2365
HG02429	FOCAD1	-59154,1958,2159,2146,2163,2175,2143,2143
HG02690	CLASP1	2349,2347,2191,2164,2171,2205,2316,2359
HG02442	FOCAD1	2143,2145,1910,2450,2515,2465,2503,2091,2121,2518,2148,2255,2155,2513,2506,2501,2098
HG02291	FOCAD1	2145,2177,2144,2101,2158,2158,2153,1939,1944,2108,2183,2149
HG02485	FOCAD1	2323,2258,-15962,2548,2111,2290,2326,2526,2332,2546,2544,2349,2504,2512
HG02585	CLASP1	2368,2364,2342,2362,2298,2352,2237,2288,2134,2380,2364,2369,2358,2354,2292,2324,2379,2341,2286,2340,2349,2360,2372,2356,2370,2357,2334,2372,2323,2363
HG02477	FOCAD1	2532,2492,2527,2149,2087,2155,2098,2540,2149,2522,2429,2532,2103,2539,2544,2533,1938,2142,2161,2110,2150
HG02445	FOCAD1	2733,2164,2130,2153,2137,2155,2690,1958,2701,2145,2131,2570,2726,2150,2514,2746,2161,2661,2729,2146,2723,2734,2141,2135,2715,2719,2720
HG02384	FOCAD1	727,2337,2133,2535,2148,2024,2148,2129,2557,2343,2142,2122,2547,2157,2147,2510,2099,2504,2530,2160
HG02364	FOCAD1	2163,2084,2132,2134,2077,2141,2157,2106,2175,2093,2143,1794,2149,2148,1836,1509,2102
HG02455	FOCAD1	2545,2168,2141,2166,2162,2532,2129,2526,2155,2541,2534,2539,1927,2161
HG02478	FOCAD1	2556,2161,2713,2706,2746,2155,2685,2726,2771,2136,2709,2149,2160,2117,2136,2735,1850,2728,2165,2743,2719
HG02337	FOCAD1	2139,1455,2142,2122,2138,2125
HG02558	CLASP1	2339,1581,2375,-1656,2371,1937,2318,2353,2371,2370,2108,2332
HG02402	FOCAD1	2147,2114,2144,2148,2148,2135,2066,2158,2092,2170,2136,2133,2172,2160,2148
HG02285	FOCAD1	2149,2156,2150,2130
HG02367	FOCAD1	2155,2160,2521,2144,2146,2489,2522,2167,2094,2473,2549,2536,2154,2168,2157,2153
HG02390	FOCAD1	2532,2477,2549,2550,2537,2531,2537,2559,2457,2520,2536,2549,2531,2526,2515,2532
HG02292	FOCAD1	2129,2174,2014,2144,2120,2122,2154,2157,2142,2156,2135,2162,2103,2160,2138,2131
HG02277	FOCAD1	2415,2540,2169,2160,2538,2167,2151,2141,2156,2146,2161,2481,2529,2534,2508,2151,2537,2118,2172,2161
HG02410	FOCAD1	2540,2538,2533,2521,2438,2525,2496,2539,2173,2533,2533,2145,2556,2519,2456,2094,2551,2290,2554,2565
HG02420	FOCAD1	2144,2508,2514,2523,2098,2145,2523,2532,2170,2143,2347,2552,2130,2129,2138,2051,2533
HG02283	FOCAD1	2155,2160,2139,2160,1992,2143,2149,2153,2156,2131,2140,2154,2122,2122,2157,2159,2152,2136,2026
HG02490	FOCAD1	2537,2539,2514,2526,2533,2518,2526,2524,2517,2187,2541,2488,2521,2205,2532,2418,2532,1496,2398,2526,2515,2532,2555
HG02284	FOCAD1	2546,3064,2756,2526,2527,2543,2592,2522,2560,2698,2539,2538
HG02634	CLASP1	2175,2154,2200,2187,2198,2223,2198,1093,2192,2200,2188,2189,2189,2125,2167,2191,2178,2168,2207,2092,1685
HG02372	FOCAD1	2537,2158,2511,2526,2553,2539,2543,2519,2536,2547,2518,2544,2534,2433,2545,2537,2535,2512,2522,2537,2236,2487,2519
HG02382	FOCAD1	1771,2161,2155,1726,1759,2084,1753,1768,1776,1791,2170,1966,1776,2107,2145,1758,1760,1772,2164,1829,2126,1766,1936,1761,2121,1764,1762,2140,1873,1705,1733,1779,2126,1754,2135,1763,2151,2147,1779,1767
HG02325	FOCAD1	2154,2047,2147,1818,2166
HG02275	ASB1	1128,1431,1156,1162,1439,1402,1440,1433,1430,1438,1419,1436,1432,1174,1152,1444
HG02429	ASB1	3103,3111,1354,3110,1180,3125,1179,1181,1189,1192,1202,1217,1168,1199,1155,1195,94,1601
HG02332	FOCAD1	2146,2163,2153,2159,2146,2117,2125,2146,2165,2136,2168,2129,2154,2156,2149,2136,2154
HG02314	FOCAD1	2159,2139,2151,2172,2169,2135,2155,2135,2121,2150,2130,2157,2149,2063
HG02307	FOCAD1	2145,2109,2150,2100,2138,1994,2154,2157,1866,2143,2152,2157,1855,2158,2142,2146,2154,2127,2137,2099,2126,2151,2146,2156
HG02318	FOCAD1	2528,2728,2735,2526,2548,2536,2532,2549,2537,2545,2024,2735,2451
HG02309	FOCAD1	2158,2172,2149,2134,2149,2152,2159,2158,1719,2113,2146,2147,2155,2155,1994,2172,2153,2103,2165,2144,2159,2157,2067
HG02308	FOCAD1	2139,2552,2498,2118,2148,2553,2072,2127,2543,2133,2167,2160,2139,2033,2380,2495,2462,2540
HG02455	ASB1	1120,1147,1163,1160,1132,1128,1165,1149,1151,1172,1151,1162
HG02291	ASB1	1155,1149,1165,1037,1162,1164,1155,1150,1168,1168,1162,1152,1164
HG02274	ASB1	1159,1153,1152,1158,1417,1443,1442,1175,1435,1421,1114,1427,1154,1159,1444,1159,1169,1399,1446,1146,1435,1444,1157
HG02477	ASB1	2399,2185,1094,2202,2211,2964,2926,2192,2172,2198,2170,1519
HG02485	ASB1	1190,1196,1963,1201,1943,1969,1936,1940,1007,1954,1157,1966,1483,1199,1198,1964,1201,1959,1946,1326,1938,1943,1202,1946,1203,1203,1174,1182,1192,1513,1713,57
HG02429	CLASP1	2208,2196,2290,2360,2196,2161,2392,2330,2326,2372,2298,2361,2175
HG02275	CLASP1	2198,2204,2356,2157,2366,2194,2351,2201,2192,2353,2190,2298,2372,2199,2205,2356,2187,2359,2204,2309,2351,2193
HG02364	ASB1	1152,1123,1160,1143,1132,1109,1126,1146,1154,1160,1154,1155,1156,1161,1144,1144,1146,1037,1136
HG02292	ASB1	1134,1071,1163,1160,1161,1162,1144,1440,1427,1420,1151
HG02277	ASB1	1610,1596,1592,1598,1598,1608,1599,1605,1599,1602,1605,1597,1599,1591,1600,1595,1513,1602,1591,1603,1506,1577
HG02314	ASB1	2555,2901,2558,2917,2862,1426,2919,2549,2850,2289,2566,2547,2564,2564,2521,2073
HG02372	ASB1	1170,1168,1192,1159,1154,1142,1164,1174,1155,1157,1167,1145,1157,1157,1190,1165,1177,1075,1158,1161,1128,1157,1156,1175,1156,1150
HG02325	ASB1	1558,1580,1965,1596,1592,1953,1965,1955,1581,138,1326
HG02291	CLASP1	2322,2359,2182,2294,3081
HG02337	ASB1	1957,1957,2434,2455,2503,2385,1950,2460
HG02308	ASB1	1151,2918,1155,1014,1078,1155,2879,2704,2822,2861,2898,1152,2846,1018
HG02477	CLASP1	2391,2382,2371,2193,2339,2370,2264,2369,2117,2342
HG02274	CLASP1	1884,2182,2184,2062,2201,1018,2084,2178,2204,2204,2204,2163,2214
HG02307	ASB1	1143,1158,1144,2062,2517,1157,2425,1145,1136,2535,1156,1511,1346
HG02485	CLASP1	2199,2190,2184,2199,2211,2206,2205,2215,2192,2201,2203,2201,2165,2184,2193,2178
HG02285	ASB1	1162,1153,1159,1164,1137,1155
HG02284	ASB1	2917,2878,16287,1037,2867,1156,1150,2909,1466,1155,2921,982,2911,1143,1638,1140,1142,1163,873,1153
HG02292	CLASP1	2197,1820,2185,2171,2167,2206,2173,2153,2184,2199,2186,2118,2103,2148,4535,1739,2193,2185,2086,1959
HG02490	ASB1	1140,1155,1162,1145,1162,1149,1153,1160,1164,1162,1160,1170,1159,1105,1151,906,1159,1141,1162,1149,1157,1121,1163,1148
HG02367	ASB1	1321,1322,1322,1299,1158,1119,1158,1163,1328,1158,1163,1159,1324,1305,1323,1147,1169
HG02420	ASB1	1178,1085,1197,1138,1033,1187,1195,1133,1156,1191,1142,1163,1183
HG02402	ASB1	1132,1163,1155,1131,1168,1166,1161,1152
HG02384	ASB1	1311,1320,1163,1161,1284,1101,1317,1156,1144,1309,1152,1327,1300,1291,1315,1318,1162,1150,1314,1297,1311,1317,1322,1155
HG02442	ASB1	1209,1596,1581,1525,1096,1606,1198,1022,1104,1125,1482,1190,1577,1590
HG02325	CLASP1	2209,2139,2192,2199,2198,2178,2210,2357,2194,2119
HG02318	ASB1	1157,1547,1604,1157,1609,1153,1149,1156,1161,1160,1580,1621,1573
HG02478	ASB1	1119,1161,1151,1093,1172,1167,1152,1151,1158,1161,1160,1171,1153,1131,1157,1143,1132,1109
HG02410	ASB1	1147,1155,1168,1150,1158,1153,1158,1168,1163,1150,1152,1152,1153,1157,1145,1167,1171,1148,1146,1159,1162,1162,1038
HG02445	ASB1	1526,1589,1590,1273,1607,1589,1540,1601,1590,1590,1596,1584,1594,1589,1258,1572,1649,1569,1186,1601,1592,1195,1486,1584,1604,1203,1591,1205
HG02283	ASB1	1318,2471,1307,1310,1300,2477,1330,1313,2228,1309,1311,1087,2474,1321,2477,4099,1321
HG02390	ASB1	1600,1573,1585,1615,1559,1589,1600,1597,1605,1598,1589,1077,1186,1434,-42285
HG02332	ASB1	2464,2447,2482,2474,2019,2454,2473,2452,1278,10068,2316,2457,2463,2489,2458,2423,2483,2486,2481,534,996
HG02455	CLASP1	2350,2202,2176,2322,2350,2162,2321,2370
HG02307	CLASP1	2143,2209,1757,2211,2297,2179,2159,2137,2330,2326,2205,2194,2243,2314,2325,2213,2181,2105,2189,2158,2188,2326,2203,2209,2126,2328
HG02318	CLASP1	2360,2290,2136,2358,2201,2359,2093,2378,2183,1838,11654,1118,2347,2151,2354,2345
HG02478	CLASP1	2185,2370,2310,2380,2270,2299,2348,2213,2361,2359,2331,2356,2169,2183,1740,2200,2191,2356,2147,2190,2118,2198,2198,2187,2275,1369,2331,2197,2175,2347
HG02382	ASB1	1430,1375,1352,1444,1094,1435,1146,1157,1370,1167,1400,1150,1154,1152,1423,1443,1410,1140,1165,1142,1160,1153,1150,1448,1410
HG02490	CLASP1	2156,2124,2199,2195,2267,2193,2169,2155,2176,2204,2201,2204,2187,2118,2198,1894,2150,2195,2206,2062,2073
HG02309	ASB1	1906,1599,1590,1571,1583,1605,1938,1961,1948,1599,1549,1601,1914,1890,1554,1590,1609,1967,1605,1591,1917,1594
HG02410	CLASP1	2202,2196,1554,2196,2204,2198,2201,2186,2189,2186,1939,2138,2190,2206,2165,2041,2202,2110,2181,2186,2213
HG02364	CLASP1	2194,2284,2176,2200,2347,2203,2321,2146,2280,2112,2201,2170,2365,2190
HG02337	CLASP1	2296,2362,2316,2367,2360,2358,2331,2383,2366,2429,2274,2341,2254,2351,2361
HG02390	CLASP1	2355,2343,2323,2339,2215,2315,2255,2352,2016,2339,2293,2318,2339,2343,2269,2260,2338,2358,2296,2348,2317,2355,2351,2335
HG02314	CLASP1	2367,2367,2194,2198,2184,2150,2201,2134,2178,2168,2194,2188,2178,2336,2374,1991,2281,2348
HG02332	CLASP1	2203,2190,2194,2177,2207,2240,2321,2361,2342,2361,2320,2350,2359,2203,2337,2356,2224,2214
HG02277	CLASP1	2386,2199,2288,2109,2190,2355,2184,2213,2196,2205,2330,2316,2213,2368,2342,2202,2360
HG02445	CLASP1	2192,2187,2201,2212,2329,2192,2191,2171,2140,2360,2315,2199,2363,2362,2186,2199,2358,2194,2187,2317,2196,2332,2197,2192,2356,2319,2361,2362,2196,2207,2290,2187,2190,2173,2212,2196,2331,2340,2189
HG02372	CLASP1	2188,2130,2207,2191,2196,2037,2198,2188,2191,1774,2181,2188,2188,2202,2205,2205,2206,2193,2142,2200,2204,2195
HG02308	CLASP1	2336,2234,2207,2218,2369,2209,2381,2202,2343,2365,2087,2200,2308,2188,1781,2144,1980,2366,2194
HG02285	CLASP1	2324,2341,1830,2338,2328,2333,2337,2353,2336,2342,2199,2333,2343,2349
HG02442	CLASP1	2277,2315,2235,2244,2329,2321,2346,2375,2303,2355,2336
HG02402	CLASP1	2352,2365,2339,2365,2361,2203,2197,2371,2339,2200,2349,2195
HG02367	CLASP1	2340,2336,2167,2331,2211,2195,2199,2153,2337,2185,2200,2191,2180,2203,2203,2212,2246,2351,2352
HG02284	CLASP1	2371,2327,2362,2206,2358,2313,2289,2371,2184,2346,2189,2342,2212,2347,2343,2212,2218,2311,2349
HG02420	CLASP1	2204,2171,2185,2154,2087,2205,2011,2192
HG02111	FOCAD1	2113,2139,2153,2126,2147,2153,2138,2144,2116,2148,2136,2167,2168,2229,2169,2136,2143,2143,2165,2168
HG02130	FOCAD1	2548,2537,2529
HG02128	FOCAD1	2139,2160,2145,2126,2155,2162,2147,2151,2158,2170,2128,2168,2144,2151,2136,2103,2138,2170,2160,2018,2002,2150,2145,2146,2156,2163,2151,2138,2154,2145,2145,2140,2168,2145,2141,2157,2151,2176
HG02184	FOCAD1	2537,2541,2506,2144,-15856,2502,2530,2510,2523,2340,2144,2099,2560,2098,2141,2522,2537,2512
HG02121	FOCAD1	2156,2526,2548,5188,2546
HG02384	CLASP1	2334,2321,2201,2338,2182,2165,2199,2176,2348,2202,2339,2203,2200,2156,2197,2168,2354,2191,2204,2343,1825,2188
HG02107	FOCAD1	2005,2174,2514,2543,2134,2159,2526,2534,2505,2551,2297,2233,2464,2530,2516,2149,2518,2143,2555,2547,2134,2517
HG02095	FOCAD1	2148,2162,2142,2147,2093,2162,2145,2168,2156
HG02105	FOCAD1	1972,2527,2135,2146,2503,2143,2147,2166,2539,2442,2529,2123,2154,2159,2153,2508,2141,2530,2489,2500,2160,2518,2143,2147,2141,2149,2543,1949,2117,2136,2524,2144,2545,2141
HG02250	FOCAD1	2156,2500,2529,2474,2514,2495,2123,2146,2510,2105,2542,2116,2478
HG02253	FOCAD1	2536,2145,2531,2540,2495,2165,2544,2534,2147,2148,2549,2154
HG02116	FOCAD1	2533,2518,2535,2520,2531,2524,2536,2543,2545,2537,2482,2545,2541
HG02189	FOCAD1	2480,2276,2537,2522,2551,2504,2532,2552,2520,2544,2560,2316,2526,2497,2263,2496,2452,2502,2524,2548
HG02089	FOCAD1	2525,2284,2526,2171,2509,2176,2115,2157
HG02283	CLASP1	2191,2340,2210,2353,2364,2349,2195,2197,2258,2275,2365,2167,2332,2312,2203,2280,2210,2189
HG02156	FOCAD1	2519,2463,2513,2535,2157,2529,2507,2520,2539,2551,2379
HG02271	FOCAD1	2162,2033,2149,2120,2095,2145,2174,2157,2148,2153
HG02266	FOCAD1	2147,2544,2526,2159,2147,2148,2054,2147,2554,2537,2148,2142,2162
HG02165	FOCAD1	2154,2028,2127,2157,2165,2134,2133,2155,2148,2147,2148,2168,2135,2153,2143,2149
HG02238	FOCAD1	2126,2547,2018,2155,2536,2420,2524,2501,2560,2076,2521,2143,2123,2159,2546,2531,2541,2161,2110,2144,2158,2190
HG02155	FOCAD1	2524,2139,2517,2537,2539,2382,2510,2127,2151,2171,2160,2535
HG02223	FOCAD1	2157,2150,2130,2163,2074,2163,2164,2164,2166,2138,2163,2161,2132,1772
HG02265	FOCAD1	2151,2366,2552,2533,2149,2522,2520,2153,2544,2108,2160,2484,2162,2424,2414,2501,2150,2509,2529,2534,2150,2172,2157,2133,2169,2133,2524,2530,2356,2377,2530,2523,2367,2134,2169,2098,2142,2528,2145,2535,2511,2146,2534,2172,2121,2517,2132,2561,2165,2089,1733
HG02164	FOCAD1	2339,2056,2530,2545,2434,2539,2151,2519,2503,2406,2250,2525,2548
HG02143	FOCAD1	2164,2552,2099,2549,1999,1975,2156,2546,2545,2038,2005,2120,2149,2522,2143,2160,2543,1536,2152
HG02231	FOCAD1	1697,2128,2296,2156,2149,2520,2136,2138,2153,2125,2164,2534,2527,2167,2147,2542,2134,2521,2553,2547,2491,2537,2136,1831,2547,2154,2074,2114,2602,2518,2470
HG02144	FOCAD1	2116,1983,2499,2426,2150,2527,2256
HG02224	FOCAD1	2085,2143,2142,2166,2191,2163,2144,2134,2130,1795,2148
HG02239	FOCAD1	2148,1809,2141,2139,2137,2158,2164,2115,2097,2153,2156,2163,2165,2073,2151,2145,2144,2154,2161,2133,2144,2170,2147,2141,2120,2123,2144,2140,2147
HG02139	FOCAD1	2518,2538,1618,2135,2542,2532,2170,2184,2503,2511,2538,2158,2537,2141,2180
HG02152	FOCAD1	2542,2474,-21408,2536,2542,2166,2519,2141,2164,2545,2137,2154,2494,2560,2539,2491,2165,2558,2263,2531,2142,2521
HG02146	FOCAD1	2542,2520,2492,2453,2499,2518,2547,2539,2059,2555,2468,2537,2494,2519,2525,2508,2516
HG02182	FOCAD1	2525,2077,2006,2152,2523,2513,2118,2134,2172,2502,2116,2143,2529
HG02180	FOCAD1	2154,2152,2544,2503,2525,1895,2096,2157,2447,1487,2165,2139,2120,2136,2081,2558
HG02154	FOCAD1	2157,1997,2141,2116,2155,2142,2142,2143,2153,2155,2142,2139,2172,2154,2167,2144,1959,2149,2118
HG02138	FOCAD1	2541,2531,2148,2158,1948,2075,2151,2558
HG02153	FOCAD1	2140,2157,2149,2157,2158,2147,1550,1804,2143,2113,2122,2141,2144
HG02178	FOCAD1	2131,2125,2112,2159,2139,2157,2021,2154,2141,2178,2070,1743,2088,2147,2080,-362
HG02137	FOCAD1	2157,2149,2141,2159,2144,2537,2535,2158,2542,2554,2170,2140,2535,2513,2101,2159,2165,2533,2164,2526,2170,2145,2134,2507,1781
HG02136	FOCAD1	2154,2147,2501,2540,2550,2526,2546,2138,2159,2149,2539
HG02133	FOCAD1	2543,2151,2151,2056,2505,2535,1993,1949,2086,2140,2521,2537,2479
HG02130	ASB1	1164,1156,1160,1163
HG02382	CLASP1	2172,2045,2157,2206,2164,2202,2133,2177,2120,2122,2164,2194,2193,2201,1833,2199,2188,1950,2168,2201,2196,2203,2199,2150,2162
HG02309	CLASP1	2194,2203,2202,2190,2205,2196,2211,2202,2186,2224,2168,2204,1966,2197,2210,2147,2210,2173,2211,2194,2195,2217,2205
HG02271	ASB1	1598,1590,1590,1617,1449,1424,1430,1591,1123,1593,1432,1421,1406,1438,1601,1463,1359,1205
HG02253	ASB1	2447,1438,1436,1443,1439,2482,1446,1434,1432
HG02130	CLASP1	2188,2174,2189,2210,2192
HG02128	ASB1	1442,1161,1160,1155,1405,1147,1426,1428,1322,1157,1387,1429,1135,1434,1160,1165,1152,1443,1438,1412,1164,1168,1433,1136
HG02144	ASB1	1529,1591,1594,1580,1602,1556,1572,1604,1168,1569,1595,1583,1486
HG02138	ASB1	1163,1323,1316,1169,1321,1146,1312,1315
HG02121	ASB1	1155,1166,1439,1440,1439,1163,-2673
HG02164	ASB1	1164,1128,1156,1134,1146,1153,1139,1149,1145,1164,1140,1144,1162,1160,1189,914
HG02266	ASB1	887,1439,1163,1153,1157,1436,1157,1156,960
HG02146	ASB1	1455,986,1442,1115,1585,1439,1603,1432,1584,1010
HG02238	ASB1	1596,1591,1257,1599,1584,1594,1578,1586,1591,1594,1594,1577,1602,1591,1605,1594,1601,1597,1604,1598,1598,1595,1596,1604,1585,1562,1599,1618,143
HG02095	ASB1	1596,2887,1592,1152,1609,1602,2916,1572,1563,1600,1444
HG02089	ASB1	1420,1153,1114,1439,1442,1160,1426,1126,1160,1156,1163,1431
HG02253	CLASP1	2174,2197,2207,2229,2181,2073,2193,2206,2185,2197,2183,2193
HG02116	ASB1	1135,1167,1162,1599,917,1596,1165,1601,1595,1155,1160,1587
HG02165	ASB1	1168,1168,1152,1020,1578,1155,1590,1591,1595,1158,1595,1603,1160,1598,1580,1146
HG02143	ASB1	2357,3197,18692,17646,3105,3487,1365,1669,1162,1970,3441,3500,3109,3103,1358,3506,111,2576,1546,82,375,1432,745,187
HG02189	ASB1	1429,1422,1436,1322,1425,1599,1285,1399,1596,1408,1427,1596,1607,1445,1580,1587,1428,1387,1541,1339
HG02271	CLASP1	2320,2174,2389,2187,2191,2278,2366,2128,2241,2365,1990
HG02184	ASB1	1155,1146,1155,1149,1158,1165,1140,1156,1159,1144,1139,1171,1074
HG02182	ASB1	1162,1437,1155,1131,1443,1132,1439,1432,1166,1160
HG02107	ASB1	1318,1609,1541,1586,1588,1323,1332,1317,1326,1593,1575,1315,1597,1591,1578,1313,1294
HG02156	ASB1	41338,2460,1637,1162,2443,1162,2400,2558,1157,2472
HG02153	ASB1	1134,1159,1159,1159,1148,1149,1163,1128
HG02121	CLASP1	2371,2338,2356,2196,2352
HG02250	ASB1	1168,1161,1158,1116,1172,1566,1154,1549,1586,1143,1608,1120,1606,1583,1571,1156,1592,1160,1113,1600
HG02154	ASB1	1436,1438,1151,1165,1430,1456,1334,1452,1445,1439,1153,1160,1429,1165,1158,1160,1425,1421,1157,1434,1140,1357
HG02111	ASB1	1226,1585,1602,1161,1572,1161,1158,1583,1264,1094,1159,1601,1166,1154,1604,1590,1119,1150,1166,1354
HG02231	ASB1	1589,1609,1159,1166,1588,1550,1165,1606,1155,974,1610,1146,1171,1163,1145,1157,1644,1157,1139,1152
HG02137	ASB1	1157,1164,1148,1148,1113,1162,966,1146,1156,1157,1154,1163,1155,1157,1160,1153,1155,1150,1162,1149,1156,1160
HG02139	ASB1	1161,1154,1159,1155,1160,1145,1162,1194,1149,1148,1152,1151,1156,1151,1137,1161,1160
HG02155	ASB1	2480,1431,2487,2111,1414,1427,1398,2493,2461,1445,2432,2457,1423,2457,2447,2470,2442,2472,1444,2479,2471,2487,1436
HG02105	ASB1	1424,1446,1153,1441,1148,1125,1440,1161,1160,1430,1455,1158,1431,1400,1423,1415,1438,1437,1159,1154,1382,1430,1447,1402,1444,1147
HG02128	CLASP1	2145,2114,2369,2350,2195,2372,2182,2165,2184,2350,2189,2332,2368,2172,2155,2370,2210,2324,2359,2165,2364,2336,2366
HG02266	CLASP1	2196,2197,2198,2188,2191,2082
HG02089	CLASP1	2186,2165,2195,2161,1075,2188,2092,2169,2196,2170,2192,2201
HG02116	CLASP1	2198,2173,2194,2177,2179,2187,2191
HG02095	CLASP1	2206,2349,2287,2190,2197,2357,2167,2829,2321,2337,1486,2192,2355,2212,2327
HG02136	ASB1	1318,1323,1587,1161,1310,1315,1315,1303,1306,1367,1151
HG02180	ASB1	1150,1162,1146,1158,1600,1154,1590,1568,1148,1159
HG02156	CLASP1	2187,2192,2204,2178,2206,2201,2201,1862
HG02107	CLASP1	2357,2362,2360,2368,2361,2325,2364,2329,2360,2295,2372,2361,2356,2370,2359,2363,2355,2275,2491,2335
HG02224	ASB1	1597,3412,1595,1516,1483,1563,1595,1545,1605,917,1535,1567,1579,1531,1578,1586,1582,1567,1232
HG02139	CLASP1	2188,2210,2196,2200,2192,2168,2198,2104,2213,2190,2181,2203,2204,2203,2197,2204,2208,2185,2172,2203,2312
HG02133	ASB1	1012,1119,1157,1167,1149,1151,1170,1108,1167,1147,1170,859,913,1165
HG02250	CLASP1	2193,2194,2192,2185,2350,2338,2349,2317,2351,2177,2405,2144,2181,2348,2273,2330,2140,2170,2365,2202,2378,2201,2349
HG02137	CLASP1	2197,2171,2194,2200,2166,2201,2085,2205,2189,2162,2206,2182,2200,2191,2194,2192,2178,2190,2207,2206,2196,2192,2205,2197,2202,2201,2205,2198,2188,2183,2177,2139,2151,2212,2197,2198,2123,2179
HG02105	CLASP1	2194,2023,2144,2191,2197,2101,2190,2180,2174,1679,2201,2082,1820,2195,2205,2172,2195,2195,2108,2184,2204,2203,2191,2195,2142,1485,2209,2209,1962,2078,2181,2077
HG02153	CLASP1	2342,2199,1863,2183,2335,2349
HG02111	CLASP1	2187,2282,2186,2177,2380,2209,2357,2198,2174,2190,2378,2365,2373,2374,2191,2359
HG02138	CLASP1	2356,2361,2263,2370,2356,2366,2361,2359,2348,2362,2364,2370,2368
HG02223	ASB1	1590,1605,1561,1598,1539,1586,1584,1075,1608,1600,1596,1598,1576,1570,1597,1604,1604,1598,1586,1599,1596,14
HG02180	CLASP1	2366,2201,2357,2209,2193,1912,2186,2161,2205
HG02152	ASB1	1197,1389,1409,1132,1417,1431,1380,1599,1602,1591,1608,1400,1539,1475,1422,1435,1572,1568,1597,1603,1443,1573,1438,1431,1603
HG02164	CLASP1	2192,2199,2213,2193,2171,1790,2211,2040
HG02133	CLASP1	2087,2363,2171,2330,2360,2281,2167,2319,2347,2314,1988,2209
HG02144	CLASP1	2297,2160,2191,2170,2209,2295,2202,2193,2186,2337,2312,2344,2356
HG02165	CLASP1	2358,2326,2143,2367,2196,2190,2038,2366,2306,2317
HG02184	CLASP1	2316,2334,2337,1944,2345,2361,2347,2350,2293,2308
HG02178	ASB1	2388,2476,2484,1588,1590,1603,1523,1602,1604,2455,2464,1167,2397,5638,2403,2439,1572,1334,1320,355
HG02189	CLASP1	2363,2362,2198,2190,2199,2198,2246,2327,1925,2172,2369,2310,2351
HG02143	CLASP1	2204,2359,2366,2360,2189,1686,2350,2366,2218,2359,2219,2207,2195,2359,1752
HG02146	CLASP1	2353,2166,2200,2305,1611,1909,2351,2259,2348,-4706,2289,2126,2140,2189,2333,2224,2211
HG02265	ASB1	1600,1162,1588,1608,1609,1160,1028,1152,1139,1556,1153,1171,1396,1147,1592,1601,1545,1164,1150,1161,1152,1594,1161,1157,1144,1081,1594,1155,1579,-5388,1600,1170,1601,1604,1169,1119,1158,1162,1591,1159,1155,1585,1869
HG02231	CLASP1	2201,2183,2250,2349,1937,2173,2353,2164,2347,2338,2183,2313,2361,2358,2361,2193,2192,2194,2182,2188,2356,2200,1808,2200,2206,2338,2178,2199
HG02154	CLASP1	2187,2176,2188,2200,2199,2194,2191,2195,2196,2197,2197,2194,2201,2160,2187,2209,2204,2210,2139,2200,1820,2182
HG02182	CLASP1	2198,2198,2197,2192,2199,2202,2197,2140,2178,2226,2175,2202,2210,2184,2187,2209,2194,2204,2191,2180
HG02238	CLASP1	2184,2199,2197,2183,2194,2203,2174,2193,2207,2123,2207,2162,2194,2194,2182,2199,2186,2206,2196,2170,2205,2208,2175
HG02136	CLASP1	2358,2302,2355,2338,2151,2177
HG02155	CLASP1	2187,2188,2200,2209,2194,2142,2140,2152,2192,2197,2171,2204,2194,2163,2187,2198,2219,2181
HG01967	FOCAD1	1889,2552,2553,2546,2151,2542,2168,2520,1986,2143,2533,2140,2542,2110,2178
HG01971	FOCAD1	2537,2747,2496,2715,2728,2495,2753,2491,2740,2521
HG02020	FOCAD1	2532,2152,2145,1919,2084,2079,2119,2523,2154,1878,2513,2534,2554,2147,2157,2447
HG01961	FOCAD1	2476,2518,2510,2552,2537,2419,-184
HG02064	FOCAD1	2152,2128,2095,2157,2119,2197,2128,2164,2162,2153,2133,2138
HG01965	FOCAD1	2086,2158
HG02017	FOCAD1	2160,2119,2161,2150,2126,2151,2164,2147,2157,2148,2143,2087,2152
HG02082	FOCAD1	2276,2133,2535,2547,2525,2162,2524,2153,2328
HG02010	FOCAD1	2143,2171,2146,2142,2141,2160,2159,2166,2156,2142,2182,2151,2107,2135,1909,2161,2167,2158,2157,2148,2124,2089
HG02072	FOCAD1	2138,2153,2537,2135,2537,2153,2071,2078,2512,2142,2525,2161,2151,2137,2144
HG02031	FOCAD1	2395,2139,2159,2560,2511,2073,2523
HG02069	FOCAD1	2531,2322,2517,2289,2547,2517,2527,2516,2561,2541,2285,2482,2525,2496
HG02060	FOCAD1	2147,2078,2178,2143,2155,2159,2157,2185,2154,2146,2152,2155,2178,2150,2172,2140,2116
HG02081	FOCAD1	2524,2535,2531,2560,2553,2556,2488,2534,2527,2495,2527,2539,2534,2538,2523,2533,2149,2534,2532,2505,2540,2543,2537,2545,2549
HG02067	FOCAD1	2545,2539,2544,2330,2683,2531,2527,2564,2517,2517
HG02009	FOCAD1	2163,2160,2170,2136,2017,2126,2155,2119,2140,2160,2145,2132,2134,2164,2157,2154,2160,2141,2156,2144,2144,2163,2081,2159,2164,2159,2070,2046,2096,2154,2114
HG02224	CLASP1	2180,2219,2220,2019,2184,2194,2200,2194,2192,2207,2190,2156,2162,2202
HG02016	FOCAD1	2148,2131,2118,2152,2051,2148,2145
HG01988	FOCAD1	2145,2120,2139,2126,2156,2160,2138,2156,2121,2110,2109,2154,2136,2115
HG01985	FOCAD1	2158,2163,2149,2153,2079,2128,2120,1860,2117,2114,2141,2088,2134,2131,1987,1962,2119,2158,2009,2133,2135,2138,2112,2142,2087,1896,2137,2156,2042,2164,2148,2135,2107,2145,2153,2088,2112,2134,2161,2041,2072,1809,2128,2125,2160,2142,2124,2137,2155,2151,2126,2137,2158,2122,2085,2171,2159
HG02053	FOCAD1	2515,2131,2164,2060,2152,2143,2162,2138,2129,2518,2555,2528,2325,2146,2181,2481,2534,1956,2011,2524,2142
HG02012	FOCAD1	2146,2146,2154,2145,4255,2157,2170,2154,2157,2142,2143,2157,2085
HG01982	FOCAD1	2526,2534,2510,2526,2541,2511,2541,2546,2520,2511,2367,2552,2372,2498,2534,2521,2507,2525
HG02013	FOCAD1	2139,2530,2131,2157,2148,2150,2137,1728,2155,2119,2189,1925,2151,2137,2512,2217,2529,1933,2534,2103,2189,2121,2548,2526,2158,2363,2530,2526,2141,2545,2524,2143,2144,2138,2107,2508,2152,1951,2536,2182,2157,2536,2148,2520,2445,2127,2163,2129,2533,2505,2156,2554,2135,2112,2421,2501,2171,2173,2534,2526,2171,2134,2526,2535,2147,2520,2528,2155,2558,2153,2153,2142,2149,2127,2534,2503,2517,1872,1667,2499,2532,2044,2561,2152,2130,2546,2276,2184,2461,2181,2159,2548,2526,2149,2537,2554,2177,2137,2152,2148,2144,2548,2152,2151
HG02014	FOCAD1	2522,2517,2538,2520,1756,2543,2543,2444,2523,2052,2538,2521,2551,2028,2523
HG01977	FOCAD1	2121,2143,2162,2140,2153,2167,2147,2140,2132,2164
HG02058	FOCAD1	2079,2163,2148,1943,1947,2058
HG01983	FOCAD1	2536,2553,2546,2555,2404,2531
HG02087	FOCAD1	2135,2110,2163,2162,2139,2167,2152,2155,2164,2158,2130,2152,1999,2152,2171,2164,2163,2155,1986,2120,2158,2143,2141,2104,2153,1993,2154
HG02079	FOCAD1	2160,2124,2505,2533,2059,2529,2524,2504,1957,2538,2163,2510,2512,2097,2448
HG02003	FOCAD1	2162,2360,2132,2520
HG02006	FOCAD1	2125,2696,2135,2182,2148,2140,2668,2721,2172,2144,2735,2691,2148,2155,2100
HG01991	FOCAD1	2546,2545,2530,2536,2534,2555,2527,2495,2573,2535,2456,2557,2433,2535,2538,2526,2529
HG01990	FOCAD1	2160,2143,2138,2162,2149,2154,2143,2172,2143,2144,2147,2171,2137,2162,2146,2129,2124,2168,2157,2166,2142,2120,2155
HG01992	FOCAD1	2517,2521,2545,2521,2522,2529,2124,2537,2555,2522,2523,2545,2525,2521,1763
HG01997	FOCAD1	2345,2134,2151,2511,2107,2152,2150,2365,2519,2119,2082
HG01971	ASB1	1145,1165,1162,1154,1138,1164,1151,1153,1149,1120
HG02069	ASB1	1123,1166,1149,1161,1147,1152,1148
HG02082	ASB1	1439,1167,1411,1150,1154,1151,1430,1444,1444,1170,1152,1431,1441,1439,1164,1160,1430
HG02031	ASB1	1125,2416,2451,2440,1155,2428,1163,1483,1158
HG02223	CLASP1	2202,2144,2198,2208,2187,2217,2200,2067,2197,2196,2205,1810,2160,2247,2197,2197,2162,2203,2201,2194,2162,2195
HG02152	CLASP1	2130,2359,2363,2313,2193,2282,2188,2268,2325,2313,2334,2327,2303,2331,2200,2177,2202,2355,2185,2353
HG02060	ASB1	1308,1162,1155,1174,1152,1163,1314,1145,1160,1145,1188,1165,1158,1319,1310,1150,1314,1154,1162,1153,1145,1316,1296,1307,1322
HG02020	ASB1	1173,2482,2338,1178,2469,1146,2466,1500,1111,2424,1327,2477,1403,2463,1025,1166,1408,1158,2463,1623,1821
HG01965	ASB1	1431,1430,1437,1416,1155
HG02069	CLASP1	2344,2339,2102,2207,2179,2199,2163,2196,2351,2375,2367,2339,2200
HG01977	ASB1	1151,1157,1163,1167,1166,1137,1171,1023
HG01971	CLASP1	2185,2181,2184,2202,2193,2203,2186,2172,2202,2189,2204
HG01967	ASB1	1159,1170,1150,1150,1595,1589,1159,1599,1595,1155,1142,1162,1605,1171,1602,1580,1157,1585,1603,1123,1137
HG01988	ASB1	1118,1170,1172,1162,1120,1159,1149,1152,1144,1161,1159,1150,1146,1143
HG02031	CLASP1	2375,2364,2200,2174,2197,2344,2371,2296,2204
HG02016	ASB1	1171,1161,1147,1118,1141,1064,1159,1150,1177,1149,1144,1166,1152
HG02072	ASB1	1446,1154,1157,1160,1157,1429,1161,1160,1422,1455,1440,1435,1437,1439
HG01961	ASB1	1164,1150,1078,1113,1158,1143
HG01991	ASB1	1441,2469,2472,1442,1419,2468,2473,1444,1413,1444,2474,1431,1621,2475,2473,2432,2470,2473,1504
HG02178	CLASP1	2206,1939,2202,2083,2154,2209,2206,2187,-3057,2149,2192,2086,2172,2192,2174
HG02017	ASB1	1134,1152,1124,1156,1144,1164,1137,1133,1153
HG02064	ASB1	1427,1156,1426,1185,1450,1162,1149,1142,1449,1436,1306,1160,1430,1133
HG02082	CLASP1	2206,2174,2195,2203,2203,2171,2156,2135,2163,2202,2200,2166,2143,2219,2105,2203,2207,2139
HG01965	CLASP1	2348,2209,2354,2153,2213,2350,2349,2279,2314
HG01983	ASB1	1444,1446,1423,1449,1457,1426,1435,1435,1436,1435,1426,1428,1452,1424,1427,1464
HG02058	ASB1	2457,1575,2472,2467,1572,1576,1583,1585,2451,1268,2110,1359
HG02067	ASB1	1419,2042,2428,1399,1470,1365
HG01990	ASB1	3235,1597,1591,3198,3205,3208,22242,2069,1543,3238,3229,3247,3239,1607,2661,3249,131,511,1519
HG02020	CLASP1	2166,2347,2246,2307,2187,2352,2208,2229,2190,2319,2197
HG02003	ASB1	1570,1443,1597,1605,1571,1580,1117,1584,1572
HG02265	CLASP1	2183,2199,2187,2201,1990,2189,2195,2190,2093,2158,2193,2188,2177,2201,2203,2110,2196,2191,2184,2168,2191,2213,2190,2202,1727,2132,2000,2185,2117,2208,2197,2211,2175,2201,2207,2197,2182,2205
HG02012	ASB1	1138,3092,3094,3066,1155,1156
HG02081	ASB1	1157,1157,1158,1162,1137,1137,1160,1158,1159,1144,1167,1162,1151,1156,1155,1155,1149,1136,1159
HG02006	ASB1	1165,1146,2021,2468,2461,1148,2345,1124,1156,1140,1128,2436,1160,1152,1282,2427,2470,1160,1135,1862,1144,2287
HG02016	CLASP1	2372,2200,2190,2182
HG02014	ASB1	1503,3208,1723,3205,1964,1986,3040,3193,3223,1723,3223,3209,1644,-61
HG02010	ASB1	2471,2407,2474,2480,2478,2426,2455,2442,2122,2484,2481
HG02017	CLASP1	2050,2175,2182,2200,2203,2181,2184,2189,2205,2206,2167,2206,2191,2188,2187,2185,2179,2168
HG01991	CLASP1	2177,2202,2123,2205,2177,2188,2181,2199,2196,2197,2203,2202,2165,2206,2141,2082,2201,2210
HG02009	ASB1	3196,1200,3222,3106,3218,3182,1199,3208,1205,3241,1792,3203,1203,3217,3243,1225,1099,3207,1214,1201,1205,3215,1178,2742,1183,1208,1191,1190,1198,3132,1168,948,198
HG01988	CLASP1	2293,2201,2367,2199,2187,2155,2360,2120,2166,2210,2185,2203,2186,2340,1946,2203,2187,2199,2367,2372,2209,2157
HG02053	ASB1	1603,1309,1475,1594,1320,1315,1586,1316,1588,1312,1135,1318,883,1593,1599,1581
HG01997	ASB1	1570,1592,1449,1579,1583,1592,1541,1134,1607,1163,1156
HG01982	ASB1	1157,1146,1156,1152,1171,1159,1148,1127,1155,1159,1157,1158
HG01983	CLASP1	2163,2285,2281,2352,1842,2105,2334,2334
HG01992	ASB1	1418,1440,1439,1453,1433,1447,1442,1446,1428,1430,1427,1397,1074,1435,1425,1448,1438,1427,1442,1454,1430,1126,1428,1292
HG01990	CLASP1	2366,2373,2179,2217,2184,2361,2180,2166,2338,2354,2359,2179,1158,2381,2193,2368,2177,2156
HG02014	CLASP1	2371,2364,2335,2356,2306,2217,2265,2358,2327,2346,2338,2360,2344,2347,2080,1377,2362,2022,8506,2364,2336,2337,2364
HG02087	ASB1	1604,1597,1605,1580,1554,1599,1599,1600,-12130,1607,1510,1602,1603,1609,1585,1540,1580
HG01985	ASB1	1595,1320,1297,1608,1544,1328,1568,1574,1612,1308,1314,1312,1234,1293,1309,1600,1310,1294,1279,1308,1568,1575,1611,1583,1316,1311,1600,1329,1309,1323,1590,1265,1566,1065,1235,1569,1320,1174,1306,1314,1308,1572,1001,1115
HG02060	CLASP1	2342,2349,2344,2292,2310,2351,2340,2352,2346,2316,2353,2341,2336,2320,2363,1952,2340,2362,2284,2342,2364
HG02079	ASB1	1317,1308,1311,1159,1157,1310,1165,1313,1316,1147,1160,1156,1157,1308,1198,1290,1149
HG01967	CLASP1	2354,2367,2374,2371,2369,2357,2323,2361,2365,2371,2380,2370,2356
HG02009	CLASP1	2118,2051,2315,2203,2205,2036,2210,2196,1738,2196,2373,2259,2352,2192,2190,2010,2081,2191,2183,2250,2221,1468,2371,2049
HG01961	CLASP1	2174,2201,2202,2173,2160,2166,2202,2189,2192
HG01997	CLASP1	2211,2138,2337,2291,2340,2183,2162,2193
HG01977	CLASP1	2186,2166,2315,2321,2317,2350,2203,2342,2514
HG02010	CLASP1	2193,2193,2155,2355,2076,2019,2339,2078,2375,2222,2341,2216,2192,2325,2352,2187,2346,2363,2199,2348,2368,1958,2196
HG01982	CLASP1	2198,2204,2195,2196,2196,2180,2170,2205,2185,2218,2196,2210,2200,2194
HG02072	CLASP1	2201,2206,2207,2202,2201,2157,2207,2204,2211,2204,2158
HG02064	CLASP1	2213,1789,2188,2195,2055,2199,2170,2201,2197,2195,2168
HG02087	CLASP1	2191,2198,2197,2201,2179,2168,2198,2187,2223,2165,2184,2156,2192,2186,2209,2222,2200,2203,2197,2139,2196
HG02058	CLASP1	2194,2126,2162,2103,2123,2203,2193,2109
HG02067	CLASP1	2301,2312,2359,2349,2390,2249,2362
HG02003	CLASP1	2355,2196,2191,2189,2206,2317,2137,2363,2330,2370,2202
HG02012	CLASP1	2338,2315,2311,2364,2367,2353,2367,2339
HG02081	CLASP1	2344,2282,2189,2316,2357,2188,2192,2276,2335,2193,2338,2131,2329,2361,2352,2188,2308,1840,2349
HG01859	FOCAD1	2526,2468,2397,2489,2506,2517,2453,2425,2496,2454,2542,2515,2502,2139,2433,2519,2522,2233,2475,2536,2494
HG01853	FOCAD1	2148,2158,2531,2113,1910,2533,2430,1938,2148,1717,2553
HG02006	CLASP1	2182,2172,2183,2179,2178,2207,2175
HG01840	FOCAD1	2175,2516,2154,2162,2544,2148,2133,2149,2113,2142,2512,2150
HG01809	FOCAD1	2593,2156,2541,2519,2133,2145,2544,2532,2140,2158,2170,2150,2545,2562,2495,2535,2152,2543,2140
HG01948	FOCAD1	2523,2526,2132,2537,2131,2547,2575
HG01846	FOCAD1	2163,2133,2148,2166,2008,2168,1989,2503,2154,2164,2131,2143,2542,2530,2524,2132
HG01817	FOCAD1	2553,2535,2538,2161,2542,2535,2536,2530,2260,2155,2524,2528,2084,2535,2506,2170,2137,2153,2559,2395,2135,2490
HG01939	FOCAD1	2173,2522,2086,2558,2156,2481,2162,2511,2359,2549,2649,2542,2537,2527,2517,2542
HG01851	FOCAD1	2177,2149,2160,2149,2150,2162,2170,1793,2146,2136,2154,2158,2149,2152
HG01815	FOCAD1	2161,2118,2210,2153,2507,2178,2156,1441,2152,2160,2504,2522,2536,2285,2147,2153,2144,2560,2527,2167
HG01896	FOCAD1	2139,2135,2022,2113,2098,2158,2165,2130,2160,2126,2148,2111,2135,2156,1826,2114
HG01813	FOCAD1	2155,2166,2164,2161,2091,2161,2160,2151,2161,2150,2165,2166,2144,1496,2149,2143,2120,2139,2137,2152,2152,485
HG01807	FOCAD1	2170,2149,2155,2076,2141,2004,2152,2130,2118,2115,2104,2129,2170,2164,2147
HG01951	FOCAD1	1812,2079,2131,2144,2142,2127,2149,2178,2142,2156,2145,2145,2169,2144,2112,2109,2037,2135,2145
HG01947	FOCAD1	2558,2528,2542,2504,2534,2525,2545,2538,2345,2512,2511,2531,2543,2525
HG01935	FOCAD1	2175,2490,2137,2547,2157,2147,2150,2056,2519
HG01917	FOCAD1	2536,2549,2532,2504,2541,2547,2524,2526,2522,2522
HG02053	CLASP1	2356,2190,2342,2183,2361,2356,2214,2184,2338,2155,2181,2169,2366,2370,2365,2358,2253,2204,2358
HG01950	FOCAD1	2100,2173,2150,1998,2162,2158,2151,2155,2148,2193,1988,2153,2120,2146,2036,2162,2151,2160,2096,2106,2139,2147,2159,2133
HG01894	FOCAD1	2174,2149,2520,2143,2522,2157,2153,2146,2092,2079,2156,2176,2513
HG01915	FOCAD1	2529,2150,1906,2153,2535,2154,2014,2508,2548,2159,2130,2149,2110,2529,2155,2529,-1221
HG01918	FOCAD1	2531,2536,2160,2166,2541,2115,2534,2538,2542,2102,2144,2153,2554,2151,2532,2527,2154,2525,2139,2534,2140
HG01942	FOCAD1	2144,19835,2448,2145
HG01945	FOCAD1	2568,2541,2525,2355,2543,2528,2539,2529,2538,2471,2508,2516,2549,2517,2543,2538,2530,2540,2514,2545,2536,2537,2525,2531,2503,2537,2504,2490,2506,2332,2302,2533,2475,2457
HG01953	FOCAD1	2510,2148,2523,2169,2523,2539,2538,2141,2149,2131,2521,2538,2166,2491,2530,2542,2146,2482,2100,2544,2166,2170
HG01872	FOCAD1	2137,2157,2146,2023,2140,2528
HG01923	FOCAD1	2146,2179,2165,2143,2161
HG01932	FOCAD1	2173,2155,2148,2151,2150,2159,2151,2147,1546,2113,2180,2074,2167,2137,2050,2154,1979,2175,2159,2139,2143,1932,2145,2162,2150,2078
HG01933	FOCAD1	2144,2110,2159,2154,2168
HG01890	FOCAD1	2750,2548,2739,2713,2716,2360,2755,2732,2723,2522,2532,2534,2556,2526,2684,2730,2747,2535
HG01883	FOCAD1	2159,2143,2158,2164,2113,2157,2160,2162,2154,2130,2116,2163,2154,2145,2175,2113,2156,2147,2150,2162,1716,2161,2169,2150,2111
HG01873	FOCAD1	2534,2543,2279,18012,2518,2494,2491,2542,2551,2478,2535,2530,2505
HG01879	FOCAD1	2116,2166,2535,2105,2536,2128,2528,2155,1705,2511,2517,2135,2026,2159,2557,1888,2141,2537,2529,2108,2125
HG02013	ASB1	1606,1607,1598,1580,1590,1565,1608,1580,1617,1602,1592,1553,1601,1610,1583,1600,1606,1570,1514,1593,1581,1561,1582,1582,1605,1151,1598,1592,1272,1580,1587,1586,1594,1600,1592,1585,1599,1592,1586,1599,1613,1575,1595,1569,1605,1585,1600,1597,1596,1570,1167,1597,1593,1568,1606,1611,1607,1597,1583,1597,1621,1567,1396,1594,1600,1602,1610,1573,1470,1577,1593,1277,1590,1547,1609,1358,1592,1594,1598,1587,1586,1591,1598,1590,1605,1576,1596,1601,1599,958,1603,1602,1477,1572,1600,1587,1578,1601,1599,1559,1597,1608,1589,1608,1548,1600,1603,1514,1598,1577,1595,1586,1580,1407,1075,1593,1550,1606,1004,1314
HG01880	FOCAD1	2521,2557,2534,2533,2530,2420,2341,2533,2541,2551,2533,2535,2531,2519,2522,2545,2530,2530,2528,2535,2498
HG01871	FOCAD1	2145,2159,1378,2147,2125,2141,2138,2156,2150
HG01992	CLASP1	2279,2299,2348,2336,2332,2338,1502,1286,2349,2322,2368,2350,2351,2338,2327,2341,2337,2344,2349,2353,2329
HG01985	CLASP1	2192,2208,2360,2353,2362,2354,2185,2192,2195,2367,2357,1822,2190,2362,2372,2200,2211,2389,2290,2106,2346,2178,2169,2172,2177,2207,2337,2157,2256,2189,2149,2186,2093,2332,2202,2058,2166,2178
HG01870	FOCAD1	2297
HG01866	FOCAD1	2546,2531,2140,2484,2522,2168,2157,1989,2168,2522,2500,2537,1906,1878,2143,2506,2528,2338
HG01865	FOCAD1	2088,2143,2151,2151,2120,2082,2156,2154
HG01863	FOCAD1	2559,2535,2527,2527,2515,2547,2461,2537,2528,2502,2530,2557,2473,2450,2527,2558,1804,2521,2433,2539,2532,2528,2511,2529,2550,2562,2538,2544,2538,2545,2529,2514,2546,2434,2540
HG01872	ASB1	-25584,-8643,2457,2476,2461
HG01807	ASB1	1148,1154,1162,1163,1153,1010,1159,1165,1157,1181,1006,1172,1166,1157,1157,1160,1144,1151,1165,1159,1127,1155
HG01809	ASB1	1434,1435,1436,1443,1446,1151,1128,1366,1436,1160,1434,1427,1418,1204
HG01939	ASB1	1157,1141,1154,1157,1157,1165,1146,1161,1151,1142,1156,1157,1153,1158,1160,1136
HG01942	ASB1	1438,1430,1433,1381,1426,1444,1440,1423,1431,1416,1407,1436,1399,1440,1443,1422,1188
HG01851	ASB1	1141,1162,1160,1145,1152,1163,1154,1167,1114,1158,1168,1132,1146,1158,1143,1166,1160,1157,1156,1157,1100
HG01933	ASB1	1127,1440,1433,1441,1424
HG01817	ASB1	1163,1144,1154,1149,1158,1127,1148,917,1166,1160,1165,1153,1163,1164,1114,1140,1158,1154,1168
HG01915	ASB1	2428,3234,2473,3230,2487,2483,1288,2472,2433,1397,3233,3192,3228,6034,1982,1395,3255,2476,2471,-393,-5132,313,148
HG02079	CLASP1	2202,2154,2180,2203,2200,2128,2194,2177,2156,2198,2199,1851,2119,2216,2127,2200,2224,2171
HG01813	ASB1	1164,1157,1442,1433,1169,1445,1435,1160,1425,1145,1156,1161
HG01859	ASB1	1137,1134,1437,1089,1434,1157,1348,1452,1374,1122,1132,1433,1145,1437,1121,1432
HG01871	ASB1	1322,1272,1316,1320,1309,1316
HG01917	ASB1	1439,1149,1440,1443,1161,1450,1445,1154,1149,1419,1357
HG01948	ASB1	1606,1167,800,1228,1120,1587,3425,1274
HG01872	CLASP1	2200,2176,2202,2203,2141,2205,2207,2196,2180,2198,2193,2183
HG01932	ASB1	1412,1156,1143,1160,1156,1168,1167,1447,1440,1155,1161,1089,1134,1437,1438,1158,1217,1153,1429,1293,998,1150,1149,1427,1432,1143,1439,1166
HG01840	ASB1	1160,1146,1609,1154,1599,1595,1156,1598,1596
HG01853	ASB1	1597,1593,1271,1585,1460,1593,1610
HG01896	ASB1	2821,2908,2916,2922,2425,1107,1478,1238,1790,2920,2465,2917,2483,1339,2873,180,1604
HG01866	ASB1	1132,1158,1162,1153,1169,1149,1149,1164,1157,1169,1158
HG01865	ASB1	1160,1499,2468,2475,2466,1154,2486,2070,1173,1148,2452,1158,1138,2482,2079,1942
HG01947	ASB1	1151,1387,1380,1396,1400,1157,1391,1157,1145,1395,1178,1161,1393,1378,1325
HG01923	ASB1	1414,1563,1423,1389,1316,1602
HG01817	CLASP1	2204,2181,2189,2194,2186,2203,2128,2181,2192,2206,2200,2198,2205,2199,2137,2165,2192,2208,2177,2202,2177,2201,2196,2185,2182,2197,2199,2193
HG01951	ASB1	1576,1596,1364,1440,1438,1360,1398,1551,1401,1593,1603,1427,1591,1593,1430
HG01942	CLASP1	2197,2195,2195,2174,2128,2193,2206,2188,2200,2177,2175
HG01813	CLASP1	2138,2200,2198,2193,2191,2203,2196
HG01851	CLASP1	2360,2360,2200,2199,2177,2204,2344,2193,1549,2368,2364,2199,2359,2190,2194,2173,2354,2207,2216
HG01890	ASB1	2888,21456,1141,1156,1170,1172,1160,2923,1369,2931,1786,1158,2902,2933,1144,1162,1151,2479,2914,2887,1103,1145,2901,2917,1162,1484,1166,2415
HG01935	ASB1	1164,1419,1151,1154,1162,1127,1158,1130,1155
HG01950	ASB1	1434,1160,1156,1084,1178,1159,1460,1440,1436,1177,1431,1465,1442,1131,1155,1438,1431,1435,1438,1445,1153
HG01873	ASB1	1441,1435,1224,1432,1444,1421,1448,1428,1426,1334,1432,1443,1421
HG01870	ASB1	1321,2477,1144,1162,2445,2490,1160,2407
HG01880	ASB1	2479,1184,2472,1593,1288,2482,1596,1548,-2003,1586,2482,2471,1595,2469,1592,2512,2467,119
HG01894	ASB1	2921,2906,2924,1607,1596,1595,2916,2865,2927,1592,1589,1554,2895,2894,2902,1354,2897,343
HG01915	CLASP1	2384,2370,2336,2366,2203,2339,2170,2333,2174,1815,2363,2313,2358,2367,2366,2311,1639,2202,2369,1946,2307,2364,2365
HG01896	CLASP1	2347,2173,2202,2366,2335,2197,2326,2362,2191,2363,2361,2226,2348
HG01840	CLASP1	2163,2172,2195,2066,2171,2167,2208,2178,2187,2212
HG01918	ASB1	1434,1157,1158,1159,1158,1145,1444,1156,1447,1155,1011,1429,1435,1446,1100,1442,1435,1163,1436,1447,1164,1161,1162
HG01948	CLASP1	2203,2200,2201,2200,1794,2163,2342,2181,2210,2353,2135,2348,2350,2327,2159,2201,2339,2127
HG01809	CLASP1	2175,2172,2177,2197,2202,2183,2199,2184,2191,2173,2208,2165,2183,2206,2118,2177,2187,2211,2200
HG01815	ASB1	1147,1144,1158,1163,1158,1127,1131,1167,1158,1150,1153,1158,1158,1161,1154,1157,1153
HG01883	ASB1	1314,847,2499,1313,13997,1259,2465,1316,1318,1315,2481,1309,1275,1072,1316,1305,1680,617,-138
HG01945	ASB1	3224,3227,1277,1083,3109,1321,3245,1323,3199,2268,1311,1268,1324,3238,3196,1315,1319,1314,3231,1804,1325,1320,3199,3231,1328,1310,2427,5397,3253,1320,3227,3244,1284,316
HG01879	ASB1	2479,2482,2471,1194,2491,1269,1197,2492,1200,1202,1192,2293,644,1169,1013,995,78
HG01807	CLASP1	2180,2169,2199,2189,2205,2198,2180,2205,2193,2203,2180,2225,2207,2189,2163,2180,2142
HG01846	ASB1	1143,1597,1172,1578,1599,1608,1158,1592,1139,1156,1588,1605,1606,1596,1085,1158,1562,1600,1148,1097,1205,1166
HG01953	ASB1	1520,1604,1583,1098,1060,1160,1587,1576,1271,1608,1237,1150,1151,1560,1517,1157,1142,1148,1162,1615,1576,1164,1604,1603
HG01935	CLASP1	2328,2329,2201,2188,2349,2349,2339,2350,2191,2334,2203,2334,2194,2347,2272,2347,2328
HG01859	CLASP1	2323,2335,2211,2273,2164,2139,2343,2322,2368,2328
HG01853	CLASP1	2199,2201,2191,2170,2173
HG01815	CLASP1	2181,2199,2168,2201,2198,2205,2167,2206,2159,2192,2210,2176,2196,2299,2179
HG01933	CLASP1	2199,2196,1997
HG01939	CLASP1	2195,2173,2144,2193,2207,2193,2158,2184,2208,2194,2192,2194,2176
HG01917	CLASP1	2194,2193,2197,2199,2192,2194,2205,2364,2330,2390,2201,2158,2368,2313,2205
HG01846	CLASP1	2357,2332,2116,2265,2286,2349,2273,2350,2361,2308,2362,2351,2438,2362,2121,2287,2357,2349
HG01863	ASB1	1164,1153,1131,1155,1155,1125,1150,1161,1160,1087,1096,1143,1157,1156,1145,1138,1138,1157,1156,1168,1146,1157,1158,1157,1143,1160,1163,1146,1158,1154,1154,1159,1151,1163,903,830,1164,1160
HG01866	CLASP1	2192,2204,2195,2191,2186,2170,2212,2223,1774,2200,2190,2213,2192,2200,2242,2108,2193,2181,2203,2175
HG01923	CLASP1	2343,2229,2209,2194,2201,2198,2336,1279,2353,2315
HG02013	CLASP1	2329,2368,2375,2351,2359,2326,2358,2367,2229,2314,2304,2359,2321,2332,2377,2387,2367,2371,2261,2348,2361,2340,2324,2364,2372,2270,2362,2320,2361,2350,2361,2371,2343,2210,2333,2341,2355,2337,2371,2361,2362,2388,2333,2365,2351,2359,2351,2328,2335,2365,2334,2339,2371,2347,2361,8190,2358,2338,2370,2340,2348,2352,2345,2273,2364,2355,2284,2360,2291,2359,2338,1926,2325,2363,2329,2337,2337,2347,2376,2381,2352,2364,2369,2359,2360,2374,2349,2358,2375,2364,2364,1687,2344,2412,2342,2348,2360,2354,2353,2370,2355,2246,2352,2361,2337,2341
HG01947	CLASP1	1972,2153,2223,2201,2171,1725,2229,2209,2211,2195,2175,2199,2164,2183,2175,2177,2205,2207,2191
HG01950	CLASP1	2205,2166,2158,2185,2194,2183,2215,2203,2176,2179,2175,2212,2202,2171,2196,2181,2195,2096,2203,2197,2191,2179,2150
HG01871	CLASP1	2198,2205,2188,2195,2159,2200,2114,2199,2196
HG01870	CLASP1	2201,2207,2200,2199,2151,2187
HG01932	CLASP1	2200,2222,2200,2201,2180,2194,2196,2181,2159,2214,2174,2187,2176,2189,2213,2187,2201,2178
HG01608	FOCAD1	2047,2127,2026,2143
HG01612	FOCAD1	2150,2161,2161,2142,2092,2153,2157
HG01880	CLASP1	2374,2122,2179,2369,2373,2032,2367,2364,2299,2369,2194,2365,2370,2049
HG01865	CLASP1	2158,2190,2248,2147,2166,2147,2178,2208,2210
HG01951	CLASP1	2167,2209,2204,2184,2197,2186,2210,2193,2181,2208,2142,2176,2213,2196,2163,2208
HG01684	FOCAD1	2524,2442,2539,2551,2518,2531,2571,2532,2498
HG01890	CLASP1	2200,2181,2205,2212,2208,2198,2187,2359,2161,2166,2206,2189,2190,2163,2203,2195,2218,2201,2180
HG01873	CLASP1	2386,27985,2366,2374,2366,2339,2347,1982,2367,2357,2337,2319,2370
HG01794	FOCAD1	2150,2130,2135,2098,2161,2152,2145,2148,2155,2161,2151,2153,2141,2146,2058,2145,2137,2160,2104,2166,2168,2138,2118,2099,2134,2150
HG01805	FOCAD1	2530,2547,2537,1790,2161,2561,2546,2539,2515,2198,2160,2448,2147,2161,2143,2557,2149
HG01786	FOCAD1	2142,2539,2157,2023,2149,2528,2535,2159,2520,2428,2514,2513,2502,2153,2168,2555,2500,2130,2531,2550
HG01796	FOCAD1	2153,2105,2156,2167,2153,2528,2497,2151,2542,2504,2115,2506,2450,2298,2544,2121,2539,2544,2549,2148,2525,1835,2141,2358,2142,2379,2070,2531,2556,2157,2071,2146,2528
HG01918	CLASP1	2190,2197,2194,2185,2203,2202,2191,2186,2210,2178,2194,2182,2209,2183,2203,2200,2204,2137,2077,2201,2214,2193,1917,2211,2113
HG01789	FOCAD1	2136,2161,2142,2158,2157,2002,2129,2139,2157,2175
HG01800	FOCAD1	2141,2148,2133,2200,2109,2154,2149,2138,2143,2145,2146,2172,2158,2149,2098,2090,1578
HG01694	FOCAD1	2526,2152,2146,2512,2168
HG01779	FOCAD1	2154,2086,2150,2038,2525,2532,2149,2141,2168,2463,2136,2149,2545,2118
HG01765	FOCAD1	2129,2161,2141,2149,2168,2135,2056,2134,2162,2161,2149
HG01680	FOCAD1	2167,2144,2071,2157,2143,2165,2064,1877,1988,2135,2153,2139,2143,2139,2147,2142,2148,2164,2112,2144,-4254
HG01678	FOCAD1	2478,2530,2518,2468,2480,2499,2529,2533,2557,2542,2541,2522,2499,2225,2553,2541,2529,2459,2533,2538,2544
HG01945	CLASP1	2204,1911,2230,2194,2112,2188,2205,2180,2194,2222,2185,2188,2175,2189,2207,2191,2083,2203,2152,2239,2214,2188,2200,2159,2137,2195,2179,2203,2171,2176,2206,2209
HG01673	FOCAD1	2145,2553,2160,2139,2541,2536,2168,2526,2543,2162,2536,2146,2154,2529,2548,1859,2137,2527,2130,2146,2551
HG01699	FOCAD1	2185,2147,2153,1854,2123,2165,2166,2142,2142,2134,2034,2143,2175,2147,2061,2155
HG01791	FOCAD1	2184,2147,2146,2121,2122,2141,2154
HG01756	FOCAD1	2542,2512,2361,2554,2490,2505,2526,2523,2550,2539,2526,2500,2349,2503,2523,2249,2526
HG01766	FOCAD1	2511,2511,2128,2122,2162,2553,2139,2000,2149,2161,2337,2090,2512,2153,2541,2524,2529,2525,2545,2155,1897
HG01676	FOCAD1	2167,2140,2150,2149,2140,2170,2152,2153,2150,2083,2138,2144,2154,1955,2170,2154,2116,2177,2076,2153,2171,2170,2169,2130,2132,2156,2149,1763,2148,2153
HG01879	CLASP1	2199,2354,2201,2373,2207,2157,2197,2220,2323,-5927,2205
HG01617	FOCAD1	2155,2159,1961,2164,2155,2146,1855,2090,2137,2158,2128,2159
HG01806	FOCAD1	2527,2491,2063,2090,2089,2161,2101,1943,2533,2037,2164,2553,2144,2096,2536,2458,2158,2169
HG01798	FOCAD1	2004,2501,2519,2533,2560,2548,2510,2546,2104,2493,2495,2506,2092,2135,2135,2160,2160,2539
HG01776	FOCAD1	2531,2569,2536,2515,2257,2504,2521,2553,2363,2524,2534,2378,2539,2355,2521,2500,2476,2473,2486,2511,2357,2539,2529,2513,2533,2439,2284,2429,2533,2546,2540,2526
HG01773	FOCAD1	2536,2549,2531,2540,2497,2159,2157,2147,2152,2154,2136,1706
HG01700	FOCAD1	2142,2154,2156,2133,2175,2102,2158,2089,2137,2151,2123,2151,2169,2164,2137,2021
HG01630	FOCAD1	2523,2532,2534,2498,2150,2046,2521,2151,2522,2171,2515,2542,2516
HG02239	ASB1	966,1154,1163,1007,1152,1549,1590,1612,1594,1592,1157,1161,1599,1603,1592,1594,1602,1585,1599,1588,1140,1170,1565,1163,1568,1565,1123,1118,1336,1357
HG01894	CLASP1	2214,2341,2369,2149,2357,2195,2361,2203,2335,2197,2195,2152
HG01883	CLASP1	2362,2340,2355,2347,2276,2350,2269,2358,2367,2343,2365,2350,2363,2340,2363,2362,2366,2362,2331,2352,2346,2334,2343,2332,2344,2372
HG01626	FOCAD1	2521,2524,2160,2542,2528,2149,2149,2543,2155,2352
HG01608	ASB1	1182,1075,1166,1161,1155
HG01789	ASB1	1581,1599,1574,1605,958,1148,1609,1160,1586,1147,1148,1161,1154,1593,1591,841,1602,1155,1598,1565
HG01953	CLASP1	2341,2360,2344,2190,2125,2213,2200,1235,2321,2135,1923,2337
HG03746	ASB1	1292,1150,1298,1318,1132,1152,1312,1167,1330,1316,1308,1149
HG01617	ASB1	61914,1155,1155,1091,1164,1094,1150,1128,1148,1164,1150,1169
HG01694	ASB1	1453,1164,1529,1158,1553,1552,1564,1149,1057
HG01773	ASB1	2433,2419,1600,2481,2482,2456,1597,1598,1401,1571,2459,1431,2438,2435,2475,1580,1524,1605,2468,1885
HG01612	ASB1	2467,2478,1590,1582,1592,1600,2473,1489,1598,2370,1595,2479,1605,2479,2009,122
HG01863	CLASP1	2351,2386,2360,2206,2354,2197,2137,2185,2346,1564,2348,2338,2343,2361,2203,2344,2347,2041,2194,2368,2186,2340,2229,2229,2203,2189,2206,2204,2327,10543,2363,2193,2373,2350,2372,2317,2163,2178
HG01680	ASB1	1018,1035,1619,1039,1576,1613,1027,1600,1579,1038,1607,1598,1649,1553,1576,1586,1593,1038,1541,1042,1036,1031,1039,1564,1601,1035,1612,1588,1035,1590,1038,115
HG01700	ASB1	1137,1150,1165,1137,1157,1160,1167,1131,1162,1144,1145,1097,1170,1142,1160,1161,1157,1155,1159,908,1160,1170,1161,1163,1158,1163,1151,1135
HG01765	ASB1	1594,1158,1154,1160,1602,1162,1161,1146,1596,1597,1582,1156,1150
HG01805	ASB1	2448,2479,2431,2470,2484,2470,2477,2454,2479,2123,1305,2480,985,1476
HG01676	ASB1	1156,1133,1593,1587,1174,1159,1581,1166,1154,1586,1593,1136,1601,1153,1158,1097,1130,1155,1159,1594,1592,1148,1167,1323
HG01796	ASB1	2470,1128,2462,1160,1163,1151,1158,1153,1160,2486,-4245,2447,2475,2461,1150,1157,2481,2472,2425,2465,1160,1497,2085
HG01684	ASB1	1107,1154,1609,1602,1597,1150,1124
HG01786	ASB1	1129,1170,1149,1129,1167,1166,1161,1157,1155,1159,1150,1160,1144,1147,1153,1162,1168
HG01779	ASB1	1596,1602,1575,1596,1601,1572,1555,1600,1609,1596,1599,1578,1103,1582,1587,1317,1595,1602
HG01798	ASB1	1162,1157,1151,1191,1196,1158,1202,1166,1168,1162,1138
HG01673	ASB1	1558,1160,1149,1584,1597
HG01766	ASB1	897,1599,909,1594,1163,1157,1591,1155,1137,1582,1153,1602,1101,1590,1602,1153,1100,1359
HG01791	ASB1	1546,1590,1607,1614,1597,1598,1599,1397,1573,1600,1595,1559,-1773,1591,1596,1602,869,993,-1330,-4546
HG01608	CLASP1	2195,2204,1789,2183,2189,3047
HG01800	ASB1	1159,1151,1154,1163,1154,1163,1153,1168,1162,1120,1101,1163,1163,1146
HG01694	CLASP1	-32547,1944,2161,2196,2200,2210,2241,2181,2212,2207,2174,2155
HG01765	CLASP1	2201,2175,2200,2183,2203,2017,2192
HG01700	CLASP1	2198,2198,2194,2194,2152,2135,2191,2207,2180,1817,2189,2199,2201,2203,2157,2205,2208,2194,2183,2171
HG01773	CLASP1	2152,2190,2195,2142,2043,2187,2198,2193,2164,2157,2181,2191,2170,2055,2172,2201,2173,2052
HG01794	ASB1	2482,1152,2454,2490,2465,2491,2458,2449,2479,2469,2489,2441,2345,2473,2501,2422,2470,7818,2454,2454,2489,2475
HG01630	ASB1	1604,1603,1592,1590,1589,1150,1149,1157,1620,1604
HG01678	ASB1	1175,1573,1150,1580,1638,1599,1609,1158,1160,1592,1584,1598,1610,1597,1602
HG01699	ASB1	1159,1589,1602,1592,1574,1124,1159,1614,1596,1586,1539,1598,1600,1100,1471,1536,1142
HG01756	ASB1	1053,1130,1154,1590,1019,1582,1152,1608,1556,1152,1588,1603,1166,1602,1150,1151,1155
HG01805	CLASP1	-42536,2194,2200,2202,2197,2192,2194,2215,2192,2208,2175,2203,2153
HG01673	CLASP1	2207,2185,2051,2207,2208,2194,2212,2164,2206,2172,2185,2142,2198
HG01798	CLASP1	2201,2188,2206,2135,2172,2181,2195,2184,2173,2198,2212,2206,2213,2189
HG02239	CLASP1	2335,2344,2211,2197,2207,2205,2188,2158,2369,2189,2198,2197,2365,2195,2353,2359,2382,2301,2202,2204,2185,2130,2158,2364,2212,2218,2355,2190,2354,2334
HG01626	ASB1	1157,1162,1166,1150,1128,1168,1156,1161,1161,1157,1129,1162,918,1076,1158,1148,1157
HG01800	CLASP1	2305,2372,2369,2365,2341,2333,2333,2388,2348,2349,2332,2363,2366,2338,2377,2330,2362,2340,2349,2301,2370,2472,2371
HG01789	CLASP1	2204,2193,2193,1795,2197,2195,2187,2206,2193,2193,2204,2173,2208,2180,2202,2222,2205,2133,2190,2203
HG01612	CLASP1	2190,2186,2189,2191,2166,2212,2199,2189,2207,2207,2199,2204,1430,2202,2217,2092
HG01678	CLASP1	2202,2192,2195,2187,2004,2142,2114,2184,2186,2196,1778,2197,2165,2190,2171,2200,2187,1906,2153,2178,2198,2153,2177
HG01617	CLASP1	2369,2202,2376,2420,2370,2353,2208,17100,2114,2377,2168,2341
HG01699	CLASP1	2171,2201,2201,2203,2191,2111,1984,2197,2167
HG01806	ASB1	1591,1578,1601,1594,1292,1327,1573,1556,1321,1549,1598,1605
HG01786	CLASP1	2188,2097,2067,2168,2194,2124,2186,2179,2202,2199,2222,2187,2033
HG01680	CLASP1	2204,2205,2078,2190,2177,2102,2184,2219,2198,1594,2048,2186,2163
HG01676	CLASP1	2196,2159,2171,2188,2195,2112,2176,1835,2193,2207,2221,2185,2194,2197,2175,2162,2183,2307,2197
HG01684	CLASP1	2199,2209,2146,2133,2183,2151,2147,2198,2193,2186,2177,2195,2201,2160,2202
HG01776	ASB1	1596,1064,1577,1584,1129,1161,1570,1161,1122,1149,1153,1155,1157,1161,1161,1147,1463,1148,1162,1160,1595,1604,1569,1148,1597,1516,1593,1581,-2377
HG01796	CLASP1	2334,2301,2191,2192,2345,2327,2303,2273,2343,2183,2193,2348,2336,2161,2346
HG01779	CLASP1	2083,2196,2049,2191,2216,2200,2137,2186,2194,2180,2189,2200,2184,2051,2192,2175,2187,2201,2155
HG01791	CLASP1	2228,2215,2196,2189,5968,2205,2190,2194,2193
HG01453	FOCAD1	2527,2524,2530,2545,2572,2532,2538,2546,2517,2542,2535,2543,2390,2546,2471,2545,2537,2555,2419
HG01464	FOCAD1	2163,2143,2162,2110,2150,2140,2043,2159,2157,2142,2168,2127,1835,2141,2163,2159,1657,2148,2173,2163,2155,2143,2155,2147
HG01455	FOCAD1	2069,2160,2147,2169,2166,2137,2155,2162,2154,2105,2136,2166,2142,2155,2159,2120,2164,2135,2160,2165,2035,2134,2146,2151,2015,2134,2136
HG01474	FOCAD1	2095,2135,2134,2155,2149,2118,2542,2075,2146,2329,2136,2537,2529,2482
HG01479	FOCAD1	2530,2129,2540,2522,2525,2534,2497,2077,2553,2152,2538,2154,2154,2557,2511,2540,2163,2102,2150,2480,2115,2140,2148
HG01465	FOCAD1	2491,2226,2518,2548,2537,2521,2503,2378,2546,2413,2515,2537,2552,2530,2445,2522,2548,2532,2321,2559,2547,2507
HG01597	FOCAD1	2537,2066,2542,2544,2547,2500,2544,2532,2555,4944,2544,2557,2533
HG01598	FOCAD1	2548,2512,2556,2524,2534,2525,2520,2390,2064,2526
HG01766	CLASP1	2198,2193,1776,2364,2170,2198,2367,2385,2368,2372,2204,2141,2373,2385,2357,2368,2356,2351,2355,2369,2199,2375,2297
HG01412	FOCAD1	2542,2541,2164,2145,2524,2142,2155,2544,2152,1640,2570
HG01605	FOCAD1	2147,2143,2036,2116,2153,2144,2154,2161,2143,2138,2115,2152,2113,2158,2142
HG01398	FOCAD1	2551,2533,2528,2161,2151,2541,2158,2535
HG01396	FOCAD1	2104,2121,1942,2279,1834,2144,1835,2354,2128,2258,2363,2142,2173,2062,2343,2162,2162
HG01589	FOCAD1	2138,2151,2163,2147,2150,2161,2161,2144,2120,2154,2129,2035,1949,2169,2147,2156,2143,2068,2131,2137,2148,2125
HG01583	FOCAD1	2151,2171,2092,2154,2102,2516,2159,2540,2535,2543,2168,2139
HG01602	FOCAD1	2154,2105,2129,2181,2151,2159,2120,2146,2149,2155,2144,2138,2153,2158,2163,2166,2208,2150,2150,2135
HG01447	FOCAD1	3067,2532,3690,2300,2506,2522,2140,3268,2778,3700
HG01572	FOCAD1	2159,2150,2536,2175,2503,2140,2544,2150,2144,2161,2161,2537,2141,2543
HG01794	CLASP1	2196,2178,2367,2204,2200,2088,2305,2187,2367,2193,2191,2196,2212,2108,2200,2366,2352,2056,2151,2372,2191,2366,2350,2097,2183,2351,1870,2200,2347
HG01630	CLASP1	2202,2154,2336,2203,2320,2198,2325,2362,2188
HG01586	FOCAD1	2171,2150,2031,2136,2153,2135,2163,2156,2131,2164,2169,2157,2158
HG01550	FOCAD1	2132,2151,2136,2132,2552,2165,2527,2131,2507,2113,2525,2536,2536,2544,2123,2155,2084,2567,2101,2058,2494
HG01571	FOCAD1	2540,2507,2518,2521,2448,2146,2520,2538,2524
HG01578	FOCAD1	2539,2534,2121,2144,2153,2141,2466,2145,2533,2407,2138,1881,2168,2536,2352,2165,1685
HG01530	FOCAD1	2149,2125,2127,2156,2155
HG01527	FOCAD1	2543,2432,1876,2139
HG01596	FOCAD1	2160,2157,2164,2130,2108,2139,2160,2136,2161,2162,2159
HG01600	FOCAD1
HG01606	FOCAD1	2056,2502,2109,2541,2127,2527
HG01595	FOCAD1	2158,2540,2148,2150,2554,2172,2152,2177,2520,2155,2164,2557
HG01577	FOCAD1	2508,2553,1664,2161,2602,2012,2149,2149,2148,2163,2484,2178,2133,2151,2151,2150,2521
HG01525	FOCAD1	2141,2155,2148,2170,-7743,2143,2128,2145,2136,2159,2132,2156,2137,2141
HG01512	FOCAD1	2543,2538,2512,2540,2552,2541,2507,2482,2543,2547,2426,2483,2482,2453,2519,2545,2525,2540,2532,2535,2576,2553,2492,2524,2531,2582,2530,2542,2383,2568
HG01513	FOCAD1	1932,2538,2111,2533,2515,2474,2438,2486,2133,2510
HG01519	FOCAD1	2516,2151,2528,2155,2539,2539,2522,-2749,2159
HG01551	FOCAD1	2139,2162,2156,2158,-42151,2167,2096,2164,2051,2117,2155,2003,2154,2163,2179,2034,2144,2161,2146
HG01566	FOCAD1	2141,2157,2154,2000,2151
HG01518	FOCAD1	2083,2117,2141,2154,2128,2164,2172,2150,2080,2165,2138,2139,1877,2059,2173,2171,2167,2125,2193,2104,2139,2165,2146,2133,2162,1908,2154
HG01489	FOCAD1	2158,2144,2153,2153,2136,2142,2126,2156,2155,2085,2151,2140,2158,2227,2155,2122,2137,2182,1942
HG01530	ASB1	1587,1160,1158,1596,1594,1587
HG01506	FOCAD1	2106,2138,2059,2114,2116,2137,2031,2046,2106,2107,2132,2169,2117,2163,2152,2169,2167,2125,2149,2125,2117,2150,2122
HG01507	FOCAD1	2166,2144,2154,2113,2156
HG01756	CLASP1	1903,2139,2091,2146,2150,2186,2187,2121,2168,2186,2199,2179,2186,1969
HG01626	CLASP1	2174,2199,2208,2220,2154,2177,2147,2162,2195,2203,2203,2226,2135,2195
HG01509	FOCAD1	2146,2120,2451,2535,2541,2145,2284,2161,2124,2387,2552,2532,2143
HG01474	ASB1	1444,1432,1600,1280,1594,1568,1588,1591,1438,1600
HG01504	FOCAD1	2155,1912,2149,2130,2159,2185,2158,2105,2165,2139,2117,2163,2010,2167,2168,2134,2155,2127,2112,2161,2128,2149,2121,2161,2135,2159,2090
HG01527	ASB1	1154,1137,1160,1162,1606
HG01605	ASB1	1602,1600,1590,1591,1589,1585,1398,1593,1587,1280,1331,1594,1595,1599,1605,1597,1328
HG01492	FOCAD1	2516,2564,2458,2533,2544,2527,2526,2519,2557,2524,2529,2314,2550,2514,2472
HG01494	FOCAD1	2526,2053,2515,2527,2143,2523,2146,2531,2161,2138,2162,2544,2538,2540,2529,2112,2485,2099,2144
HG01571	ASB1	1165,1145,1156,1161,915,1161,1143,1139,1152,1153,1150,1159,1160,1145,1151,1159,1161,996
HG01586	ASB1	1140,1164,1161,1151,1163,1154,1133,1157,1158,1153,1158,1161
HG01500	FOCAD1	2566,2546,2550,2543,2538,2447,2527,2539,2539,2546,2518
HG01602	ASB1	1580,1595,1561,1594,1601,1590,1598,1569,1571,1602,1598,1608
HG01465	ASB1	1593,1184,1571,1596,1489,1601,1573,1590,1506,1089,1588,1581,1603,1592,1591,1587,1588,1604,1573,1552,1582,1603,1600,1592,1199,1295
HG01519	ASB1	1585,1594,1611,1596,1147,1585,1581,990,1567,1577,1585,1157,1608
HG01566	ASB1	1157,1166
HG01455	ASB1	1148,1145,2476,1134,1081,1132,1161,1151,2471,1166,1160,2399,1161,1160,1145,1488
HG01398	ASB1	1276,1157,1607,1153
HG01597	ASB1	1445,1440,1129,1157,1442,1154,1153,1350
HG01412	ASB1	1155,1605,1582,1591,1594,1585,1161,1510,1596,1151,1597,1612,1163,1155,1584,1578
HG01474	CLASP1	2157,2194,2198,2195,2197,2117,2177,2208,2193,2180
HG01447	ASB1	1166,1159,2297,2451,1168,2359,1145,2477,2466,2466,2474,2484,1140,1162,1156,1139,2471,2307,-211
HG01596	ASB1	1159,1124,1159,1160,1159,1175,1162,1150,1137,1171,1168,1159
HG01507	ASB1	1604,-21717
HG01578	ASB1	1602,1453,1590,1589,1430,1442,1433,1586,1446,1437,1457,1425,1442,1429,1450,1593,1423,1600,1545,1439,1609,1432,1432,1440,1605,1319,991,1357
HG01453	ASB1	1170,1159,1428,1165,1159,1441,1162,1424,1442,1434,1449,1433,1420,1446,1141,1444,1438,1154,1414,1442
HG01589	ASB1	1153,1159,1172,1156,1102,1162,1140,1165,1151,1137,1159,1132,1151
HG01583	ASB1	1595,1161,1185,1129,1103,1589,1595,1585,1179,1164,1600,1603,1593,1593,1154,1361
HG01600	ASB1	2568
HG01572	ASB1	1434,1157,1158,1417,1181,1159,1444,1431,1164,1156,1421,1154,1443,1432,1442
HG01464	ASB1	1164,1155,1322,1147,1167,1267,1146,1159,1156,1157,1302,1347,1153,1159,1141,1321
HG01479	ASB1	1014,1448,919,1448,1143,1426,1163,1152,1443,1158,1416,1438,1444,1437,1448,1112,1152,1435,1442
HG01551	ASB1	1157,3233,1128,3231,1156,3242,1144,1156,3219,6839,150
HG01519	CLASP1	2177,2196,2200,2304,2341,2347,2354,2353,2192,2355,2347,2341,2309,2335
HG01598	ASB1	1607,1596,1163,1606,1599,1155,1168,1157,1193
HG01396	ASB1	1592,1602,1112,1587,1564,1612,1584,1116,1001,1521,1598,1110,1002,1555,1594,1595,1115,1571
HG01806	CLASP1	2333,2325,2341,2309,2034,2137,2175,2173,2209
HG01525	ASB1	1144,1159,1143,1155,1159,1126,1159,1164,1160,1164,1169,1157
HG01504	ASB1	2423,2483,2451,1117,1167,1167,1165,1151,1153,2493,2483,1163,1153,2468,1173
HG01566	CLASP1	2168,2169,2200,2202
HG01507	CLASP1	2194,2192,2110
HG01513	ASB1	1161,1552,1143,1157,1622,1585,1602,1154,1598,1167
HG01492	ASB1	1069,1412,1450,1157,1112,1442,1155,1165,1408,1158,1160,1138,1211,1432,1363,1160,1160,1123,1430,1157,1399
HG01398	CLASP1	2313,2206,2370,2350
HG01595	ASB1	1160,1161,1153,1160,1152,913,1163,1165,1157,1164,1142,1159
HG01506	ASB1	1601,1555,1168,1123,1142,1598,1168,1150,1136,1580,1154,1567,1613,1049,1084
HG01606	ASB1	1154,1140,1159,1164,1159,1156,1154
HG01494	ASB1	1599,1607,1547,1593,1592,1601,1594,1609,1587,1590,1587,1603,1566,1576,1603,951,1599,1610,1603,1495,1585,1585,1601,1586,1600
HG01776	CLASP1	2201,2166,2216,2200,2151,2199,2136,2197,1928,2201,2189,2077,2190,2170,2187,2104,2181,2142,2130,2189,2189,3024
HG01600	CLASP1	2180,2176,2174
HG01447	CLASP1	2195,2202,1936,2137,2158,2160,2187,2227,2210,2165,2179,2200
HG01572	CLASP1	2179,2199,1561,2185,2204
HG01583	CLASP1	2201,2357,2359,2369,2149,2203,2188,2183,2373,2201,2199,2342
HG01578	CLASP1	2187,2223,2843,2196,2213,2191,2205,2189,2072,2194,2185,2174,2193,2182,2200,2193,2212,2214
HG01512	ASB1	1157,1158,1159,1150,1167,1167,1168,1159,1158,1164,1159,1168,1161,1148,1167,1155,1153,1164,1153,1148,1154,1158
HG01530	CLASP1	2206,2208,2141,2180
HG01577	ASB1	1161,1168,1155,1165,1151,1161,1145,1172,1153,1134,1158,1147,1152,1133,1118,1157,1144,1147
HG01479	CLASP1	2231,2204,2191,2135,1963,2198,2204,2201,2215,2203,2190,2181,2155,2122,2196,2191,1945,2210,2201,2205,2200,2196,2177,2166,2185,2185
HG01550	ASB1	1143,1589,1560,1560,1165,1157,1610,1146,1139,1133,1613,1598,1584,1622,1099,1138,1160,1133,1174,1155,1153,1596,1165
HG01513	CLASP1	2125,2191,2205,2213,2217,2201,2194,2152,2210,2183
HG01518	ASB1	1606,1593,1599,1607,1596,1591,1594,1604,1278,1594,1598,1601,1585,969,1603
HG01527	CLASP1	2178,2185,2182,2193
HG01509	ASB1	2456,2476,2473,1237,2474,1592,2482,2479,2471,2457,5965,2466,1594,1138,2403,2458,1329
HG01489	ASB1	1083,1145,1123,1149,1161,1149,1140,1161,1146,1125,1154,1152,1152,1153,1169,1145
HG01492	CLASP1	2193,2195,2208,2174,2192,2232,2154,2203,2220,2172,2203,995,2209,2189,2190,2177
HG01586	CLASP1	2177,2179,2207,2194,2134,2207,2221,2196,2195,2166
HG01506	CLASP1	2153,2098,2063,2184,2194,2198,2071,2198,2176,2201,2160,2167,2218,2192,2143,2095
HG01412	CLASP1	2197,2200,2187,2189,2180,2195,2191,2192,2202,2204,2187,2169,2203,2220,2192,2199
HG01500	ASB1	1287,2454,1314,1325,1316,1318,2472,1318,1321,1021,1279,2503,2481,1319
HG01455	CLASP1	2443,2286,2118,1969,2189,2357,2187,2195,2364,2173,2331,2344,2194,2366,2116,2199,2350,2215
HG01605	CLASP1	2348,2362,2357,2337,2357,2197,2317,2182
HG01602	CLASP1	2198,2196,2157,2208,2207,2179,2193,2199,2214,2202
HG01465	CLASP1	2184,2199,2190,2086,2144,2177,2207,2213,2187,2177,2140,2147,2200,2203,2203,2143,2204,2225,1982,2201,2212,2189,2174,2175,2192,2161,2213,2153,2203,2188,2128,2194,2263,2200
HG01571	CLASP1	2193,2205,2176,2198,2200,2199,2204,2206,2165,2203,2193,2201,2148,2206
HG01494	CLASP1	1967,2197,2214,2200,2216,2243,2204,2183,2204,2196,2187,1988,2168,1991,1768,2178,2198,2177,2182,2087,2203,2184,2202,2181,2213,2199,2184,2196,2102,2192,2065,1797,2216,2144,2204
HG01597	CLASP1	2201,2207,2206,2199,2175,2200,2205,2206,2203,2186,2133,2196,2205,2209,2181,2191
HG01518	CLASP1	2193,2170,2209,2199,2180,1397,2211,2205,1559,2192,2200,2191,2190,2222,2137,2187,2200,2170,2161,2200,2195,1896,2180
HG01464	CLASP1	2193,2364,2352,2371,2201,2190,2188,2339,2174,2320,2369,2201,2366,2340,2358,2340,2328,2333
HG01396	CLASP1	2184,2189,2176,2116,2202,2176,2162,2185,2053,2197,2173,2091,2200,2203,1789,1901,2135,2184,2200
HG01453	CLASP1	2360,2335,2206,2200,2201,2180,2205,2357,2192,2201,2185,2361,2170,2281,2341
HG01596	CLASP1	2202,2366,2366,2212,2343,2207,2366,2375,2344,2194,2196,2329,2200,2339,2286
HG01525	CLASP1	2214,2188,2199,2172,2193,2101,2202,2204,2179,2195,2177,2170,2200,2195,2185,1778,2189,2189,2200,2197
HG01500	CLASP1	2103,2185,2199,2200,2246,2369,2360,2201,2325,2353,2300,2357,2375,2197,1495,2199,2301,2347,2199,2201,2193
HG01589	CLASP1	2346,2362,2349,2186,2353,2330,2338,2284,2343,2159,2196,1713,2213,2351,2272,2176,2353
HG01504	CLASP1	2197,2196,2202,2212,2210,2195,2196,2202,2199,2202,2182,2201,2210,2195,2199,2132,2236,2211,2199,2204,2211,2208,2188,2190,2243
HG01606	CLASP1	2187,2198,2189,2167,2200,2190
HG01598	CLASP1	2449,2352,2317,2330,2322,2245,2300,2341,2302,2357,2316,2356,2326,2286
HG01550	CLASP1	1951,2183,2175,2218,2182,2044,2176,2205,2198,2157,2181,2090,2198,2159,2168,2205,2191,2157,2197,2172,2177,2169,2212,2215,2200,2207,2204
HG01551	CLASP1	2319,2202,2101,2172,1793,2369,2209,2205,2360,2343,2337,2003,2171,2202,2359,1941,2354,2362,2183,2161,2354,2346,2334,2360,2364,1939
HG01489	CLASP1	2186,2206,2197,2193,2204,2201,2182,2205,2011,2198,2190
HG01595	CLASP1	2318,2379,2362,2199,2202,2332,2190,2364,2191,2172,2257,2207,2211,2199
HG01148	FOCAD1	2157,2158,2156,1630,2165,2152,2153,2136,2135,2153,2154,2145,2080,2149,2163,2139,2153,2142,2030,2147,2158,2153,2135,2147
HG01167	FOCAD1	2129,2487,2493,2161,2553,2107,2125,2132,2111,2239,2444,2525,2533,2517,1910
HG01168	FOCAD1	2526,2497,2521,2540,2533,2516,2542,2521,2485,2521,2454,2545,2540,2455,2488,2525,2530,2492,2528,2528,2520,2508,2517,2526
HG01390	FOCAD1	2159,2167,2158,2153,2147,2116,2132,1988,2138,2162,2121,2151,2157,2127,2152,2122,2148,2155,2117,2058,2154,2157,2072
HG01512	CLASP1	2192,2141,2192,2141,2209,2177,2200,2195,2208,2181,2183,2208,2205,2177,2195,2072,2202,2208,1731,2204
HG01284	FOCAD1	2123,2135,2158,2134,2171,2160,2029,2106,2154,2139,2151,2166,2177,2095
HG01366	FOCAD1	2540,2119,2562,2126,2172,2542,2523,2465,2536,2357,2547,2549,2550,2522,2164,-1780,2164,2137,2541,1792
HG01311	FOCAD1	2148,2156,2121,2155,2141
HG01509	CLASP1	2205,2160,2202,2217,2077,2109,2186,2105,2161,2064,2202,2194,2188,2182,2191
HG01341	FOCAD1	2141,2416,1617,2159,2143,2503,2140,2165,2146,2150,2165,2440,2524,2539,2138,2417,2130,2537,2540,2118,2153,2170,2532,2481,2146,2534,2454,2165,2543,2160,2482,2137,2525,2165,2517,2553,2517,2526,2514,2524,2137,2503,2150,2539,2545,2121,2145
HG01362	FOCAD1	2141,2154,2155,2194,2139,2164,2155,2109,2137,2130,2156,2157,2149,2108,2156,2154,2147,2138,2139,2146,2120,2159,2128,2144
HG01392	FOCAD1	2560,2536,2156,2534,2162,2150,2142,2153,2160,2153,2170,2168,2510,2137,2184,2499,2522,2157
HG01577	CLASP1	1888,1833,2210,1851,1829,1838,1845,1836,2201,2198,1833,1852,2175,2204,2146,2201,1846,1826,2210,2209,2195,2190,2198
HG01275	FOCAD1	2149,2168,2129,2048,2155,2140,2142,2149,2143,2158,2117,2106,2160,2132,2152,2159,2131,2156,2157,2131,2130,2125,2157,2152,1966,2125
HG01384	FOCAD1	2122,2157,2502,2148,2527,2529,2154,2139,2007,2189,2136,2533,2147,2531,2139,2527,2127,2512
HG01347	FOCAD1	2537,2144,2089,2540,2531,1993,2542,2039,2512,2145,2516,2524
HG01377	FOCAD1	2479,2541,2524,2590,2527,2511,2518,2541,1998,2418,2542
HG01242	FOCAD1	2167,2537,2536,2552,2502,2158,2147,2528,2159,2511,2508,2182,2156,2123,2142,2397,2521,2123,2511,2154
HG01286	FOCAD1	2133,2150,2086,2171,2166,2159,1488,2167,2147,1790,2162,2125,2150,2151,2165,2157,2081,2157,2170,2143
HG01269	FOCAD1	2134,1994,2460,2539,2136,2518,2532,2148,2511,2098,2281
HG01258	FOCAD1	2152,2156,2140,2153,2148,2145,2158,2139,2123,2168
HG01356	FOCAD1	2114,2115,2138,2152,2146,2164,2148,2139,2148,2158,2160,2163,1710,2155,2049,1652,2168,2043,2165,2152,2190,2142
HG01344	FOCAD1	2534,2494,2431,2493,2538,2148,2129,2512,2528,2127,2157,2518,2509,2129
HG01257	FOCAD1	2134,2076,1918,2101,2121,2133,2131,2119,2157,2127,2121,2106,2075,2149,2147,2105,2138,2150,2046,2149
HG01278	FOCAD1	2531,2544,2255,2522,2526,2528,2552,2535,2528,2532,2518,2504,2489,2531,2534,2428,2530,2530,2515,2439,2150,2535,2425
HG01308	FOCAD1
HG01256	FOCAD1	2149,2123,2153,2511,1881,2144,2524,2057,2517,2544,2523,2145,2078,2536,2338,2535,2148,2090,2140,2210,2519,2160,2160,2562,2482,2445,2134,2514,2152,2146,2166,2547,2132,2540,2508,2017
HG01302	FOCAD1	2162,2150,2526,2536,2161
HG01259	FOCAD1	2544,2515,2533,2531,2513,2533,2553,2524,2526,2524,2547,2542,-8529,2528,2502,2522,2539,2491,2385
HG01345	FOCAD1	2509,1759,1779,2403,1765,2558,1658,2542,2538,2545
HG01187	FOCAD1	2147,2072,2148,2139,2156,2162,2145,2163,2154,2150,2157
HG01389	FOCAD1	1861,2124,2150,2162,2151,2109,2141,2131,2022,2043,2146,2137,2109,2159,2126
HG01375	FOCAD1	2474,2520,2518,2382,2513,2531,2553,2514,2514,2442,2562,2516,2546,9963,2494,2475,2461,2540,2516,2450,2527
HG01241	FOCAD1	2151,2530,2498,2523,2163,2146,2166,2534,2147,2550
HG01197	FOCAD1	2149,2152,2152,2099,2154,2151,2175,2171,2135,2151,2134,2187,2157,2157
HG01188	FOCAD1	2139,2128,2113,2151,2142,2124,2103,2135,2074
HG01174	FOCAD1	2159,2114,-3333,2146,2144
HG01348	FOCAD1	1939,2518,2176,2152,2043,2557,2536,2018,2192,2545,2505
HG01198	FOCAD1	2144,2144,2158,2155,2026,2176,2163,2146,2158,2115,2159,2072,2159,2144
HG01311	ASB1	1583,1575,1165,1155,991,1145,1166,1590,1585,1604
HG01168	ASB1	1161,1160,1148,1149,1159,1167,1154,1144,1168,1145,1149,993,1138,1154,1154,1163,1156
HG01390	ASB1	1083,1154,1160,1592,1159,1049,1164,1154,1156,1599,1593,1168,1579,1395,1160,1163,1152,1159,1575,1588,1594
HG01377	ASB1	2482,2395,2460,2464,2475,2481,2394,2469,1290,2472,1159,2418,2482,2497,2232,1138,1171
HG01167	ASB1	2399,10495,2308,1148,2455,1707
HG01308	ASB1	1594,1158,922
HG01311	CLASP1	2187,2200,2169,2195,2212,2131,2159,2115,2190,2192,2164,1415,2170,2181,2135,2183,2172
HG01384	ASB1	1161,1157,1158,1160,1154,1131,1147,1157,1157,1164,1145,1150,1161,1155,1146,1162,1163
HG01197	ASB1	1602,1442,1590,1603,1105,1596,1436,1359
HG01375	ASB1	1442,1148,1434,1436,1447,1163,1431,1130,1163,1435,1445,1450,1168,1152,1426,1155,1446,1158,1429,1137,1438,1452,1417,1439,1429,1406,1425
HG01345	ASB1	1546,1546,1147,1540,1597,1606,1105,1154,1574,1131,1611,1173,1553,1591
HG01348	ASB1	1386,1424,1402,1607,1434,1437,1433,1587,1597,1582,1208,1591,1581,1000
HG01257	ASB1	1436,1305,1439,1401,1546,1606,1611,1601,1576,1444,1600,1436,1444,1454,1436
HG01198	ASB1	1433,1600,37731,1593,1436,1588,1434,1600,1440,1414,1431,1601,1604,1439,1598,1592,1599,1598
HG01259	ASB1	1165,1151,1167,1606,1162,1591,1585,1599,1575,1168,1117,1538,1168
HG01278	ASB1	1153,1157,1141,1142,1591,1594,991,1168,1615,1588,1162,1590,1586,1593,1544,1151,1590,1147,1611,1154,1579,1146,1152,1589,1593,1160,1602,1597,1593,1158,1153,1144,3081,1585,1157
HG01308	CLASP1	2207
HG01284	ASB1	1419,1587,1522,1600,1599,1603,1606,1602,1172,1418,1406,1412,1561,1442
HG01302	ASB1	2463,1160,1321,2481,1162,1152
HG01362	ASB1	1160,1409,1154,1166,1083,1151,1142,1141,1154,1162,1164,1150,1154,1104,1158,1173,1159,1173,1147,1156,1155,1164,1157,1162
HG01148	ASB1	2472,2463,2462,2462,2191,2468,2453,2453,2426,2485,2474,2466,2469,2454,1807
HG01168	CLASP1	2188,2187,2174,2108,2194,2199,2180,2203,2193,2178,2181,2191,2194,2188,2111,2200,2191,2147,2149,2182,2196,2193,2002,2197,2202
HG01377	CLASP1	2332,2196,2324,2199,2195,2335,2172,1469,2346,2186,2207,2195
HG01258	ASB1	1158,1585,1586,1600,1150,1592,1593,1566,1597,1159,1574,1579,1581,1596,1158
HG01242	ASB1	1598,1567,1590,1600,1611,1604,1594,1597,1598,1564,1602,1571,1600,1585,1595,1599,1598,1602,1593,1592,1600,1588,1579,1592,64
HG01392	ASB1	1156,1152,905,1162,1163,1162,1163,1158,1166,1158,1155,1153,1144
HG01187	ASB1	1596,1602,1589,1419,1436,1434,1413,1441,1447,879,1432,1442,1437,920,1108,1441,1591,1599,1441,1266,1442,1607,1394
HG01302	CLASP1	1428,2179,2367,2372,2175
HG01384	CLASP1	2250,2195,2194,2047,2198,2168,2115,2191,2182,2086,1962,2206,2178,2195,2172,2186,2190,2219,2196,2210,2129
HG01197	CLASP1	2199,2015,2189,2191,2196,2193,2197,2171,2187,2201,2167,2198,2197,2195
HG01241	ASB1	1599,2481,2462,2482,1588,1612,1586,2486,2431,1270,1990,2509,2441,1314,7818,1597,1575,1599,2484,1572,1601,2444,1600,1150,1602,1527,1610,135,1461
HG01389	ASB1	1163,1147,1141,1164,1158,1155,1150,921,1145,1145,1135
HG01366	ASB1	1151,1593,1600,1157,1595,1587,1592,1160,1600,1150,1171,1162,1161,1547,1137,998
HG01284	CLASP1	2188,2154,2135,2158,2183,2183,1985,2153,2198,2169,2187,2183,2170,2190,2199,2178,2196,2184,2188,2168,1735,2188,2197,2188,2153,2130
HG01375	CLASP1	2320,2199,2335,2146,2368,2200,2356,2355,2189,2368,2370,2370,2186,2198,2384
HG01347	ASB1	1167,1147,1120,1163,1153,1152,1366,1164,1152,1147,1160
HG01257	CLASP1	2166,2166,1952,2162,2198,2201,2198,2214,2191,2192
HG01269	ASB1	1569,1293,1578,1297,1320,1305,1310
HG01174	ASB1	1590,1138,1145,1154,1592,1188,1157,1153,1575,1604
HG01344	ASB1	1160,1118,1159,1162,1143,1123,1156,1143,1156,1163,1141,1162,1134,1162,1168,1163,1109,1158,1090
HG01258	CLASP1	2187,2199,2196,2209,2204,2198,1710,2131,2184,2208,2193,2174,2197
HG01259	CLASP1	2211,2207,1943,2184,2198,2171,2182,2201,2201,2214,2183,2133,2197,2189,2206,2193,2184,2186,2170,2206,2197,2201,2200,2195
HG01198	CLASP1	1621,2175,2360,2203,2184,2291,2353,2366,2184,2340,2217,2200,1289,2372,2180,2359,2321
HG01188	ASB1	1576,1585,1558,1606,1556,1582,1604,1600,1580,1570,1602,1352
HG01348	CLASP1	2348,2202,2203,2199,2178,2180,2207,2194,2190,2199,2325,2199,2201,2360,2319
HG01356	ASB1	1154,1131,2470,1163,1138,2479,1134,1156,2484,1167,2459,1148,2475,1321
HG01167	CLASP1	2181,2363,2158,2165,2075,2190,2303,2332,2184,2196,2351,2102
HG01389	CLASP1	2216,2175,2178,2146,2192,2158,2161,2210,2200,2201,2212,2155,2063,2194,2194,2162,2157,2180
HG01242	CLASP1	2214,2210,2189,2198,2223,2212,2360,2329,2213,2361,2321,2340,2341,2155,2198,2194,2174,2193,2204
HG01275	ASB1	2488,2451,2469,2474,2452,2428,1586,1562,1598,2467,1592,2478,1598,2488,2475,2478,1332,2454,1598,1589,1598,2478,1594,1080,2490,2478,2457
HG01174	CLASP1	2186,2185,2150,2181,2187,1877,2206,2202,2016,1975,2148
HG01286	ASB1	1604,1592,1595,1648,1607,1594,1600,1615,1599,1597,1597,1602,1603,1578,1557,1600,1600,1603,1590,899
HG01269	CLASP1	2195,2187,2163,2180,2221,2070,2021,2198,2199
HG01390	CLASP1	2367,2215,2100,2196,2194,2376,2207,2278,2186,2149,2367,2208,2199,2188,2190,2201,2200,2292,2362,2186,2148
HG03746	CLASP1	2356,2198,2331,2194,2208,2195,2308,2121,2338,2349,2277,2341,2171,2319
HG01256	ASB1	1445,1148,1446,1407,1156,1164,1150,1422,1446,1440,1421,1158,1157,1157,1162,1365,1171,1432,1084,1162,1163,1427,1449,1162,1442,1164,1368
HG01148	CLASP1	2194,2329,2189,2363,2319,2209,2190,2191,2335,2165
HG01344	CLASP1	2373,2186,2367,1310,1985,2347,2326,2345,2380,2388,2374,2357,2369,2368,1616,2175,2377,2374,2325,2274,2329,2370,2179,2362
HG01345	CLASP1	2199,-24990,2201,2129,2198,2189,2136,2202
HG01362	CLASP1	2193,2184,2204,2197,2207,2193,2193,2199,2176,2185,2191,2207,2115,2163,2161
NA20757	CLASP1	2208,2209,2202,2218,2195,2205,2190,2193,2179,1970
HG01341	ASB1	1148,1158,1146,1156,1147,1122,1158,1143,1154,1143,1160,1111,1154,1152,1148,1157,1173,1154,1005,1161,1143,1157,1109,1159,1142,1135,1161,1154,1158,1164,1003,1158,1164,1101,1165,1048,1155,1168,1174,1130,1144,1151,1124,1165,1156,1157,1152,1155,1149,1156
HG01187	CLASP1	2353,2341,2362,2295,2215,2306,2324,2356,2305,2190,2188,2205,2359,2351,2298,2362,2363,2352,2331,2181,2206,2345,2189
HG01286	CLASP1	2197,1836,2201,1839,2202,1846,1846,2199,1825,2171,1841,1824
HG01392	CLASP1	2197,2183,2203,2213,2196,2181,2199,2168,2205,2151,2136
HG01366	CLASP1	2188,2192,2215,2199,1649,2165,2210,2208,2202,2208,2193
HG01278	CLASP1	2360,2184,2197,2360,2360,2218,2184,2188,2185,2351,2362,2235,2190,2216,2133,2202,2327,2106,2359,2173,2110,2314,2338,2360,2203,2329
HG01241	CLASP1	2190,2192,2359,2286,2375,2223,2359,2205,2181,2362,2306,2206,2208
HG01188	CLASP1	2312,2216,2149,2193,2204,2188,2200,2185,2210,2164
HG01347	CLASP1	2213,2210,2204,2198,2198,2197,2202,2192,2207,2192,2181,2199,2191,2175
HG01356	CLASP1	2188,2182,2188,2013,2159,2204,2197,1880,2198,1534,2196
HG01256	CLASP1	2175,2191,2187,2177,2200,1916,2204,2166,2178,2085,2178,2202,2191,2202,2191,2208,2185,2172,2212,2179,2164,2199,2208,2195
HG01275	CLASP1	2196,2194,2182,2184,2202,2179,2187,2188,2201,2184,2088,2194,2118,2187,2197,2210,2189,2164,2206,1565,2198,2099,2196,2195
HG01341	CLASP1	2196,2139,2212,1848,2159,2203,2170,2185,2184,2197,2199,2205,2196,2183,1988,2180,2155,2194,2144,2171,2187,2174,2152,2208,2188,2178,2137,2202,2208,2183,2138,2188,2197,2150,2191,2210,2179,2174,2147,2190,2198,2174,2157,2181
HG00983	FOCAD1	2484,2514,2557,2512,2140,2534,2160,2161,2152,2137,2150,2147,2107,2534,2519,2513
HG00881	FOCAD1	2130,2157,2132,2160,2138,2133,2149,2160,2175,2126,2133,2162,2141,2124
HG00982	FOCAD1	2153,2532,2558,2125,2520,2162,2104,2088,2476,2141,2134
HG01047	FOCAD1	2541,2489,2525,2154,1952,2143,2089,2428,2096,1989,2495,2535,2538,2155,2432,2485,2050,2102,1936
HG01028	FOCAD1	2520,2506,1506,2542,2517,2512,2530,2526,2522,2502,2517,2523,2551,1894,2523,2494,2329,2542,2444
HG01124	FOCAD1	2147,2162,2533,2541,2495,2556,2157,2163,1821,2174,2534,2057,1873,2521,2163
HG01119	FOCAD1	2140,2469,1994,2132,2528,2553,2541,2006,2142,2532,2153,2163,2167,2160,2541,2545,2156,2521,2477,2143,2514,2161,2530,2139,2481,2154,2152,2080,2524,2156,2529,2110,2145,2538,2443,2170,2109
HG00766	FOCAD1	2511,2454,2555,2532,2543,2540,2537,2439,2099,2541,2544,2525,2532,2526,2480,2522
HG01133	FOCAD1	2141,2115,2150,2157,2124,2164,2141,2166,2122,2152,2133,2152,2168,2144,2179,2196,2167,2152,2132,2005,2007,2150,2129,2154,2101
HG00740	FOCAD1	2159,1983,2167,2151,2159,2059,2117,2154,2154,2068,2153,2150,2129,2153,2139,2135,2138,2136,2143,2161,2153,2126,2157
HG00844	FOCAD1	2517,2515,2152,2540,2147,2535,2136,2516,2130,2158,2540,2127,2556,2522,2098
HG00759	FOCAD1	2146,1845,1945,2164,2122,2147,2144,2152,2075,2146,2156,2156,2047,2159,2150,2070,2159,2122
HG01136	FOCAD1	2150,2546,2528,2144,2158,2551,2153,2176,2138,2156,2529,2107
HG01101	FOCAD1	2061,2104,2178,2089,2172,2136,2134,2164,2142,2146,2159,2153,2145,2127
HG01102	FOCAD1	2160,1979,2487,2444,2143,2526,2122,2523,2471,1924,2521
HG01134	FOCAD1	2147,2527,2522,2132,2154,2370,2432,2137,2553,2493,2503,2116,2138,2515,2151,2523,2557,2540,2136,1737,2135,2222,2539,2160,2149
HG01137	FOCAD1	1829,2337,2551,2148,2151,2480,2520,2523,2525,2351
HG01121	FOCAD1	2361,2521,2520,2372,2472,2227,2539,2455,2534,2509,2548
HG01107	FOCAD1	2157,2148,1872,2165,2144,2132,2168,2151,2533,2507,2510,2206,2149,2515,2535,2524,-1158,2164,2542
HG01130	FOCAD1	2525,2539,2523,2539,2520,2452,2531,2532,2524,2507,2551,2498,2557,2173,2544,2532,2537,2559
HG01108	FOCAD1	2535,2510,1562,2523,2464,2521,2522,2544,2535,2521,2562,2552,2526,2426,2530,2564,2443,2542,2534
HG01104	FOCAD1	2545,2555,2296,2139,2090,2546,2156
HG01131	FOCAD1	2530,2528,2521,2514,2528,2529,2439,2467,2529,2284,2527,2541,2556,2424,2359,2513,2292,2519,2489,2502,2514,2507,2515,2471,2504,2493,2528
HG01066	FOCAD1	2519,2391,2467,-50534,2525,2516,2538,2524,2567,2523,2521,2556,2516,2549,2546,2524,2503,2550,2430,2516,2508,2527,2522,2541,2545,2484,2518,2504,2560,2540,2535,2536
HG01073	FOCAD1	2147,2134,2160,2142,2169,2145,2153,2151,2144,2160,2141,2168,2179,2159,2117
HG01048	FOCAD1	2152,2167,2147,2154,2144,2161,2077,2111,2163,2137,2135,2153,2161,2157,2145,2089,2187,2157,2140,1861,2116
HG01054	FOCAD1	1981,2147,2161,2137,2155,2148,2158,2132,2151,2159,2182,2166,2150,2168,2157,2089,2153,2149
HG01058	FOCAD1	2527,1307,2538,2537,2519,2528,2518,2519,2534,2521,2536,2503,2546,2536,1508,2533,2496,2489,2519,2376,2514,2527
HG01072	FOCAD1	2728,2120,2182,2760,2347,2753,2178,2141,2137,2727,2141,2165
HG01060	FOCAD1	2469,2532,2532,2536,2519,2534,2524,2545,2487,2495,2437,2550,2537,2530,2558,2529,2551,2518,2538,2543,1713,2223,2514,2430,2525,2527,2523
HG01055	FOCAD1	2172,2128,2150,2166,2131,2164,2160,2136,2155,2091,2145,2140,2135,2175,2143,2164,2009,2149,2156,2144,2151,2142
HG01142	FOCAD1	2552,2534,-61726,2534,2510,2169,2529,2542,2134,2151,2176,2494,2548,2526,2134,2086,2509,2429
HG01086	FOCAD1	2560,2139,2550,2527,2144
HG01085	FOCAD1	2527,2533,2500,2526,2534,2427,2422,2482,2169,2501,2527,2528,2508,2530
HG01089	FOCAD1	2140,2154,2154,2129,2056,2124,2162,2148,2120,1882,2162,2158,2146,2150,2147,2170,2157,2144,2103
HG00881	ASB1	1246,1601,1555,1600,1615,1619,1137,1158
HG01101	ASB1	1158,1162,1030,1155,1158,1163,1081,1074,1155,1160,1148,1154,1036,1153,1049,1073,1073,1164,1163,1150,1070
HG00983	ASB1	1591,1603,1601,1603,1603,1589,1597,1595,1603,1606,1598,1541,1587,1606,1588,1577,1491,79
HG01104	ASB1	-54448,1575,1168,1586,1153,1161,1145,1594,1596,1152,1593,1580,1166,1160,1592,1155,1156,1147,1128,1174,1164
HG01102	ASB1	1581,1163,1145,1141,1608,1154,1565
HG01124	ASB1	1113,1162,1157,1154,1148,1108,1165,1156,1154,1146,1159,1145,1126,1128,1153,1152,1146
HG01107	ASB1	1261,1437,1441,1447,1442,1441,1441,1412,1448,1311,1453,1417,1439,1438,1442,1434,1415,1391
HG00881	CLASP1	2119,2194,2182,2219,2178,2187,2200,2219,2186,1910,2194
HG01047	ASB1	1573,1146,1581,1589,1145,1592,1151,1156,1149,1593,1153,1471,1562,1598,1604,1596,1600,1583,1591,1176,1158,1572,1547,1340
HG00766	ASB1	1168,1164,1166,1133,1161,1144,1087,1159,1141,1141,1057,922,1157,1156,1144,1159,1143,1167,1132,1119,921,1165,1163,1139,1139,-32
HG01133	ASB1	1594,1600,1601,1603,1573,1577,1564,1603,1570,1080
HG00982	ASB1	1151,1154,1151,1157,1164,1166,1168,1158,1163,1159,1155
HG01073	ASB1	1584,1577,1598,1578,1518,1595,1582,1589,1587,1592,5935,1604,1599,1588,1597
HG01102	CLASP1	2208,2204,2184,2073,2142,2253
HG01028	ASB1	1571,1592,1597,1436,1590,1442,1440,1594,1430,1416,1422,1438,1362,1586,1601,1432,1368,321
HG00759	ASB1	1158,1141,1163,1154,1155,1145,1152,1155,1154,1167,1152,1168,1151,1097,1147,1148,1150,1126,1150,1155,1159,1161,1156,1144,1157,1155
HG01133	CLASP1	2182,2239,2195,2190,2199,62,2180,2196,2190,2164,2155,2211,2190,2197,2168,2183,2218,2190
HG01124	CLASP1	2306,2189,2345,2293,2371,2322,2358,2187,2349,2354,2123,2170,2195,2347,2370,2189
HG01142	ASB1	1159,1158,1428,1395,1434,1444,1429,1428,1157,1167
HG01072	ASB1	1165,1161,1157,1159,1159,1102,1159,1159,1151,1144,1164,1157,1161,1146,1155,1148,1160,1128,1160,1166,1149,1157,1161,1163,1161,1077,1160
HG01073	CLASP1	2341,2170,2153,2184,2341,2347,2336,2353,2201,2348,2057,2341,2179,2194,2202,2338,2355,2202,2200,2198,2357,2250,2369,2209,2350
HG01121	ASB1	1577,1450,1138,1122,1600,1146,1233,1277,1544,1235
HG01136	ASB1	1140,1158,1409,1147,1445,1434,1423,1100,1467,1352,1162,1081,1159,1155,1434,1447,1439,1158,1455
HG01131	ASB1	1443,1421,1601,1401,1577,1457,1588,1443,1612,1556
HG00740	ASB1	1165,2949,1753,1154,1156,20690,-16013,2929,2922,2948,2984,1155,2926,2791,2904,2943,1165,2943,1164,1164,2958,1149,2940,1158
HG01054	ASB1	1148,1606,1161,1158,1602,1150,1122,1616,1610,1163,1594,1134,1153,1144,1590,1601,1602,1001,1167,1166,1165
HG01130	ASB1	1101,1155,1164,1131,1148,1163,1159,1159,1009,1161,1161,1129
HG01085	ASB1	1603,1357,1590,1610,1148,1158,1158,1168
HG01060	ASB1	1494,1606,1576,1592,1601,1596,1588,1596,1600,1535,1603,1585,1598,1608,1602,1600,1586,1602,1593,1564
HG01086	ASB1	1535,1592,1607,1595,1590,1601,1581,1198,1545,1589,96
HG01048	ASB1	1161,1159,1594,1136,1165,1161,1147,1590,1582,1160,1558,1599,1150,1600,1152,1598,1524,841,1153,1605,1603,1564,1155,1607,1149,1596,1159,1165
HG00759	CLASP1	2206,2194,2195,2260,1986,2187,2202,2155,2181,2193,2128,2191,2197,2187
HG01137	ASB1	1586,1598,1604,1597,1584,1603,1550,1582,1599,1596,1580,1580,1592
HG01119	ASB1	1530,1589,1584,1601,1164,1577,1595,1161,1600,1513,1586,1583,1586,1582,962,1155,1162,1585,1151,1143,1581,1161,1604,1582,1602,1595
HG01108	ASB1	1157,1147,1599,1592,1599,1597,1609,1151,1141,1601,1147
HG00844	ASB1	1159,1152,1099,1562,1601,1150,1594,1569,1161,1588,1159,1593,1596,1159,1151,1161,1156,1164,5906,1600
HG01134	ASB1	1171,1159,1172,1138,1141,1159,1200,1574,1606,1169,1599,1154,1595,1159,1136,1159,1161,1583
HG01058	ASB1	1599,1488,1148,1048,1558,1079,1131,1140,1588,1102,1165,1158,1150,1155,1150,1569,1602,1133,1587
HG01142	CLASP1	2205,2040,2178,2199,2192,2198,2155,2152,2205,2205,2185,1609,2202,2208
HG00983	CLASP1	2182,2184,2205,1977,2191,2203,2191,2203,2116,2206,2201,2178,2222,2191,2102,2089
HG01055	ASB1	1435,1599,1161,1595,1147,1153,1585,1602,1594,1529,1515,1155,1605,1575,1159,1582,1424,1155,1596,1599,1125,1158,1155,149
HG01107	CLASP1	2195,2179,2202,2197,2199,2201,2206,2153,2198,2067,2233,2206,2177,2198,2219,2212,2197,2155,2206,1974
HG00766	CLASP1	2195,2155,2192,2186,2186,2222,2188,2212,2194,2192,2180,2157,2201,2202,2185
HG01101	CLASP1	2162,2182,2163,2130,2186,2212,2204,2203,2198,2184,2196,2178,2195,2211,2177,2196,2183,2194,2152,2144
HG00982	CLASP1	2179,2311,2332,2346,2206,2214,2200,2368,2360,2364
HG01086	CLASP1	2119,2158,2195,2185,2183,2181,2163,2184
HG01028	CLASP1	2191,2206,2197,2107,2206,2190,2197,2195,2181,2192,2074,1934,2197,2198,2162,2161,2126,2163,2191,2057
HG01130	CLASP1	2215,2186,2200,2195,2205,2192,2182,2185,2125,2200
HG01104	CLASP1	2184,2172,2176,2158,2205,2181,2193,2204,1701,2149,2211
HG01089	ASB1	1170,1143,1164,1162,1130,1169,1048,1157,1151
HG01047	CLASP1	2348,2213,2341,2294,2341,2349,1959,2173,2194,2175,2357,2209,2178,2348,2317,2334,2325,2194,2367,2204,2200,2326,2347,2353,2347,2300,2162,2198,2347,2306,2214,2198,2345
HG01119	CLASP1	2236,2379,2127,2214,2270,2290,2200,2374,2373,2180,2182,2273,2363,2194,2188,2206,2255,2177,2318,2348,2356,2195,2207,2195,2109,2173,2357,2227,2166,2190,2142,2256,2171,2186
HG01055	CLASP1	2197,2194,2161,2199,2190,2202,2191,2201,2142,2188,2192,2178,2198,2209,2188,2194,2202,2156,2180,2209,2132,2209,2042,2199,2201,2227,2191,2207,2196,2199,2190,2205
HG01066	ASB1	1170,1160,1167,2941,1159,1162,2913,1126,915,2876,2957,2940,2957,2965,4230,1153,449
HG01134	CLASP1	2195,2185,2203,2180,2196,2117,2098,2185,2138,2189,2189,2228,2110,2214,2182,1886,2165,2206,2189
HG00740	CLASP1	2348,2337,2330,2353,2355,2308,2362,2366,2335,2369,2369,1481,2370,2358,2354,2356,2332,2374,2364,2343,2326,2368,2330,2307,2347,2344,2376,2352
HG01121	CLASP1	2190,2154,2141,1714,2088,301,2186,2161,2196,2153,2064,2170,2194,2217,2098,2185
HG01085	CLASP1	2185,2198,2197,2164,2192,2172,2193,2125,2186,2181,2178,2156,2206,2170,2156,2111
HG01072	CLASP1	2084,2193,2157,2136,2195,2020,2197,2186,2185,2160,2243,2208,2172,2194,1812,2179,2186,2174,2171,2169
HG01060	CLASP1	2291,2187,2292,2360,2340,2209,2351,2201,1951,2128,2351,2179,2355,4155,2303,2202
HG01137	CLASP1	2184,2204,2193,2193,2131,2186,2203,2202,2085,2182,2198,2203,2179,2186,2177,2016,2185
HG01131	CLASP1	2189,2182,2208,2200,2175,2210,2204,2173,2198,2196,2179,2166,2194,2166
HG01066	CLASP1	2197,2200,2205,2198,2191,2201,2189,2212,2214,2196,2185,2185,2191,2200,2187,2200,2193,2207,2122,2197,2176,2192,2183
HG00844	CLASP1	2352,2263,2349,2339,2348,2381,2303,2349,2348,2326,2339,2268
HG01136	CLASP1	2169,2198,2194,2193,2198,1766,2181,2231,2154,2198,2196,2201
HG01048	CLASP1	2119,2213,2196,2200,2196,2170,2176,2199,2191,2205,2208,2153,2197,2204,2194,2199,2214,2216,2186,2187,2222,2224,2197,2206,2178,2158,2189,2205
HG01108	CLASP1	2197,2364,2361,2369,2204,2357,2284,1916,2123,1605,2374,2124,2360,2197,2358,2196,2358
HG01054	CLASP1	2196,2357,2354,2319,2255,2193,2211,2290,2339,2201,2114,2212,2186,2324,2173,2347,2204,2364,2343,2206,2185
HG01058	CLASP1	2199,2378,2111,2190,2349,2362,2354,2175,2325,2200,2345,2367,2209,2372,2193,2192,2351,2333,2346,2375,2163,2066,1954,2363
HG01089	CLASP1	2166,2194,2211,2163,2181,2121,2195,2018,2175
HG00368	FOCAD1	2411,2409,2521,2534,2537,2537,2115,2121,2348,2140,2157,2420,2338,2565,2523,2515,2047,2182,2495,2159,2186,2172,2482,2502,2107,2492,2508,2512
HG00367	FOCAD1	2327,1974,2094,2111,2536,2151,2144,2522,2165,2141,2064,1924,2139,2109,2550,2150
HG00736	FOCAD1	2523,2527,2531,2543,2531,2499,2516,2516,2548,2526,2539,2545,2543,2525,2390,2535,2468,2531,2415,2532,2466,2543,2529,2351
HG00377	FOCAD1	2111,2543,2134,2158,2153,1964,2499,2533,2534,2154,2171,2127,2538,2524,2155,2111,2167,2159,2494,2139,2150,2026,2526,2110,2164,2155,2144,2551,2136,2536,2423,2517,2551,2163,2536,2541,2158,2510,2538,2478,2408,2532,1740,2526,2163,2144,2179,2158,2548,2530,2174,2549,2534,2531,2537,2504,2151,2504,2147,2156,2188,2523,2505,2124,2136,2138,2081,2144,2528,2148,2165,2147,2520,2149,2142,2533,2549,2327,2143,2517,2552,2494,2547,2540,2538,2519,2528,2441,2525,2500,2156,2230
HG00651	FOCAD1	2166,2160,2523,2121,2153,2544,2160,2500,2148,2171,2155,2539,2167,2566,2166,2501
HG00589	FOCAD1	2140,1726,2154,2529,2474,2534,2095,2507,2516,2516,1975,2538,2525,2538,2330
HG00737	FOCAD1	2133,2159,2015,2148,2139,2133,2180,2150,2163,2138,2158,2152,2089,2141,2143,2151
HG00584	FOCAD1	2521,2137,2513,2145,2151,2005,2522,2155,2492,1945,2546,2151,2150,2163,2515,2536,2535,2529,2147,2225,2506
HG00566	FOCAD1	2161,2158,2146,2163,2140,2157,2147,2127,2162,2142,2076,2126,2157,2149,2141,2146,2086,2138,2161,2164,2134,2162,2057,2169
HG00717	FOCAD1	2116,2135,1917,2158,2134,2147,2153,2126,2155,2149,2153,2148,2157,2142,2111,2156,2136,2166,2146,2111,1988,2155,2155,2137,2159,2144,2165,2150,1875,2103,2158,2152,2144
HG00583	FOCAD1	2513,2512,2516,2532,2478,2524,2529,2483,2524,2497,2211,1943,2535,2496,2463,2543,2546,2520
HG00443	FOCAD1	2154,2542,2504,2534,2177,2137,2533,2529,2560,2157,2145,2538,2112,2155,2536,2154,2502,2527,2523,2535,2161,2524,2160,2535,2178,2486,2537,2130,2154,-743,2544,2461,2531
HG00565	FOCAD1	2533,2540,2521,2537,2542,2533,2522,2513,2536,2520,2540,2518,2484
HG00378	FOCAD1	2482,2142,2101,2526,2521,2536,2525,2531,2529,2096,2554,2131,1946,2412,2405,2368,2109,2130,2124,1950,2473
HG00657	FOCAD1	2151,2126,2045,2150,2151,2025,2142,2161,2139,2026,2156,2155,2175,2164,2123,2148,2143,2147,2154,2165,2174
HG00702	FOCAD1	2144,2134,2122,2142,2144,2094,2158,2159,2148,2103,2165,2162,2209,2142,2156,2153,2138,1982,2154,2134,2158,2142,2155,1909,2149,2140,2091,2144,2163,2162,2146
HG00684	FOCAD1	2466,2500,2144,2558,2077,2174,2131,2540,2149,2147,2082,2157,2160,2523,2540
HG00692	FOCAD1	2047,2119,2151,2139,2152,2141,2114,2142,2142,2143,2155,2126,2109,2172,2149,2154,2140,2140,2152
HG00731	FOCAD1	2165,2139,2127,2126,2162,2075,2140,2142,2143,2048
HG00436	FOCAD1	2535,2287,2146,2156,2504,2484,2527,2372,2105,2155,2136,2043,2495,2527,2523,2034,2534,2545,1424,2530,2070,2162,2536,2441,2499,2136,2514
HG00427	FOCAD1	2502,2539,2531,2198,2154,2551,2160,2532,2542,2505,2148,2521,1961,2115
HG00442	FOCAD1	2141,2140,2203,2163,2046,2557,2088,2512,2150,2538,2159,2073,2563,2434,2130,2106
HG00407	FOCAD1	2405,2553,2527,2532,2540,2538,2527,2536,2539,2512,2526,2538,2523,2525,2487,2538,2557
HG00551	FOCAD1	2019,2127,2125,2026,2002,2141,2147,2156,2135,1710,2159,2165,2107,1944,2076,1971,2132,2057,2102,2130
HG00404	FOCAD1	2146,2146,2530,2492,2516,2528,2144,2153,2007,2165,2154,2525,2164,2128,2025,2532,2164,2016,2533,2152,2167,2528,2499,2517,2519,2141,2153,2531,2117
HG00739	FOCAD1	2153,2147,2156,2136,2139,2149,2162,2146,2160,2150,2147,2155,2173,2147,2167,2155,2177,2156,2177,2139,2131,2161,2153,1896,2117,2165,2171,2153,2166
HG00641	FOCAD1	2157,2170,2154,2160,2121,2114,2112,2153,2151,2149,2148,2166,2011,2139,2150,2149,2167,2135,2145,2154
HG00449	FOCAD1	2147,2152,2161,2038,2146,2089,2129,2149,2139,2110,2142,2042,2141,2138,2140,2155,2114,2164,2153,2151,2152
HG00409	FOCAD1	2546,2518,2522,2500,2537,2416,2551,2539,2302,2538,2535,2522,2541,2535,2459
HG00381	FOCAD1	2158,2166,2135,2124,2119,2151,2143,2146,2110,2117,2032,1949,2134,2054,2165,2206,2152,2152,2152,2088,2143,2156,2120,2150,2137,2166,2146,2137,2135,1670,2157,2156,2149,2153,2166,2152,2132,2121
HG00452	FOCAD1	2542,2511,2457,2532,2539,2546,2534,2539,2392,2287,2521,2555,2485
HG00446	FOCAD1	2164,2167,2494,2506,1930,2142,2514,2145,2531,2387,2531,2133,2086,2493,2144,2519,1866,2529,2540,2086,2544
HG00650	FOCAD1	2271,2537,2528,2477,2554,2414,2540,2523,2518,2534,2517,2546,2542,2524,2541
HG00634	FOCAD1	2530,2359,2524,2499,2553,2533,2424,2542,2543,2300,2553,2464,2550,2535,2522,-22870,2451,2531
HG00637	FOCAD1	2153,2152,2181,2079,2157,2050,2144,2164,2164,2083,2147,2149,2153,2157,2153,2154,2162,2146,1585,1393,2128,2142,2149,2163
HG00622	FOCAD1	2147,2160,2149,2141,2157,2105,2166,2118,2132,2169,2155,1596,2145,2160,2247,2164,2183,2146,2121
HG00619	FOCAD1	2531,2537,2518,2161,2484,2536,2154,2127,2478,2494,2550,2012,2155,2179,2162,2124,2516,2539,2538,2148,2539,2552,2134,2164,2530,2526,2139,2545,2140
HG00610	FOCAD1	2141,2542,2160,2122,2142,2541,2555,2152,2520,2516,2525
HG00419	FOCAD1	2161,2154,2143,2148,2201,2140,2132,2165,2064,2157,2158,2111,1924
HG00420	FOCAD1	2129,2132,2534,2514,2153,2019,2170,2520,2376,2473,2147,2114,1950,2541,2465,2482,2157,2076,2066,2125,2137,2502,2505
HG00418	FOCAD1	2546,2540,2553,2519,2526,2493,2434,2543,2500,2508,2537,2553,2540,1689,2538,2549
HG00608	FOCAD1	2142,2132,2096,2145,2138,2158,2133,2116
HG00596	FOCAD1	2139,2166,2146,2094,2159,2150,2056,2131,2146,2136,2131,2149,1929,2147,2157,2117,2126,2156,2157,2153,2150,2142,2135,2129
HG00607	FOCAD1	2531,2497,2539,2551,2537,2517,2518,2555,2545,2528,2498,2537,2526,2542,2544,2538,2540,2535,2536
HG00367	ASB1	1578,1572,1086,1588,1583,1606,1628,1587,1601,1600,1575,1593,1592,1591,951,951,1599,1584,1567
HG00632	FOCAD1	2531,2162,1984,2114,1955,2547,2530,2528,2151,2528,2545,2081,2555,2143,2162,1833,2130,2143,2165,2141,2536,2543,2519
HG00626	FOCAD1	2518,2536,2538,2570,2468,2543,2521,2527,2480,2544,2504
HG00537	FOCAD1	2534,2544,2555,2556,2508,2548,2519,2527,2288,2518,2520,2540,2266,2506
HG00479	FOCAD1	2517,2537,2535,2563,2267,2525,2532,2528,2430,2509,2539,2474,2568,2521,2487,2541,2543,2407,2524,2552,2539,2459,2493,2527,2519,2529,2510,2533,2533,2474,2555,2532
HG00513	FOCAD1	2124,2523,2443,1780,2540,2556,2510,2137,2543,2160,2161,2138,2133,2118,2365,2246,2538,2535,2132,2134,2508,2181,2143,2141,2129,2537,2535,2541
HG00530	FOCAD1	2128,2525,2152,1712,2124,2534,2161,2526,2544,2155,2550,2550,2140,2514,2141,2515,2200
HG00475	FOCAD1	2536,2530,2542,2539,2538,2526,2528,2537,2505
HG00378	ASB1	1019,1296,1151,1137,1139,1134,1115,1158,1163,1326,1155,1318,1165,1313,1099,1137,1158,1069,1314,1288
HG00464	FOCAD1	2128,2080,2088,2155,2045,2107,2010,2095,2150,2071,2179,1785,2154,2128,1745,2083,2076,2155,2156,2146,1592,2125,2163,2164,2161,2083,2142,2103,2160,2131,2131,2144,2179
HG00472	FOCAD1	2150,2144,2140,2448,2543,2541,2534,2139,2551,2163,2164,2140,2148,2524,2188,2527,2549,2521,2558,2124,2556,2150,2072,2538,2543,2121,2559,2150,2537,2155,2531,2151,2159,2543
HG00551	ASB1	1130,1593,1579,1156,1606,1586,1498,1547,1600,1169,1128,1498,1016,1163,1163,1161,1489,1597,1539
HG00368	ASB1	1582,1040,1158,1090,1619,1169,1595,1154,1082,1148,1159,11309,1515,1126,1170,1159,1586,1583,1604,1150,1149,1141,1585,1114,1402,1158,1148,1148,1578,1594,1596,1479,1585,1600,1605,1562
HG00427	ASB1	1145,1423,1171,1380,1444,1154,1410,1413,1442
HG00442	ASB1	1594,1164,1063,1594,1146,1537,1163,1166,1594,1156,1595,1164,1610,1154,1131,1543,1600,1612,1128,1127,1588,1099,1145,1150,1164,1598,65
HG00407	ASB1	1169,1132,1170,1159,1154,1161,1180,1145,1154,1166,1160,1154,1148
HG00657	ASB1	1442,1314,2476,1448,1430,2469,1432,1276,2481,2397,1393,1287,2422,2484,1428,1440,1312,1412,2429,2231
HG00651	ASB1	1155,1436,1435,1154,1154,1415,1448
HG00610	ASB1	1153,1167,1136,1519,1164,1141,1116,1609,1141,1595,1152,1162,1150,1156
HG00641	ASB1	1585,1602,1597,1589,1583,1598,1603,1599,1585,1550,1600,1583
HG00634	ASB1	1160,2479,2455,1163,2480,2477,2480,2488,2493,1723,1160,1169,2476,1162,1171,2468,2462,1168,1166,1154,1145,1169,1763,1155,2517,1336
HG00446	ASB1	1384,1445,1450,1591,1586,1413,1587,1600,1603,1597,1335,1554,1436,1401,1595,1402,1441,1594,1436,1533,1437,1449
HG00626	ASB1	1443,1594,1609,1501,1591,1440,1414,1589,1445,1440,997
HG00381	ASB1	1154,1576,1571,1565,1162,1606,1608,1151,1418,1598,1560,1115,1596,1161,1594,1577,1599,1583,1126,1135,1151,1161,1582,1160,1172,1152,1606,1575,1591,1580
HG00737	ASB1	1164,1161,1152,927,1155,1136,1168,1160,1121,1161,1160,1158,1157,1165,1157
HG00589	ASB1	1443,1312,1311,1330,1328,1441,1311,1395,1302,1444,1275,1315,1447,1446,1203,1398,1315,1445,1314,1156,1312,1310
HG00739	ASB1	1539,1590,1627,1149,1149,1590,1590,1141,1593,1601,1160,1604,1599,1164,1588,1098,1584,1148,1595,1160,1369,1616,1608,1153,1576,1161,1089,1153
HG00692	ASB1	1151,1109,1158,1160,1156,1150,1143,1161,1286,1311,1160,1316,1126,1306,1145
HG00596	ASB1	1441,1441,2465,2457,2491,2482,2479,2486,1358,1440,1436,1431,2479,1445,1442,1441,2417,2477,2447,1285,1319
HG00584	ASB1	1148,1167,1148,990,1073,1165,1146,1163,1134,974,1142,1163,881,1089,1162,1154,1085,1091,1164,1134,1138
HG00731	ASB1	1154,1065,1139,1162,1168,1591,1459,1125,1592,1155,1523,951,1152,1597,1531
HG00650	ASB1	2434,2139,2470,2475,2470,2218,2428,2479,2462,2476,2431,2470,2468,2510,1523
HG00407	CLASP1	2196,2346,2198,2352,2344,2343,2347,2168,2192,2190,2334,2204
HG00717	ASB1	1152,1101,1162,1139,1156,1141,1132,1153,1151,1144,1146,1157,1164
HG00418	ASB1	1150,1146,1151,1156,1150,1157,1155,1148,1155,1153,1165,1154,1153,1136,1024,1162
HG00367	CLASP1	2186,2052,2199,2207,2198,2199,2201,2200,2203,2136,2108,2180,2191,2034,2205,2207,1756,2027,2191,2198,2177,2187,2143,2135
HG00452	ASB1	1322,1168,1285,1160,1324,1137,1150,1162,1151,1276
HG00475	ASB1	1156,1109,1158,1144,1162,1431,1138,1160,1156,1158,1151,1163,1433
HG00427	CLASP1	2185,2216,2199,2174,2206,2184,2200,1857,2202,2211,2203,2162,2196,2207
HG00419	ASB1	1137,1144,1156,1169,1163,1167,1161,1113,1160,1126
HG00404	ASB1	1163,1165,1156,1150,1046,1164,1171,1135,1091,930,1115,1165,1134,1159,1154,1166,1137,1162,1152
HG00443	ASB1	1201,1054,1154,1199,1170,1154,1198,1169,1205,1200,1173,1189,1128,1155,1165,2689,1160,1181,1185,1166,1195
HG00736	ASB1	1157,1155,1589,1591,1598,1598,1591,1141,1593,1156,1589,1149,1594,1589,1156,1163,1145,1157,1341,1161,1157,1572,1155,1591,1160,1182
HG00622	ASB1	1151,1129,1171,1441,1159,1350,1424,1442,1156,1158,1154,1421,1440,1202
HG00608	ASB1	1160,2472,2449,1129
HG00651	CLASP1	2194,2175,2207,2200,2211,2173,2198,2198,2205,1636,2198,2165,2193,2197,2148
HG00610	CLASP1	2197,2201,1704,2213,2190,2190,2153
HG00378	CLASP1	2119,1924,2112,2172,2028,1779,2172,2184,2190,2204,2083,2171,2179,2192,2195,2138,2201,2182,1839,2193,2176,2187
HG00737	CLASP1	2200,2326,2352,2081,2313,2363,2208,2203,2195,2332,2345,2207,2143,2155,2357,2196,2350
HG00409	ASB1	1145,1574,1145,1581,1155,1597,1593,1162,1122,1150,1586,1128,1166,1573,1157,1150,1142,1599,1920
HG00637	ASB1	1157,1113,1164,1434,1153,1444,1161,1149,1435,1431,1446,1421,1435,1363,1429,1164,1164,1401,1160,1426,1429,1438,1143,1148,1157
HG00420	ASB1	1158,1136,1169,1157,1166,1153,1162,1153,1040,1122,1162,1136,1169,1152
HG00657	CLASP1	2205,2193,2176,2194,2186,2164,2186,2203,2182
HG00583	ASB1	1601,1146,1156,1608,1160,1153,1585,1116,1139,1596,1582
HG00692	CLASP1	2128,2202,2170,1930,2197,2379,2144,2365,2358,2187,2200,2203,2206,2192,2374,2149,2348,2194
HG00589	CLASP1	2346,2340,2178,2350,2214,2187,2350,2212,2210,2363,2298,2039,2333
HG00607	ASB1	1433,1160,1448,1153,1161,1443,1430,1444,1135,1438,1150,1033
HG00368	CLASP1	2157,2182,2160,1906,2191,2215,2315,2205,1933,2197,2203,2345,2199,2365,2153,2361,2202,1988,2208,2096,2364
HG00650	CLASP1	2185,2331,2147,2400,2255,2306,2328,2202,2185,2091,2380,2203,2188,2349,2161,2334,2194
HG00717	CLASP1	2326,2324,2282,2318,2342,2310,2348,2336,2335,2354,2366,2344,2360,2187,2361,2302,2328,2340,2341
HG00315	FOCAD1	2428,2509,2042,2532,1870,2549,2506,2156,2555,2537,2158,2554
HG00632	ASB1	1159,2464,1166,1162,2490,2433,1160,2472,1152,2470,2442,2491
HG00312	FOCAD1	2548,2526,2327,2384,2496,2533,2511,2532,2538,2482,2486,-7827,2509,2430,2505,2480,2511,2499,2481,2532
HG00313	FOCAD1	2517,4440,2115,2539,2532,2530,2549,2520,2167,2526,2564
HG00321	FOCAD1	2158,2092,2158,2143,2132,2159,2152,2148,2131,2141,2146,2127,2149,2140,2154,2142,1882,2152,2142,2084,2068,2143,2142
HG00419	CLASP1	2300,2343,2333,2375,2186,2202,2301,2211,2193,2158,2351,2214,2186,2211,1641,2377,2356
HG00336	FOCAD1	2155,2082,2087,2171,2338,1996,2151,2455,2518,2529,2105,2145,2511,2421,2156,2160,2135
HG00513	ASB1	1168,1159,1285,1160,1158,1168,938,1432,1149,1158,1403,1153,1156,1162,1439,1433,1151,1151,1170,1443,1155,1432,1146
HG00702	ASB1	2470,1311,2461,1331,2476,1335,1323,2410,2484,1315,1308,1326,2465,1168,1321,2451,2415,2467,1320,1293,1313,1302,1308,1314
HG00452	CLASP1	2200,2207,2197,2208,2195,2205,2188,2231,2175,2171,2209,2181,2191,2140,2175,1970,2204
HG00311	FOCAD1	2558,2530,2172,2537,2549,2172,2142,2166,2545,2524,2542,2154,2511,2133,2506,2537,2141,2544,2520,2469,2153,2145,2137,2148,2553,2510,2517,2430,2533,2510,2558,2535,2114,2459,2689
HG00551	CLASP1	2356,2127,2212,2176,2357,2186,2246,2190,2189,2404,2243,2206,2188,2208,2193,2366,2264,2287,2350,2377,2200,2147,2165,2195,2337,2335
HG00449	ASB1	1428,1154,1136,1141,1164,1158,1443,1164,1012,1425,1150,1452,1099,1172,1382,1282,1155,1147,1396,1439,1445,1394,1420
HG00475	CLASP1	2194,2370,2194,2196,2193
HG00377	ASB1	1292,2454,2473,2475,2467,2426,2451,1591,1584,1596,2476,1590,2463,1607,1593,2452,1574,2479,2452,1607,2469,1598,2452,2499,1591,2459,2471,1594,2462,1608,2476,1147,1598,1590,1598,2462,2469,1763,2432,2467,1597,1599,1597,1609,1604,1596,2460,2472,2450,1598,1593,2474,2504,1603,1596,1585,2475,1574,1589,2430,1595,2481,1600,1593,2258,1596,2408,2457,2476,1585,2438,1387,1792,1611,2476,1834,2198,2438,2125,1602,2440,1536,1598,1524,2453,923,591,2459,1600,1420,98,1474,1032,69,242
HG00361	FOCAD1	2510,2466,2465,2522,2444,2511,1967,2550,2538,2534,2291,2550,2530,2532,2482,2128,2520,2513,2538
HG00338	FOCAD1	2002,2161,2143,2159,2162,2064,2110,2142,2152,2138,2125,2107,2127,2141,2152,2152,2131,2070
HG00349	FOCAD1	2145,2139,2158,2147,2100,2153,2134,2148,2098,2158,2159,2148,2141,1975,2113,2155
HG00365	FOCAD1	2506,2147,2168,1433,2151,2547,2532,2168,2526,2162
HG00342	FOCAD1	2530,2088,2517,2547,2158,2552,2551,2118,2167,2159,2531,2543,2165,2527,2542,2519,2535,2527,2140,2554
HG00436	ASB1	2491,1150,1159,1155,1142,2229,1087,1167,1532,1151,1160,2469,1132,995,1154,1161,1166,1595,1150,2471,1089,1131,1157,2447,772,2489,2461,2456,2465
HG00346	FOCAD1	2157,2141,2145,2022,2517,2149,2541,2167,2528,2163,2155,2147,2150,2524
HG00357	FOCAD1	2488,2538,2506,2557,2524,2534,2528,2522,2527,2533,2507,2532,2531,2516,2566,2532,2521,2525,2537,2534,2494,2549,2494,2517,2559,2531,2503
HG00325	FOCAD1	2143,2153,2169,2532,2545,2153,2166,2542,2108,2535,2143,2523,1899,2155,2550,2510,2143,2568,2540,2536,2539
HG00537	ASB1	-46734,1598,2479,1509,1585,2423,2433,2070,1598,1594,1576,2470,2459,1590,1593,1579,1577,1600,1618,1605,1581
HG00360	FOCAD1	2542,2156,2127,2162,2132,2569,2152,2551,2155,2441,2530,2516,2117,2150,2539,1963,2153,2133
HG00334	FOCAD1	2138,2141,2132,2156,2145,2157,2158,2149,2133,2155,2162,2153,2057,2093,2139,2097,2148,2124
HG00335	FOCAD1	2545,2519,2529,2531,2146,2396,2524
HG00323	FOCAD1	2136,2151,2148,2156,2163,2027,2171,2160,1932,2178,2157,2151,2164,2062,2163,2163,2153
HG00324	FOCAD1	2168,2482,2157,2150,2152,2541,2150,2155,2528,2553,2154,2525,2517,2497,2161,2536,2528,2535,2141
HG00464	ASB1	1430,1599,1599,2399,2474,1546,2440,2464,1598,1282,2109,1578,1586,2487,1588,1784,1332,2438,1241,2489,1606,2449,2364,1607,1591,2484,1588,2461,1602,1660,1650,1484,1617,1299
HG00583	CLASP1	2200,2199,2207,2207,2203,2174,2203,2192,2217,2196,2190,2208,2192,2174,2092,2206,2189,2211
HG00626	CLASP1	2186,2113,2163,2202,2196,2187,2209,2191,2139,2189,2202,2212
HG00641	CLASP1	2191,2204,2157,2166,2196,2179,2201,2188,2208,2203,2206,2199,2199,2206,2164,2200,2181,2202,2206,2217,2177,2197,2181,2125,2202,2196
HG00446	CLASP1	2194,2199,1495,2183,2198,2202,2222,2197,2186,2164,2202,2206,2195,2160,1946,2122,2202,2165,2143,2204,2173,2164,1977,2198,2197,2159,2127
HG00634	CLASP1	2175,2183,2204,2142,2199,2190,2189,2187,2205,2205,2203,2207,2200,2153,2188,2172,2152,2200,2179,2194,2174,1897
HG00381	CLASP1	2201,2136,2183,1922,2195,2198,2190,2072,2179,2114,1775,2199,2195,2107,2191,2169,2209,2203,2190,2200,2185,2211,2201,2198
HG00596	CLASP1	2346,2366,2341,2367,2184,2183,2107,2365,2185,2372,2372,1981
HG00584	CLASP1	2160,2177,2168,2174,2141,2185,2188,2185,2182,2193,2199,2191,2169,2179,2161,2154
HG00619	ASB1	1151,1148,1415,1444,1160,1446,1440,1143,1159,1442,1441,1430,1441,1155,1433,1128
HG00530	ASB1	1577,1146,1158,1554,1120,1160,1148,1556,1448,1161,1132,1603,1159,1597,1577,1150,1160,1145,1162,1160,1603,1599,1161
HG00336	ASB1	1290,1302,1313,1142,1317,1299,1306,1247,1144,1157,1174,1321,1320,1158,1121,1165
HG00731	CLASP1	2349,2200,2266,2196,2352,2184,2338,2201,2357
HG00442	CLASP1	2327,2193,2188,2193,2168,2171,2347,2184,2350,2199,2209,2166,2186
HG00622	CLASP1	2204,2183,2202,2343,2374,2190,2359,2203,2368,2367,2186,2357,2363,2174,1654
HG00608	CLASP1	2186,2148,2169,2176,2172,2187,2194,1602,2203,2191,2194
HG00702	CLASP1	2201,2199,2191,2167,2178,2208,2173,2194,2186,2206,2174,2162,2194,2197,2189,2200,2212,2202,2209,2165,2189,2207,2179,2187,2175,2195,2202,2197,2194,2182,2208,2125,2180
HG00443	CLASP1	2298,2353,2313,2156,1883,2337,2329,2181,2184,2345,1812,2333,2194,2215,2359,2192,2340,2198,2335,2182,2323,2233,2169,2195,2340,2215
HG00404	CLASP1	2197,2197,2178,2190,2204,2204,2182,2173,2210,2186,2206,2202,2201,2198,2194,2188,2196,2189,2202,2210
HG00472	ASB1	1612,1590,1606,1590,1598,1604,1569,1580,1590,1607,1608,1597,1605,1580,1592,1590,1596,1598,1604,1567,1554,1596,1596,1586,1152,1610,1600,1582,1603,1551,1355,1032
HG00449	CLASP1	2269,2287,2336,2179,2300,2305,2373,2288,2325,2339,2236,2304,2335,2302,2321
HG00357	ASB1	1158,1145,1160,1160,1120,1119,1150,909,1156,1145,1072,1143,1157,1157,1143,1095,1162,1150,1148,1134,1148,1162,1166
HG00335	ASB1	1572,1586,1121,1153,1125,1595,1124,1159,1590,1595,1599,1608,1157,1380,1156,961
HG00739	CLASP1	2357,2360,2343,2365,2341,2194,2278,2189,2186,2383,2323,2193,2360,2359,2185,2389,2197,2317,2147,2202,2165,2142,2131,1798,2188,2215,2071,2199,2182
HG00365	ASB1	1152,1175,1036,1084,1165,1042,1154,1154,1143,1049,1162,1021,1154,1035,1037,1049
HG00315	ASB1	1579,1598,1594,1161,1537,1153,1146,1193
HG00313	ASB1	1156,1132,1162,1064,1155,1169,1171,1163,1151
HG00736	CLASP1	2188,1998,2177,2187,2193,2161,2182,2127,2197,2204,2188,2189,2202,2206,2190,2207,2179,2205,2087,2193,2203,2204
HG00312	ASB1	1159,1158,2453,2469,1137,2268,1141,1151,1499,2418,1127,2415,1111
HG00537	CLASP1	2346,2354,2348,2207,2322,2180,2204,2122,2282,2193,2270,2356,2186,2186,2281,2190,2170
HG00321	ASB1	1316,1590,1316,1324,1325,1320,1596,1296,1319,1590,1313,1614,1607,1593,1520,1610
HG00632	CLASP1	2213,2201,2365,2174,2369,2369,2339,2359,2198,2356,2368,2367,2205,2338,2187,2187,2193,2021,2204,2183,2143
HG00418	CLASP1	2185,2203,2192,2192,2203,2165,2194,2196,2180,2209,2200
HG00409	CLASP1	2177,2141,2157,2199,1731,2211,2209,2186,2199,2182,2192,2189,2188,2156
HG00346	ASB1	1159,1162,1159,1153,1152,1157,1154,1115,1165,1161,1146,1163,1159,1160,1158,1179,1155,1149,1159,1160,1155,1156
HG00360	ASB1	1564,1152,1603,1156,1156,1607,1149,1168,1600,1612,1587,1114,1598,1599,1105,1585,1590,1169,1587,1159,1137
HG00637	CLASP1	2197,2354,2347,2182,2194,2340,2351,1862,2201,2186,2182,2203,2352,1866,2195,2339,2343,2186,2198
HG00357	CLASP1	2213,2005,2200,2134,2177,2201,2198,2147,2198,2178,2203,2205,2192,2194,2183
HG00349	ASB1	1145,1152,1153,1153,1151,1118,1159
HG00361	ASB1	1138,1144,1160,1156,1149,1005,1141,1162,1140,1160,1160,1160,1132,1122,1155,1151,1160,1155,1154,1158,1167,1164
HG00338	ASB1	1316,1300,1593,1587,1304,1607,1601,1312,1316,1290,1316,1314,1586,1451,1319,1589,1597
HG00607	CLASP1	2332,2203,12946,2359,2336,2184,2321,2326,2342,2362,2202,2203
HG00619	CLASP1	2190,2188,2200,2206,2197,2200,2178,2204,2198,2186,2177,2166,2203,2206,2187,2177,2200,2193,2200,2194,2174,2172,2163,2216,2203,2204,2086,2153,1963,2174
HG00335	CLASP1	2190,2201,2146,1963,2207,2202,2181,2186,2196,2117
HG00420	CLASP1	2167,2134,2353,2148,2334,2156,2181
HG00436	CLASP1	2204,2185,2218,2159,2110,2192,2206,2204,2163,2192,2174,2202,2198,2211,2224,19579,2197,2168,2181,2226,2141,2172,2120,2190,2155,2149,2197,2193,2207
HG00324	ASB1	1545,2456,1566,2472,2467,2485,2488,1553,2441,1593,2489,1557,2481
HG00334	ASB1	1160,1159,1164,1130,1153,1134,1165,1164,1160,1152,1162,1126,1090,1142,1166,1165,1165,1161,1167,1159
HG00342	ASB1	1156,1131,1160,1601,1601,1596,1154,1132,1155,1600,1596,1598,1158,1160,1170,1150,1142,1140,1566,1579,1593
HG00479	ASB1	1168,1594,1157,1153,1157,1581,1166,1156,1158,1162,1163,1599,1586,1584,1152,1157,1585,1599,1608,1530,1159,1136,1164,1607
HG00365	CLASP1	2194,2205,2216,2197,2191,2197,2161,2163,2171,2200,2168,2196,2215
HG00325	ASB1	1156,1157,1142,1162,1152,1135,1162,1147,1096
HG00349	CLASP1	2181,2180,2190,2169,2037,2147,2201,2200,2190,2149,2190,2176,2179,2161,2184,2167,2187,2206,2170
HG00323	ASB1	1274,1160,1154,1145,1587,1595,1158,1143,1154,1149,1581,1165,1558,1585,1595,1156,1159,1154,1602,1176
HG00513	CLASP1	2180,2199,2194,2177,2195,2196,2193,2123,2203,2202,2178,2192,2171,2195,2160,2152,2182,2212,2191,2193,2198,2194,2205,2170
HG00315	CLASP1	2208,1956,2200,2162,2194,2205,2195,2203,2183,2154,2206,2188
HG00313	CLASP1	2211,2189,2176,1761,2087,863,2160,2186,2181,2201,2162,2194,2214,2199,2174,2203,2203,2191
HG00312	CLASP1	2160,2365,2332,2016,2233,2102,2160,2363,1989,2312,2364,2335
HG00377	CLASP1	2203,2195,2194,2188,2203,2198,2199,2194,2201,2200,2195,2208,2210,2205,2111,2173,2183,2200,2179,2193,2198,2194,2164,2198,2189,2199,2175,2229,2181,2090,2208,2196,2191,2190,2150,2206,2215,2168,2207,2207,2203,2221,2188,2171,2190,2203,2196,2199,2184,2193,2190,2203,2196,2209,2184,2183,2195,2197,2202,2206,2200,1301,2129,2178,2136,2207,2150,2128,2188,2209,2178,2172,2195,2126,2118,2165
HG00464	CLASP1	2197,2201,1392,2193,2208,1915,2185,2181,2192,2190,2184,2154,2210,2156,2198,2203,2183,2184,2160,2207,2143,2207,2197,2188,2173,2196,2193,2189,2188,2166,1870,2194,2102,1927,2086,2195,2024,2032,2162,1967,2200,2188
HG00336	CLASP1	2172,2191,2041,2195,2173,2159,2160,2184,2130,2204,2200,2165,2196,2104,2117,2191
HG00321	CLASP1	2191,2201,2211,2206,2158,2212,2230,2201,1745,2205,2212,2184,2016,2157,2165,2204,2195,2194,2193,2206,2197,2202,2219,2196,2188
HG00311	ASB1	1148,1162,1149,1126,1157,1163,1578,1165,1610,1163,1125,1136,1604,1142,1604,1427,1157,1142,1163,1605,1166,1152,1151,1185,1395,1588,1150,1151,1343,1137,1153
HG00324	CLASP1	2196,2201,2015,2200,2198,2216,1145,2189,1957,2242,2199,2162
HG00472	CLASP1	2356,2197,2182,2079,2347,2165,2209,2332,2201,2197,2193,2214,2191,2199,2181,2174,2353,2271,2207
HG00360	CLASP1	2195,2195,2193,2239,2199,2207,2202,2206,2192,2200,2192,2162,2200,2193,2167
HG00530	CLASP1	2360,2282,2342,2330,2313,2331,2350,2355,2311,2354,2289,2271,2328,1994,2321,2062,2342,2225,2313,2326,2114,2348
HG00361	CLASP1	2155,2080,2179,1811,2193,2020,2196,2213,2180,2201,2154
HG00338	CLASP1	2208,2203,2211,2183,2201,2218,2143,2151,2126,2193,2195,2156,2125,2197
HG00323	CLASP1	2184,2250,2190,2189,2198,2206,2200,2187,2204,2193,2172,2188,2167,2065,2214,2197,2200,2160
HG00346	CLASP1	1655,2199,2168,2109,2196,2092,2202,2197,2206,1977,2200,2166,2201,1635
HG00124	FOCAD1	2130,2153,2153,2151,2134,2142,2151,2153,2104,2098,2146,2148,2165,2149
HG00120	FOCAD1	2163,2158,2143,2497,2341,2139,2126,2154,2147,2500,2155,2157,2531,2132,2534,2549,2152,2160
HG00123	FOCAD1	2129,2469,2139,2103,2515,2142,2527,2156,2110,2110
HG00342	CLASP1	2200,2173,2186,2167,2203,2172,2210,2222,2217,2200,2160,2196,2165,2189,2198,2199,2169,2144,2206,2208
HG00158	FOCAD1	2144,2159,2123,2148,1925,2140,2152,2156,2159,2160,2151,2153,2136,2097,2149,2063,2156,2099,2155
HG00190	FOCAD1	2156,2148,2171,2162,2155,2151,2148,1783,2171,2156,2157,2148
HG00235	FOCAD1	2536,2512,2523,2140,2539,2544,2499,2106,2374,2535,2152,2548,2536,2117,2132,2166,2127,2110,2338,2511,2156,2549,2513,2154,2142,2074,2515,2155,2167,2529,2134,2111,2155,2112,2500,2341
HG00274	FOCAD1	2156,2077,2145,2132,2138,2162,-5659,2142,2157,2147,2535
HG00125	FOCAD1	2537,2158,2143,2138,2533,2523,2115,2448,2528,2136,2537,2142,2507,2154,2543,2477,2530,2525,2532,2130,2529,1704,2139,2153,2524,2544,2520,2558,2548,2544,2531,2534,2148,2074,2163
HG00255	FOCAD1	2114,2090,2164,1847,2127,2148,2094,2117,2147,2113,2161,2159,2127,2035,2164,2142,2137,2157,2138,2180,2153,2100,2147
HG00334	CLASP1	2177,2198,2200,2198,2182,2207,2210,2093,2193,2075,2180
HG00282	FOCAD1	2154,2337,2160,2521,2145,2518,2155,2173,2164,2553,2156,2144,2542
HG00157	FOCAD1	2524,2131,2122,2159,2539,2553,2082,2162,2138,2151,2145,2539,1855,2542,2543
HG00114	FOCAD1	2531,2512,2163,2154,2529,2143,2168,2536,2537,2142,2142,2161,2138,2519,2135
HG00111	FOCAD1	2143,1664,2148,2144,2142,1440,2150,2170,2151,2069,2140,2138,2151,2132,2150,2108,2151,2168
HG00117	FOCAD1	2158,2138,2169,2127,2147,2166,2144,2145,2157,2159,1874,2157,2143,2095,2032,2109,2150,2159,1784,2150,2126,2133,2151,2160,2166,1715,2148,2152,2159,2159,2160
HG00269	FOCAD1	2574,2532,2540,2542,2480,2510,2531,2548,2534,2548,2550,2546,2523,2542,2542,2530,2489,2529,2502,2388
HG00273	FOCAD1	2548,2532,2516,2547,2548,2170,2155,2145,2546,2525,2518,2520,2527
HG00268	FOCAD1	2160,2546,2587,2160,2523,2520,2555,2149,2146,2151,2137,2407,2551,2173,2156,2540,2166,2096,1800,2131,2544,2559,2165,2139,2330,2533,2159,2142,2539,2108,1838,2128,2141,2547,2523,2551,2135,2123,2449,2535,2142,2151,2545,2548,1935,2551,2156,2155,2381,2151,2526
HG00137	FOCAD1	2116,2530,2155,2151,2527,2148,2518,2122,2124,2536,2099,1972,2538,2099,2376,2531,1799,1966,2109,2567,2534,2158,2126
HG00138	FOCAD1	2523,2153,2153,2504,2478,2151,2425,2154,2133,2115,2145,2116,2538,1737,2161,2526,2155,2137,2153,2149,2145,2564,2163,1965,2157,2159,2531,2159,2170,2558,2078,2180,2130
HG00148	FOCAD1	2132,2135,2149,2124,2113,2144,2158,2093,2116,2179,2148,2122,2099,1951
HG00149	FOCAD1	2150,2140,2545,2433,2149,2471,2163,2379,2154,2171,2303,2505,2522,2147,2139,2457,2537,2448,2120,1913,2533,2157,1911,2142,2144,2466,2119,2437,2526,2515,2144,2476,2525,2466,2531,2543,2531,2530
HG00258	FOCAD1	2140,2169,2120,2137,2171,2158,2155,2148,2125,2125,2158,2136,2165,2154,2152,2163,2155,2130,2154,2086,2138,2149,2144,2141
HG00278	FOCAD1	2557,2519,2476,2434,2541,2536,2516,2532,2517,2527,2538,2536,2506,2512,2515,-4831,2519,2510,2517,2520,2521,2551,2527,2559,2514,2523
HG00159	FOCAD1	1984,2162,2082,2119,2133,2165,2136,2068,2131,2135,2092,2168
HG00171	FOCAD1	2044,2161,2165,2543,2147,2540,2521,2218,2558,2158,2186,2422,2519,2536,1866,2547,2155,2143,2041,2151,2147,2510,2162,2549,2070,2166,2091,2529,2536
HG00173	FOCAD1	2517,2557,2169,2531,2157,2135,2491,2161,2164,2559,2146,2501,2545,2162,2557
HG00271	FOCAD1	2524,2089,2547,2538,2499,2115,2528,2526,2539,2496,2481,2529,2170,2153,2541,2151,2538,2148
HG00252	FOCAD1	2541,2137,2551,2141,2133,2535,2534,2537,2112,2137,2148,2566,2398,2368,2170,2135,2136,2161,2138,2530,2545,2546
HG00254	FOCAD1	1952,2275,1950,2128,2169,2528,2154,2500,2045,2158,2160,2143,2509,2169,2133,2543,2549,2141,2539,2156,2533,2160,2146,2167,2151,2532,2112,2032,2548,2154,2522,2524,2165,2542,2073,2148,2529,2149,1975,2552,2131,2556,2519,2522,2513,2535,2518
HG00188	FOCAD1	2144,2162,2154,2159,2147,2151,2172,2142,2149,2148,2158,2156,2160
HG00139	FOCAD1	2113,2518,2533,2532,2514,2148,2169,2540,2580,2511,2543,2156,2532,2185,2524,2157,2139,2528,2165,2394,2122,2149
HG00146	FOCAD1	2596,2537,2137,2540,2454,2092,2549,2452,2130,2013,2065,2161,2174,2143,2535,2541,2146,2517,2517,2537,2534,2532,2529,2036,2166,2516
HG00284	FOCAD1	2134,2142,2549,2518,2151,2133,2034,2547,2474,2450,2165,2523,2156,2514
HG00152	FOCAD1	2523,2546,2549,2550,2168,2145,2142,2103,2147,2467,2435,2152,2510,2529,2530,2143,2163,2518,2139,2113,2145,2548,2165,2457,2527,2170,2147,2518,2520,2130,2165,2120,2394,2325,2164,2536,2532,2540,2523
HG00261	FOCAD1	2138,2546,2528,2423,2027,2179,2143,2127,2121,2159,2508,2466,2152,2512,2126,2414,2501,2520,2159,2089,2477,2133,2156,2522,2530,2536,2156
HG00128	FOCAD1	2351,2537,2526,2135,2169,2448,2501,2477,2012,2137,2155,2115,2095,2520,2154,2490,2506
HG00141	FOCAD1	2159,2543,2154,2551,2513,1962,2547,2166,2140,2553,2544,2121,2538,2538,2514,2504,2513,2139,2525,2544,2069,2163,2517,2143,2550,2526,2162,2160,2153,2496,2524,2116,2128,2554,2146,2146,2141,2529,2139,2544,2531,2523,2148,2530,2103,2513,2165,2160,2519,2148
HG00325	CLASP1	2202,2179,2194,2197,2206,2114,2208,2205,2212,2176,22782,2199,2192,2196,2203,2201,2183,2204,2179,2195
HG00247	FOCAD1	2185,2146,2155,2146,2139,2150,2153,2137,2150,2153,2082,2148,2085,2143,2164,2137
HG00242	FOCAD1	2545,2530,2509,2527,2525,2547,2528,2533,2521,2540,2547,2527,2519,2531,2561,2492,2545,2563,2541,2531,2521,2512,2529,2520,2544,2530,2532,2539,2494,2527,2497,2523,2538
HG00243	FOCAD1	2132,2139,2170,1771,1810,1647,1966,1999,2168,2123,2139,2165,2164,2152,2147,2141,2161,2135,2134,2119,2148,2127,2163,2139,2126,2130,2122,1167,2157,2115
HG00131	FOCAD1	2506,2535,2520,2503,2540,2547,2533,2531,2443,2531,2486,2483,2533,2495,2562,2543,2511,2520,2368,2425,2509,2529,2485,2510
HG00133	FOCAD1	2145,2692,2698,2723,2717,2149,2142,2727,2681,2168,2679,2734,2161,2715,2704,2698,2734,2008,1995,2657,2141,2141,2683,2614,2163,2140,2169,2697,2734,2682,2725,2148,2706
HG00130	FOCAD1	2141,2135,2172,2152,2097,2146,2153,2136,2164,2181,2153,2136,2155,2157,2163,2146,2163,2162,2103,2159,2153,2173,2179,1724,2142,2164
HG00129	FOCAD1	2146,2529,2523,2525,2156,2468,2145,2572,2522,2516,2542,2149,2150,2514,2159,2105,2128,2499,2580,2159,2149,2135
HG00479	CLASP1	2363,2127,2183,2172,2375,2176,2359,2325,2203,2203,2232,2373,2119,2326,2374,2184,2364,2197,2337,2198,2377,2371,2246,2183,2363,2364,2358,2161,2217,2358,2365,2346
HG00158	ASB1	1157,1155,1164,1143,1147,1161,1147,1150,1155,1147,1146,1162,1170,1142,1162,1142,904,1154,1154,1161,1151,1156,969
HG00311	CLASP1	1917,2193,2209,2194,2187,2182,2045,2193,2181,2211,2171,2215,2198,2210,2197,2190,2182,2204,2204,2195,2042,2192,2148,2191,2204,2166,2198,2175,2193
HG00123	ASB1	1173,1542,1549,1614,1509,1615,1119,1141,1163
HG00120	ASB1	1535,1603,1583,1599,1605,1601,1584,1605,1594,1595,1584,1601,1572,1572,1409
HG00274	ASB1	1159,1158,1174,1168,1144,1159,1160,1161,1144,1153,1156,1160,1162,1163,1149,1166,1157,1156,1161,910
HG00146	ASB1	1153,1430,1161,1434,1156,1164,1442,1164,1421,1439,1160,1444,1421,1435,1143,1166,1443,1423,1425,1439,1442
HG00268	ASB1	1140,1596,1150,1605,1602,1604,1145,1604,1610,1161,1606,1592,1142,1157,1594,1359,1584,1160,1151,1160,1194,1603,1137,1600,1160,1094,1142,1595,1456,1155,1596,1147,1579,1556,1596,1158,1599,1162,1162,1606,1573,1142,1600,1607,1154,1603,1565,1520,951,1596,1148,1596,1158,1154,1595,1178,1143,1603
HG00124	ASB1	1618,1583,1569,1552,1601,1590,1601,1602,1571,1588,1601,1566,1597,1600,1599,1569,1605,1600,1600,1599,1601,1586,1602
HG00111	ASB1	1148,1158,1150,1130,1165,1162,1144,1172,1155,1154,1162,1104,1159,1152,1160,1162,1139,1164,1163,1153,1148,1147,1156,1148,1161
HG00278	ASB1	1595,1606,1587,1501,1597,1159,1152,1154,1595,1584,1156,1144,1113,1598,1153,1115
HG00273	ASB1	1145,1136,1154,1165,1157,1074,1164,1151
HG00269	ASB1	1591,1313,1603,1600,1296,1320,1266,1325,1599,1554,1595,1294,1329,1312,1300,1589,1307
HG00190	ASB1	1159,1324,1319,1311,1197,1144,1151,1163,1154,1164,1173,1308,596,1316,1317
HG00114	ASB1	1147,1572,1587,982,1402,1553,1595,1603,1598,1599,1170,964,1161,1163,1161,1162,1148
HG00255	ASB1	1128,1131,1127,1159,1139,1152,1171,1155,1151,1157,1155,1113,1144,1155,1159,1163,1123,1146,1155,1149
HG00137	ASB1	1590,1592,1597,1577,882,1595,1599,1601,1586,1593,1582,1578,1595,1292,1555,1610,1592,1583,1597,1694,1576
HG00274	CLASP1	2177,2215,2177,2161,2200,2176,2179,2187,2202,2182,2153,2203,2169,2157,2202,2188,2150,2207,1932,2218,2188,2211,2210,2191,2196,2183,2206,2198,2199
HG00173	ASB1	1157,1584,1595,1588,1608,1514,1145,1140,1161,1145,1157,1157,1608,1612,1607,1156,1496,1164,959
HG00282	ASB1	1164,1161,1154,1158,1133,1162,1169,1168
HG00188	ASB1	1159,1146,1155,1160,1577,1558,1100,1590,1163,1155,1113,1595,1600,1606,1160,1602,1152,1363
HG00157	ASB1	1163,1138,1317,1320,1100,1139,1321,1310,1165,1157,1076,1154,1156,1157
HG00278	CLASP1	2194,2199,2198,2204,2069,2172,2197,2183,2221,2196,2197,2140,2190,1871,2202,2176,2195,2192,2166,2143,2212,2188,2196,2193,2200,2581
HG00146	CLASP1	2178,2199,2191,2198,2207,2205,2199,2167,1787,2167,2200,2200,2191,2195,2216,2221,2209,1917,2190,2192,2203
HG00148	ASB1	1161,1160,1583,1574,1569,1609,1560,1597,1587,1626,1590,1137,1161,1142,1593,1162
HG00159	ASB1	1152,1170,1535,1579,1151,1596,1156,1612,1150
HG00171	ASB1	1166,2489,1286,2482,1127,2463,1159,1165,2476,1155,1137,2470,2409,2463,2483,2457,1287,1152,1144,1157,1164,1279,2468,1305,1503
HG00138	ASB1	1159,1152,1153,1156,1158,1129,1154,1156,1138,1157,1154,1168,1152,1154,1142,1109,1157,1179,1153,1155,1129,1158,1141,1169,1154,1157,1154,1165,1167,1171,1160,1164,1150,1163,1132,1160,1127,1163,1150,1158,1062
HG00247	ASB1	1123,1156,1167,1167,1160,1129,916,1151,1160,1149,1163,1178,1163,993,1150,1167,1165
HG00252	ASB1	1574,1052,1134,1592,1608,1579,1146,1154,1151,1598,1606,1145,1248,1596,1607,1590,1269,1590,1128,1145,1080,1584,1587,1157,1607,1013,1577,1137,1159,1164,1155
HG00139	ASB1	1541,1599,1587,1586,1596,1587,1601,1596,1599,1598,1576,1594,1588,1584,1571,1595,1551,1601,1602,1579,1594,1080,1606
HG00258	ASB1	1533,1596,1598,1598,1273,1606,1596,1603,1590,1571,1559,1590,1590,1600,1604,1597,1585,117,1603,1599,1525,1582,1589,1590,1589,1581,1598,1599,1532,1596,1596,1599,1582,1605,1585,1598,1528,1599,1556,1597,1607,1593,1595,1203
HG00137	CLASP1	2195,2204,2205,1775,2155,2090,2179,2192,2146,2188,2193,2188,2191,2203,2195,2175,2198,2187,2129,2206,1797,1561,2197,2172
HG00284	ASB1	1147,1140,1147,1108,1165,1133,1159,1144,1159,1164
HG00128	ASB1	1568,1597,1124,1588,1157,1576,1156,1156,1139,1584,1612,1605,1105
HG00188	CLASP1	2203,2148,2173,2061,2185,2095,2190,2181,2197,2209,2210
HG00242	ASB1	1169,1162,1148,1321,1152,1294,1157,1156,1124,1312,1321,1167,1115,1294,1328,1155,1147,1313,1332,1168,1077,1166,1329
HG00243	ASB1	1603,1592,1593,1591,1588,1584,1596,1610,1549,1595,1588,1612,1596,1601,1582,1595,1673,1598,1597,1594,1610,1593,1603,1588,1598,1604,1577,1565,129,1368,1414,1363
HG00271	ASB1	1584,1446,1594,1442,1593,1432,1436,1591,1435,1587,1598,1600,1434,1592,1443,1408,1439,1430,1433,1430,1602
HG00114	CLASP1	2183,2149,2202,2194,2215,2200,2187,2160,1996,2203,2200,2188,2137,2194,2193,2189,2184,2192,2196,2189
HG00125	ASB1	1142,1156,1151,1158,1144,925,1135,1161,1159,966,1160,1029,1156,1166,1160,1156,1091,1158,1098,1145,1165,1156,1143,1160
HG00235	ASB1	1649,2474,1111,1162,2476,2365,-31413,2461,1170,1138,1155,1170,2332,2464,1148,1162,1148,1164,1114,1150,1155,1143,2468,2464,2445,1135,1169,2461,2479,1157,1149,-713,4155,2393,2430,1160,2472,68
HG00124	CLASP1	2190,2193,2199,2168,2195,2197,2205,2173,2191,2204,2131,2190,2197,2199,2101,2165,2194,2113,1974,2164
HG00130	ASB1	1583,1595,1095,1173,1599,1141,1166,1592,1589,1154,1119,1151,1153,1578,1162,1593,1588,1166,1163,1190,1159,1548,1110,1164,1597,1160,1601,1607,1161
HG00282	CLASP1	2211,2160,2207,2192,2202,2203,2212,2200,2205,2191,2194,2174,2196,2200
HG00131	ASB1	1138,1161,1167,1587,1073,1574,1149,1587,1162,1585,1151,1594,1156,1573,1603,1580,1593,1163,1167,960,1144,1171,1148,1596,1586,1156,1555,1158,1123,1575,1157,1148,1592,1583,1605,1161,1158,1195
HG00129	ASB1	1321,1290,1316,1161,1306,1314,1325,891,951,1158,1321,1151
HG00157	CLASP1	2168,2115,2196,2208,2197,2197,2101,2190,2197,2227,2193,1803,2205,2182,2105,2191,2005,2196,2193
HG00261	ASB1	1166,972,1043,1159,1150,1125,1147,1151,1157,1162,1144,1162,1156,1127,1155,1161,1163,1157,828,1156,1153,1164,1150,1161,1165,1159,1153,1159,1163,1157,1157,1157,1162,1166,1137,1155,1134,1149,1160,1156
HG00123	CLASP1	-30647,2174,1715,1855,1333,2201,2145,1283,2137
HG00133	ASB1	1173,1158,1157,1152,1161,1162,1165,1159,1153,1139,1161,1152,1139,1140,1160,1127,890,1045,1148,1160,1155,1162,1158,1163,1148,1117,1140,1130,1154,1178,1152,1151,1142,1158,1149,1135,1155,1162,1148,1125,1132
HG00171	CLASP1	2192,2191,2166,2175,2186,2194,2039,2175,2201,2188,2136,2191,2209,2203,2181,2230,2200,2176,2168,2186,2191,2206,2170,2191,2116,2203,2188
HG00117	ASB1	1607,1582,1154,1148,1161,1593,1598,1597,1604,1589,1147,1155,1605,1147,1604,1157,1530,1579,1597,1155
HG00111	CLASP1	2218,2188,2199,2147,2196,2179,2192,2204,2204,2174,2163,2210,2171,2216,2204,2192,2198,2189,2203,2197,2200
HG00152	ASB1	1150,1152,1166,1134,1134,1158,1157,1150,1138,1159,1165,1158,1147,1150,919,1132,1147,1146,1168,1158,1161,1152,1156,1150,1154,1149,1161,1157,1161,1157,1145,1161,1155,1134,1163,1151,1151,1156,1170,1165,1132,1128,1156
HG00120	CLASP1	2178,2176,2202,2177,2347,2366,2367,2332,2200,2202,2216,2186,2340,2152,2175,2108,2196,2141,2370,2361,2177,2173
HG00158	CLASP1	2192,1956,2212,2170,2223,2239,2259,2177,2243,2199,2194,1815,2639
HG00148	CLASP1	2176,2177,2195,2204,2204,2160,2143,2194,2184,2139,2182,2169
HG00284	CLASP1	2178,2193,2199,2157,1691,2182,2190,2187,2187,2186,2184,2188,1926,2187,2201,2175
HG00125	CLASP1	2202,2192,2162,2199,2164,2198,2162,2192,2197,2185,2166,2209,2167,2184,2174,2187,2171,2203,2193,2197,1983,2204,2196,2161,2192,2206,2200,2181,2200,2159,2186,2179,2203,2129,2184
HG00141	ASB1	1591,1343,1607,1591,1600,1587,1583,1576,1595,1611,1599,1152,1613,1167,1152,1159,1580,1601,1602,1165,1155,1159,1592,1594,1592,1136,1607,1582,1610,1160,1150,1143,1599,1592,1605,1138,1162,1151,1140,1474,1158,1136
HG00269	CLASP1	2196,2202,2197,2187,2203,2189,2197,2165,2193,2157,2190,2203,2207,2188,2178,2195,2197,2202,2188,5511
HG00273	CLASP1	2199,2194,2207,2199,2171,2196,2219,2194,2128,2190
HG00128	CLASP1	2380,2198,2117,2354,2190,2135,2110,2018,2186,2376,2355
HG00129	CLASP1	2190,2211,2204,2186,2198,2207,2121,2204,2191,2203,2184,2201,2164,2202
HG00252	CLASP1	2217,2183,2205,2194,2205,2186,2184,2205,2200,2184,2193,2181,2125,2156,2198,2141,2163,2186,2257,2201,2193,2160,2196,2191,2020,2180,2150,2155,2173,2189,2197,2177
HG00255	CLASP1	2340,2207,2169,2343,1706,2357,2209,2185,2208,2271,8831,2332,2332,2357,2362,2339
HG00139	CLASP1	2193,2227,2195,1719,2203,2192,2193,2187,2177,2175,2228,2194,2182,2024,2141,2180,2197,2184,2204,2188,2189
HG00130	CLASP1	2361,2324,2363,2294,2199,2363,2181,2108,2354,2377,2208,2206,2189,2359,2181,2359,2204,2363,2357,2329,2182
HG00131	CLASP1	2226,2147,2128,2189,2181,2175,2124,2178,2199,2183,2175,2179,2174,2143,2201,2187,2135,2198,2192,2181,2159,1840,2177,2194,2208,2185,2195,2196,2191,2191,2190,2138,2148,2200
HG00254	ASB1	1599,1611,1158,1170,1162,1604,1573,1168,1163,1597,961,1586,1601,1161,1159,1607,1139,1425,1165,1600,1162,1576,1607,1156,1590,1600,1188,1593,1587,1094,1163,1178,1161,1647,1601,1603,1595,1154,1597,1157,1611,1601,1587,1156,1595,1130,1150,654,1588
HG00268	CLASP1	2205,2198,2212,2202,2196,2189,2206,2117,2208,2158,2179,2216,2187,2199,2142,2176,2139,2208,2170,2196,2157,2197,2184,2199,2187,2192,2207,2194,2180,1543,2191,2185,2194,2157,2170,2171,2176,2199
HG00173	CLASP1	2207,2192,2201,2205,2207,2074,2187,2192,2196,2187,2186,2183,2212,2201,2203,2170,2200,2200,2193,2118,2183,2204,2192,2196,2201,2155
HG00190	CLASP1	2357,2196,2349,2350,2093,2205,1797,2272,2334,2207,2201,2339,2351,2318,2188
HG00117	CLASP1	2109,2172,2185,2188,2157,2194,2196,2181,2213,2193,2170,2175,2176,2194
HG00159	CLASP1	2140,2200,2106,2185,2195,2194,2177,2207,2166,2205,2109,2148,2196,2189,2178
HG00107	FOCAD1	2152,2139,2152,2140,2149,2042,2070,2126,2143
HG00103	FOCAD1	2543,2145,2150,2145,2514,2046,2600,1912,2082,2532,2545,2151,2556
HG00100	FOCAD1	2516,2535,2552,2535,2531,2533,2529,2513,2489,2530,2388,2542,2441,2515,2530,2564,2548,2525,2440,2550
HG00096	FOCAD1	2101,1458,1883,2164,2137,2033,2020,2140,2011,2161,2179,2162,2155,2107,2150,2158,2156,2148,2128
HG00098	FOCAD1	2129,2157,2136,2096,2155,2145,2142,2149,2155,2149,2130,2146,2145
HG00101	FOCAD1	2276,2535,2165,1803,2170,2148,2557
HG00242	CLASP1	2194,2193,1986,2200,2182,2205,2214,2198,2216,2195,2180,2194,2201,2147,2182,2152,2188,2166
HG00106	FOCAD1	2136,2162,2165,2134,2172,2169,2146,2146,2153,2217,2059,2149
HG00099	FOCAD1	2527,2127,2145,2518,2312,2520,2151,2169,2152,2516,2135
HG00138	CLASP1	2197,2342,2200,2301,2351,2161,2182,1954,2338,2100,2084,2182,2167,2200,2198,2201,2219,2335,2208,2210,2182,2195,2187,1908,2127,2208,2214,2203,2119,2112
HG00247	CLASP1	2176,2195,2205,2154,2196,2126,2116,2197,1315
HG00243	CLASP1	2304,2356,2349,2150,2107,2136,2197,2321,2315,2197,2353,2316,2188,2317,2356,2147,2332,2337,2195,2342,2170,2331,1755,2188,2339,2199,2099,2196,2206,2183,2354,2370,2340,2176,2180,2337,2303,2142,2338,2358,2188,2192,2158,2205,2351,2200,2189
HG00684	ASB1	1156,1172,1148,1168,1158,1142,1152,1160,1152,1157,1133,1157,1159,1156,1125,1156,1158,1161,1130
HG00235	CLASP1	2209,2175,2192,2190,2189,2194,2139,2202,2168,1804,2124,2185,2190,2087,2195,2190,2186,2180,2187,2160,2204,2188,2200,2195,2194,2199,2182,2186,2190,2162,2205,2172,2205,2106,2197,2199,2194,2191,2179,2209,2080
HG00271	CLASP1	2349,2085,2333,2363,2341,2196,2155,2189,2197,2247,2360,2358,2362,2207,2350,2034
HG00258	CLASP1	2176,2193,2207,2191,2193,2214,2209,2184,2189,2203,2175,2199,2074,2207,1835,2208,2175,2186,2201,2190,2150,2198,2183,2146,2196,1962,2190,2217,2143,2184
HG00133	CLASP1	2081,2184,2262,2215,2180,2347,2305,2192,2342,2144,2174,2199,2333,2354,2338,2315,2351,2179,2165,2205,2217,2178,2206,2138,2188,2175,2195,2211,2325,2319,2333,2170,2189,2177,2145,2203,2304,2345,2172,2198,2050
HG00254	CLASP1	2126,2193,2198,2201,2087,2197,2151,2144,2209,2123,2192,2138,2118,2193,2200,2203,2187,2205,2190,2160,2193,2196,2230,1814,1867,2205
HG00099	ASB1	1603,1606,1560,1478,1598,1567,1585,1594,1608,1594,1581,1641,1569,1591,1598,1585
HG00261	CLASP1	2195,2361,2197,1815,2202,2195,2367,2362,2301,2203,2097,2193,2361,2172,2213,2195,2304,2198,2142,2109,2371,2169,2196,2196,2345
HG00101	ASB1	1310,1166,1167,1147,2479,1144,1154,2489,1143,2445,1158,2472,2476
HG00106	ASB1	1599,1595,1602,1156,1598,1589,1158,1617,1124,1166
HG00684	CLASP1	2099,2183,2154,2208,2218,2220,2189,2182,2014,2209,2324,2349,2345,2192
HG00098	ASB1	1158,1604,1579,1598,1602,1153,1148,1589,1191
HG00141	CLASP1	2205,2111,2198,2214,2207,2134,2183,2196,2146,2165,2194,1993,2190,2164,2175,2194,2137,2191,2196,2196,2178,2173,2213,2192,2200,2207,2199,2188,2186,2092,2200,2171,2120,2201,2040,2186,2191,2171,2157,2200,1189,1779,2184,2164,2038,2189,2201,2172,2184,2176,2210,2178
HG00103	ASB1	1611,1599,1343,1572,1598,1319
HG00152	CLASP1	2192,2203,2030,2189,2203,2171,2120,2194,2198,2160,2198,2176,2210,2202,2206,2188,2100,2184,2201,2201,2199,2199,2211,2196,2200,2189,1455,2194,2179,2176,2183,2164,2198,2203,2095,2174,2198,2185,2174
HG00100	ASB1	1590,966,1160,1159,1601,1145,1146,1582,1580,1598,1583,1564,1156
HG00096	ASB1	1597,1599,1552,1607,1600,1542,1586,1602,1607,1588,1562,1596,1450,1292,1381,1594,1597,1585,1589,1567,1601,1577,1601,1607,932,118
HG00107	ASB1	1597,1345,1604,1591,1609,1585,1607,1600,1162,1154,1599,1159
HG00101	CLASP1	2183,2204,2198,2207,2209,2195,2208,2191,2192,2172,2086,2164,2198
HG00106	CLASP1	2202,2210,2213,2200,2194,2199,2196,2215,2201,2188,2187,2190,2209,2223
HG00100	CLASP1	2206,2192,2086,2193,2201,2201,2201,2180,2192
HG00099	CLASP1	2196,2214,2196,2187,2158,1962,2147,2145,2230,2147,2196,1715,2184,2169,2197
HG00098	CLASP1	2188,2215,2208,2200,2202,1794,2132,2212,2189,2200,2169
HG00103	CLASP1	2186,2196,2194,2193,2191,2202,2133,2215,2187,2206,1727,2134,2194,2190
HG00096	CLASP1	2199,2197,2070,2126,2178,2176,2163,2201,2161,2196,2171,2159
HG00107	CLASP1	2240,2209,2170,2368,2197,2195,2363,2365,2348,2363,2372
HG00566	ASB1	1425,1415,2477,1357,1440,1356,1434,2479,2450,2469,2483,1434,1366,1407,2476,1442,2470,1433,2463,2348,1445,2443,1420,2469,733
HG00565	ASB1	1163,1155,1161,1147,1153,1161,1143,1152,1151,1151,1167,1150,1153,1159,1145,1153,1177,1149,1151,1153,1137,1156,1160,1159
HG00149	ASB1	1156,1157,1152,1161,1138,1157,1153,1164,1160,1138,1161,1188,1147,1145,1157,1155,1152,1160,1152,1122,1104,1156,1175,1170,1164,1149,1119,1162,1151,1144,1253,1154,1148,1157,1172,1162,1151,1123,1041,1161,1161,1149,1100,1157,1158,1089,1159,1156,1163,1158,1151
HG00566	CLASP1	2195,2344,2336,2358,2161,2203,2349,2205,2189,2154,2351,2345,2184,2206,2329,2010,2344,2195,2201,2194,2327,2165,2349,2127,2326,2348,2179,2360,2178,2192
HG00565	CLASP1	2186,2192,2348,2331,2191,2352,2173,2199,2179,-16127,2352,2198,2199,2210,2195,1747,2331,2206,2199,2163,2325,2094,2337,2266,2201
HG00149	CLASP1	1928,2189,2201,1851,2084,1913,2205,2202,2202,2180,2194,2194,2194,2208,2198,2184,2176,1836,2214,2184,2205,2191,2195,2170,2117,2202,2189,2183,2202,2205,2201,2139,2194,1992,2183,1487,2124,2187,2135,2184,2079,2203,2234,2195,2178,2199,2193,2202,2173,2169,2204,2173,2205,2183,2198,2029,2185,2183,2186
NA19749	ASB1	918,901,918,1610,906,862,1598,926
NA19749	CLASP1	2163,2144,2197,2204,2210,2213,2182,2197,2167,2206,2206,2182,2131,2071,2204
NA20359	ASB1	1300,1309,1310,1308,1290,2471,2461,1318,2465
NA20359	CLASP1	2365,2094,2201,2376,2364,2346,2186,2347,2374,2370,2367,2201,2193
